collection_id,collection_date,centre_id,farmer_id,litres,fat_pct
COL-0901-CC01-000,2026-09-01,CC01,F01000,55.5,3.98
COL-0901-CC01-001,2026-09-01,CC01,F01001,22.2,3.27
COL-0901-CC01-002,2026-09-01,CC01,F01002,22.0,3.9
COL-0901-CC01-003,2026-09-01,CC01,F01003,28.5,3.72
COL-0901-CC01-004,2026-09-01,CC01,F01004,9.2,4.03
COL-0901-CC01-005,2026-09-01,CC01,F01005,27.9,3.67
COL-0901-CC01-006,2026-09-01,CC01,F01006,27.3,3.79
COL-0901-CC01-007,2026-09-01,CC01,F01007,37.0,3.9
COL-0901-CC01-008,2026-09-01,CC01,F01008,26.3,3.54
COL-0901-CC01-009,2026-09-01,CC01,F01009,41.1,3.98
COL-0901-CC01-010,2026-09-01,CC01,F01010,11.7,3.77
COL-0901-CC01-011,2026-09-01,CC01,F01011,20.2,3.95
COL-0901-CC01-012,2026-09-01,CC01,F01012,18.5,3.64
COL-0901-CC01-013,2026-09-01,CC01,F01013,14.6,4.13
COL-0901-CC01-014,2026-09-01,CC01,F01014,29.9,3.98
COL-0901-CC01-015,2026-09-01,CC01,F01015,25.9,3.75
COL-0901-CC01-016,2026-09-01,CC01,F01016,35.6,3.99
COL-0901-CC01-017,2026-09-01,CC01,F01017,25.0,4.18
COL-0901-CC01-018,2026-09-01,CC01,F01018,48.4,4.34
COL-0901-CC01-019,2026-09-01,CC01,F01019,18.6,3.33
COL-0901-CC01-020,2026-09-01,CC01,F01020,33.3,4.06
COL-0901-CC01-021,2026-09-01,CC01,F01021,13.7,3.94
COL-0901-CC01-022,2026-09-01,CC01,F01022,18.3,3.77
COL-0901-CC01-023,2026-09-01,CC01,F01023,31.3,3.5
COL-0901-CC01-024,2026-09-01,CC01,F01024,19.4,4.18
COL-0901-CC01-025,2026-09-01,CC01,F01025,43.8,3.42
COL-0901-CC01-026,2026-09-01,CC01,F01026,35.9,3.97
COL-0901-CC01-027,2026-09-01,CC01,F01027,13.3,4.19
COL-0901-CC02-000,2026-09-01,CC02,F02000,33.2,3.64
COL-0901-CC02-001,2026-09-01,CC02,F02001,72.5,3.77
COL-0901-CC02-002,2026-09-01,CC02,F02002,21.4,3.88
COL-0901-CC02-003,2026-09-01,CC02,F02003,60.8,3.7
COL-0901-CC02-004,2026-09-01,CC02,F02004,19.3,3.22
COL-0901-CC02-005,2026-09-01,CC02,F02005,29.1,3.78
COL-0901-CC02-006,2026-09-01,CC02,F02006,19.5,3.87
COL-0901-CC02-007,2026-09-01,CC02,F02007,34.3,4.13
COL-0901-CC02-008,2026-09-01,CC02,F02008,26.1,3.97
COL-0901-CC02-009,2026-09-01,CC02,F02009,22.5,3.61
COL-0901-CC02-010,2026-09-01,CC02,F02010,26.5,3.58
COL-0901-CC02-011,2026-09-01,CC02,F02011,54.9,4.4
COL-0901-CC02-012,2026-09-01,CC02,F02012,74.9,4.03
COL-0901-CC02-013,2026-09-01,CC02,F02013,22.8,4.35
COL-0901-CC02-014,2026-09-01,CC02,F02014,54.6,4.44
COL-0901-CC02-015,2026-09-01,CC02,F02015,18.5,3.55
COL-0901-CC02-016,2026-09-01,CC02,F02016,39.4,3.92
COL-0901-CC02-017,2026-09-01,CC02,F02017,25.4,3.94
COL-0901-CC02-018,2026-09-01,CC02,F02018,32.4,3.97
COL-0901-CC02-019,2026-09-01,CC02,F02019,29.7,3.96
COL-0901-CC02-020,2026-09-01,CC02,F02020,23.4,3.86
COL-0901-CC02-021,2026-09-01,CC02,F02021,7.3,3.85
COL-0901-CC02-022,2026-09-01,CC02,F02022,43.3,3.35
COL-0901-CC02-023,2026-09-01,CC02,F02023,39.1,3.75
COL-0901-CC02-024,2026-09-01,CC02,F02024,54.6,3.58
COL-0901-CC02-025,2026-09-01,CC02,F02025,47.8,3.84
COL-0901-CC02-026,2026-09-01,CC02,F02026,19.9,3.66
COL-0901-CC02-027,2026-09-01,CC02,F02027,22.5,3.99
COL-0901-CC03-000,2026-09-01,CC03,F03000,23.0,3.18
COL-0901-CC03-001,2026-09-01,CC03,F03001,22.4,3.61
COL-0901-CC03-002,2026-09-01,CC03,F03002,27.6,3.98
COL-0901-CC03-003,2026-09-01,CC03,F03003,29.6,4.18
COL-0901-CC03-004,2026-09-01,CC03,F03004,13.3,3.91
COL-0901-CC03-005,2026-09-01,CC03,F03005,19.1,3.63
COL-0901-CC03-006,2026-09-01,CC03,F03006,26.4,4.26
COL-0901-CC03-007,2026-09-01,CC03,F03007,34.0,3.43
COL-0901-CC03-008,2026-09-01,CC03,F03008,15.8,3.95
COL-0901-CC03-009,2026-09-01,CC03,F03009,54.4,3.8
COL-0901-CC03-010,2026-09-01,CC03,F03010,14.8,3.44
COL-0901-CC03-011,2026-09-01,CC03,F03011,11.4,4.17
COL-0901-CC03-012,2026-09-01,CC03,F03012,11.6,3.9
COL-0901-CC03-013,2026-09-01,CC03,F03013,38.5,3.45
COL-0901-CC03-014,2026-09-01,CC03,F03014,34.2,3.98
COL-0901-CC03-015,2026-09-01,CC03,F03015,37.1,3.67
COL-0901-CC03-016,2026-09-01,CC03,F03016,46.4,3.23
COL-0901-CC03-017,2026-09-01,CC03,F03017,34.8,3.59
COL-0901-CC03-018,2026-09-01,CC03,F03018,40.1,3.88
COL-0901-CC03-019,2026-09-01,CC03,F03019,43.2,3.99
COL-0901-CC03-020,2026-09-01,CC03,F03020,15.6,3.85
COL-0901-CC03-021,2026-09-01,CC03,F03021,63.7,3.81
COL-0901-CC03-022,2026-09-01,CC03,F03022,22.1,3.94
COL-0901-CC03-023,2026-09-01,CC03,F03023,22.9,3.74
COL-0901-CC03-024,2026-09-01,CC03,F03024,30.7,4.15
COL-0901-CC03-025,2026-09-01,CC03,F03025,32.4,3.84
COL-0901-CC03-026,2026-09-01,CC03,F03026,19.9,3.89
COL-0901-CC03-027,2026-09-01,CC03,F03027,11.7,3.96
COL-0901-CC03-028,2026-09-01,CC03,F03028,43.9,3.48
COL-0901-CC03-029,2026-09-01,CC03,F03029,28.9,3.59
COL-0901-CC03-030,2026-09-01,CC03,F03030,25.5,4.26
COL-0901-CC03-031,2026-09-01,CC03,F03031,31.7,3.9
COL-0901-CC03-032,2026-09-01,CC03,F03032,23.2,3.72
COL-0901-CC03-033,2026-09-01,CC03,F03033,39.0,3.9
COL-0901-CC03-034,2026-09-01,CC03,F03034,12.0,3.66
COL-0901-CC03-035,2026-09-01,CC03,F03035,26.2,3.88
COL-0901-CC03-036,2026-09-01,CC03,F03036,47.2,3.6
COL-0901-CC03-037,2026-09-01,CC03,F03037,23.4,3.88
COL-0901-CC03-038,2026-09-01,CC03,F03038,46.2,3.33
COL-0901-CC03-039,2026-09-01,CC03,F03039,48.5,4.2
COL-0901-CC03-040,2026-09-01,CC03,F03040,42.2,3.65
COL-0901-CC03-041,2026-09-01,CC03,F03041,43.4,3.33
COL-0901-CC04-000,2026-09-01,CC04,F04000,15.1,3.62
COL-0901-CC04-001,2026-09-01,CC04,F04001,127.2,3.77
COL-0901-CC04-002,2026-09-01,CC04,F04002,34.8,4.28
COL-0901-CC04-003,2026-09-01,CC04,F04003,32.4,3.09
COL-0901-CC04-004,2026-09-01,CC04,F04004,15.0,3.93
COL-0901-CC04-005,2026-09-01,CC04,F04005,28.7,3.64
COL-0901-CC04-006,2026-09-01,CC04,F04006,20.6,3.93
COL-0901-CC04-007,2026-09-01,CC04,F04007,32.1,3.65
COL-0901-CC04-008,2026-09-01,CC04,F04008,19.1,3.91
COL-0901-CC04-009,2026-09-01,CC04,F04009,28.8,4.27
COL-0901-CC04-010,2026-09-01,CC04,F04010,44.3,3.91
COL-0901-CC04-011,2026-09-01,CC04,F04011,19.2,3.93
COL-0901-CC04-012,2026-09-01,CC04,F04012,4.0,3.91
COL-0901-CC04-013,2026-09-01,CC04,F04013,17.9,3.57
COL-0901-CC04-014,2026-09-01,CC04,F04014,26.8,3.96
COL-0901-CC04-015,2026-09-01,CC04,F04015,46.0,3.74
COL-0901-CC04-016,2026-09-01,CC04,F04016,32.3,3.56
COL-0901-CC04-017,2026-09-01,CC04,F04017,34.9,3.79
COL-0901-CC04-018,2026-09-01,CC04,F04018,38.3,3.73
COL-0901-CC04-019,2026-09-01,CC04,F04019,53.5,4.03
COL-0901-CC04-020,2026-09-01,CC04,F04020,28.2,3.79
COL-0901-CC04-021,2026-09-01,CC04,F04021,21.5,3.64
COL-0901-CC04-022,2026-09-01,CC04,F04022,4.0,4.24
COL-0901-CC04-023,2026-09-01,CC04,F04023,38.9,4.1
COL-0901-CC04-024,2026-09-01,CC04,F04024,48.5,4.18
COL-0901-CC04-025,2026-09-01,CC04,F04025,35.4,3.98
COL-0901-CC04-026,2026-09-01,CC04,F04026,25.9,3.77
COL-0901-CC04-027,2026-09-01,CC04,F04027,61.5,3.67
COL-0901-CC04-028,2026-09-01,CC04,F04028,57.0,3.72
COL-0901-CC04-029,2026-09-01,CC04,F04029,6.9,4.08
COL-0901-CC04-030,2026-09-01,CC04,F04030,29.8,3.83
COL-0901-CC04-031,2026-09-01,CC04,F04031,27.4,3.36
COL-0901-CC04-032,2026-09-01,CC04,F04032,11.8,3.79
COL-0901-CC04-033,2026-09-01,CC04,F04033,23.0,3.38
COL-0901-CC04-034,2026-09-01,CC04,F04034,36.9,3.85
COL-0901-CC04-035,2026-09-01,CC04,F04035,34.5,3.44
COL-0901-CC04-036,2026-09-01,CC04,F04036,42.6,3.42
COL-0901-CC04-037,2026-09-01,CC04,F04037,21.7,3.84
COL-0901-CC04-038,2026-09-01,CC04,F04038,65.0,3.78
COL-0901-CC04-039,2026-09-01,CC04,F04039,47.3,3.3
COL-0901-CC04-040,2026-09-01,CC04,F04040,21.5,4.02
COL-0901-CC04-041,2026-09-01,CC04,F04041,31.2,4.45
COL-0901-CC04-042,2026-09-01,CC04,F04042,39.8,3.36
COL-0901-CC05-000,2026-09-01,CC05,F05000,12.3,3.94
COL-0901-CC05-001,2026-09-01,CC05,F05001,37.5,3.79
COL-0901-CC05-002,2026-09-01,CC05,F05002,25.3,4.04
COL-0901-CC05-003,2026-09-01,CC05,F05003,24.3,3.42
COL-0901-CC05-004,2026-09-01,CC05,F05004,10.1,4.23
COL-0901-CC05-005,2026-09-01,CC05,F05005,31.6,3.57
COL-0901-CC05-006,2026-09-01,CC05,F05006,55.2,3.75
COL-0901-CC05-007,2026-09-01,CC05,F05007,19.4,3.39
COL-0901-CC05-008,2026-09-01,CC05,F05008,24.1,3.98
COL-0901-CC05-009,2026-09-01,CC05,F05009,49.2,4.18
COL-0901-CC05-010,2026-09-01,CC05,F05010,33.6,4.12
COL-0901-CC05-011,2026-09-01,CC05,F05011,39.0,4.05
COL-0901-CC05-012,2026-09-01,CC05,F05012,29.1,3.33
COL-0901-CC05-013,2026-09-01,CC05,F05013,83.3,3.57
COL-0901-CC05-014,2026-09-01,CC05,F05014,31.6,3.66
COL-0901-CC05-015,2026-09-01,CC05,F05015,5.2,3.52
COL-0901-CC05-016,2026-09-01,CC05,F05016,62.0,4.14
COL-0901-CC05-017,2026-09-01,CC05,F05017,41.1,3.86
COL-0901-CC05-018,2026-09-01,CC05,F05018,11.4,3.79
COL-0901-CC05-019,2026-09-01,CC05,F05019,55.4,3.95
COL-0901-CC05-020,2026-09-01,CC05,F05020,28.4,3.51
COL-0901-CC05-021,2026-09-01,CC05,F05021,11.5,3.53
COL-0901-CC05-022,2026-09-01,CC05,F05022,48.6,3.54
COL-0901-CC05-023,2026-09-01,CC05,F05023,47.3,3.95
COL-0901-CC05-024,2026-09-01,CC05,F05024,7.6,3.9
COL-0901-CC05-025,2026-09-01,CC05,F05025,16.8,3.97
COL-0901-CC05-026,2026-09-01,CC05,F05026,14.8,4.12
COL-0901-CC05-027,2026-09-01,CC05,F05027,19.4,3.39
COL-0901-CC05-028,2026-09-01,CC05,F05028,21.1,3.63
COL-0901-CC05-029,2026-09-01,CC05,F05029,51.6,3.84
COL-0901-CC05-030,2026-09-01,CC05,F05030,23.7,3.4
COL-0901-CC05-031,2026-09-01,CC05,F05031,50.9,3.64
COL-0901-CC05-032,2026-09-01,CC05,F05032,24.6,4.1
COL-0901-CC05-033,2026-09-01,CC05,F05033,16.2,4.13
COL-0901-CC05-034,2026-09-01,CC05,F05034,18.4,4.12
COL-0901-CC05-035,2026-09-01,CC05,F05035,34.1,3.81
COL-0901-CC05-036,2026-09-01,CC05,F05036,42.1,3.74
COL-0901-CC05-037,2026-09-01,CC05,F05037,32.1,4.12
COL-0901-CC05-038,2026-09-01,CC05,F05038,25.1,3.69
COL-0901-CC06-000,2026-09-01,CC06,F06000,20.9,4.48
COL-0901-CC06-001,2026-09-01,CC06,F06001,39.5,3.65
COL-0901-CC06-002,2026-09-01,CC06,F06002,31.8,3.89
COL-0901-CC06-003,2026-09-01,CC06,F06003,11.0,4.24
COL-0901-CC06-004,2026-09-01,CC06,F06004,31.9,3.18
COL-0901-CC06-005,2026-09-01,CC06,F06005,13.2,3.28
COL-0901-CC06-006,2026-09-01,CC06,F06006,17.4,3.44
COL-0901-CC06-007,2026-09-01,CC06,F06007,16.3,3.77
COL-0901-CC06-008,2026-09-01,CC06,F06008,63.7,4.53
COL-0901-CC06-009,2026-09-01,CC06,F06009,53.5,3.92
COL-0901-CC06-010,2026-09-01,CC06,F06010,15.3,4.16
COL-0901-CC06-011,2026-09-01,CC06,F06011,16.7,3.73
COL-0901-CC06-012,2026-09-01,CC06,F06012,15.0,3.06
COL-0901-CC06-013,2026-09-01,CC06,F06013,39.1,3.11
COL-0901-CC06-014,2026-09-01,CC06,F06014,43.1,4.11
COL-0901-CC06-015,2026-09-01,CC06,F06015,18.8,3.86
COL-0901-CC06-016,2026-09-01,CC06,F06016,9.5,3.41
COL-0901-CC06-017,2026-09-01,CC06,F06017,10.5,4.14
COL-0901-CC06-018,2026-09-01,CC06,F06018,9.6,3.34
COL-0901-CC06-019,2026-09-01,CC06,F06019,35.8,4.14
COL-0901-CC06-020,2026-09-01,CC06,F06020,21.1,4.24
COL-0901-CC06-021,2026-09-01,CC06,F06021,31.1,3.57
COL-0901-CC06-022,2026-09-01,CC06,F06022,39.8,3.47
COL-0901-CC06-023,2026-09-01,CC06,F06023,14.2,4.05
COL-0901-CC06-024,2026-09-01,CC06,F06024,34.9,3.47
COL-0901-CC06-025,2026-09-01,CC06,F06025,61.7,4.06
COL-0901-CC06-026,2026-09-01,CC06,F06026,17.0,3.44
COL-0901-CC06-027,2026-09-01,CC06,F06027,30.2,4.04
COL-0901-CC06-028,2026-09-01,CC06,F06028,58.9,3.83
COL-0901-CC06-029,2026-09-01,CC06,F06029,34.6,3.67
COL-0901-CC06-030,2026-09-01,CC06,F06030,53.8,3.53
COL-0901-CC06-031,2026-09-01,CC06,F06031,12.7,3.87
COL-0901-CC06-032,2026-09-01,CC06,F06032,50.2,3.23
COL-0901-CC06-033,2026-09-01,CC06,F06033,31.7,3.72
COL-0901-CC06-034,2026-09-01,CC06,F06034,26.6,3.68
COL-0901-CC06-035,2026-09-01,CC06,F06035,62.1,4.0
COL-0901-CC06-036,2026-09-01,CC06,F06036,27.5,3.42
COL-0901-CC06-037,2026-09-01,CC06,F06037,52.0,4.31
COL-0901-CC06-038,2026-09-01,CC06,F06038,28.8,3.71
COL-0901-CC06-039,2026-09-01,CC06,F06039,38.2,3.46
COL-0901-CC06-040,2026-09-01,CC06,F06040,22.8,4.22
COL-0901-CC06-041,2026-09-01,CC06,F06041,24.0,4.3
COL-0901-CC06-042,2026-09-01,CC06,F06042,27.8,3.74
COL-0901-CC06-043,2026-09-01,CC06,F06043,28.9,3.53
COL-0901-CC07-000,2026-09-01,CC07,F07000,35.8,3.86
COL-0901-CC07-001,2026-09-01,CC07,F07001,35.0,3.25
COL-0901-CC07-002,2026-09-01,CC07,F07002,44.2,4.28
COL-0901-CC07-003,2026-09-01,CC07,F07003,24.0,3.56
COL-0901-CC07-004,2026-09-01,CC07,F07004,84.0,3.63
COL-0901-CC07-005,2026-09-01,CC07,F07005,26.6,4.2
COL-0901-CC07-006,2026-09-01,CC07,F07006,29.5,3.87
COL-0901-CC07-007,2026-09-01,CC07,F07007,40.9,3.81
COL-0901-CC07-008,2026-09-01,CC07,F07008,22.4,3.63
COL-0901-CC07-009,2026-09-01,CC07,F07009,27.4,3.33
COL-0901-CC07-010,2026-09-01,CC07,F07010,21.7,3.86
COL-0901-CC07-011,2026-09-01,CC07,F07011,51.1,4.16
COL-0901-CC07-012,2026-09-01,CC07,F07012,21.4,3.53
COL-0901-CC07-013,2026-09-01,CC07,F07013,21.6,4.21
COL-0901-CC07-014,2026-09-01,CC07,F07014,54.5,3.46
COL-0901-CC07-015,2026-09-01,CC07,F07015,12.5,3.58
COL-0901-CC07-016,2026-09-01,CC07,F07016,37.4,3.95
COL-0901-CC07-017,2026-09-01,CC07,F07017,46.8,3.8
COL-0901-CC07-018,2026-09-01,CC07,F07018,51.9,4.01
COL-0901-CC07-019,2026-09-01,CC07,F07019,16.0,3.58
COL-0901-CC07-020,2026-09-01,CC07,F07020,32.1,3.49
COL-0901-CC07-021,2026-09-01,CC07,F07021,24.7,3.24
COL-0901-CC07-022,2026-09-01,CC07,F07022,47.1,3.44
COL-0901-CC07-023,2026-09-01,CC07,F07023,30.6,3.48
COL-0901-CC07-024,2026-09-01,CC07,F07024,26.7,3.37
COL-0901-CC07-025,2026-09-01,CC07,F07025,12.2,3.89
COL-0901-CC07-026,2026-09-01,CC07,F07026,17.2,3.6
COL-0901-CC07-027,2026-09-01,CC07,F07027,21.0,3.2
COL-0901-CC07-028,2026-09-01,CC07,F07028,42.3,4.55
COL-0901-CC07-029,2026-09-01,CC07,F07029,20.2,3.55
COL-0901-CC07-030,2026-09-01,CC07,F07030,22.7,3.42
COL-0901-CC07-031,2026-09-01,CC07,F07031,31.3,4.17
COL-0901-CC07-032,2026-09-01,CC07,F07032,24.6,4.15
COL-0901-CC08-000,2026-09-01,CC08,F08000,50.3,3.88
COL-0901-CC08-001,2026-09-01,CC08,F08001,18.6,3.72
COL-0901-CC08-002,2026-09-01,CC08,F08002,51.9,4.44
COL-0901-CC08-003,2026-09-01,CC08,F08003,23.8,3.61
COL-0901-CC08-004,2026-09-01,CC08,F08004,76.8,3.88
COL-0901-CC08-005,2026-09-01,CC08,F08005,46.4,3.89
COL-0901-CC08-006,2026-09-01,CC08,F08006,40.6,3.99
COL-0901-CC08-007,2026-09-01,CC08,F08007,33.8,3.94
COL-0901-CC08-008,2026-09-01,CC08,F08008,13.4,3.93
COL-0901-CC08-009,2026-09-01,CC08,F08009,24.3,4.1
COL-0901-CC08-010,2026-09-01,CC08,F08010,41.4,3.35
COL-0901-CC08-011,2026-09-01,CC08,F08011,17.1,3.81
COL-0901-CC08-012,2026-09-01,CC08,F08012,27.5,3.43
COL-0901-CC08-013,2026-09-01,CC08,F08013,17.4,3.87
COL-0901-CC08-014,2026-09-01,CC08,F08014,37.7,3.45
COL-0901-CC08-015,2026-09-01,CC08,F08015,76.2,3.52
COL-0901-CC08-016,2026-09-01,CC08,F08016,26.5,3.79
COL-0901-CC08-017,2026-09-01,CC08,F08017,37.7,4.22
COL-0901-CC08-018,2026-09-01,CC08,F08018,22.1,3.98
COL-0901-CC08-019,2026-09-01,CC08,F08019,32.5,3.89
COL-0901-CC08-020,2026-09-01,CC08,F08020,15.3,4.22
COL-0901-CC08-021,2026-09-01,CC08,F08021,46.8,3.52
COL-0901-CC08-022,2026-09-01,CC08,F08022,37.6,3.18
COL-0901-CC08-023,2026-09-01,CC08,F08023,89.4,3.68
COL-0901-CC08-024,2026-09-01,CC08,F08024,48.4,3.72
COL-0901-CC08-025,2026-09-01,CC08,F08025,30.2,4.17
COL-0901-CC08-026,2026-09-01,CC08,F08026,48.4,4.45
COL-0901-CC08-027,2026-09-01,CC08,F08027,34.4,3.41
COL-0901-CC08-028,2026-09-01,CC08,F08028,30.7,4.55
COL-0901-CC08-029,2026-09-01,CC08,F08029,50.0,4.27
COL-0901-CC08-030,2026-09-01,CC08,F08030,10.1,4.06
COL-0901-CC08-031,2026-09-01,CC08,F08031,10.0,3.91
COL-0901-CC08-032,2026-09-01,CC08,F08032,29.7,4.53
COL-0901-CC08-033,2026-09-01,CC08,F08033,49.1,3.83
COL-0901-CC08-034,2026-09-01,CC08,F08034,33.7,3.66
COL-0901-CC08-035,2026-09-01,CC08,F08035,58.0,3.85
COL-0901-CC08-036,2026-09-01,CC08,F08036,33.2,3.39
COL-0901-CC08-037,2026-09-01,CC08,F08037,28.6,3.95
COL-0901-CC08-038,2026-09-01,CC08,F08038,48.3,3.77
COL-0901-CC08-039,2026-09-01,CC08,F08039,38.2,3.9
COL-0902-CC01-000,2026-09-02,CC01,F01000,45.4,3.42
COL-0902-CC01-001,2026-09-02,CC01,F01001,35.7,4.21
COL-0902-CC01-002,2026-09-02,CC01,F01002,30.2,2.96
COL-0902-CC01-003,2026-09-02,CC01,F01003,7.1,3.7
COL-0902-CC01-004,2026-09-02,CC01,F01004,30.6,4.06
COL-0902-CC01-005,2026-09-02,CC01,F01005,12.2,3.84
COL-0902-CC01-006,2026-09-02,CC01,F01006,18.1,4.03
COL-0902-CC01-007,2026-09-02,CC01,F01007,20.9,3.76
COL-0902-CC01-008,2026-09-02,CC01,F01008,44.7,4.52
COL-0902-CC01-009,2026-09-02,CC01,F01009,42.5,3.49
COL-0902-CC01-010,2026-09-02,CC01,F01010,30.8,3.39
COL-0902-CC01-011,2026-09-02,CC01,F01011,12.6,3.88
COL-0902-CC01-012,2026-09-02,CC01,F01012,30.9,4.23
COL-0902-CC01-013,2026-09-02,CC01,F01013,57.2,3.78
COL-0902-CC01-014,2026-09-02,CC01,F01014,44.8,4.11
COL-0902-CC01-015,2026-09-02,CC01,F01015,42.1,3.64
COL-0902-CC01-016,2026-09-02,CC01,F01016,24.0,3.44
COL-0902-CC01-017,2026-09-02,CC01,F01017,19.2,4.22
COL-0902-CC01-018,2026-09-02,CC01,F01018,36.1,4.27
COL-0902-CC01-019,2026-09-02,CC01,F01019,54.4,4.26
COL-0902-CC01-020,2026-09-02,CC01,F01020,26.8,3.67
COL-0902-CC01-021,2026-09-02,CC01,F01021,38.4,3.45
COL-0902-CC01-022,2026-09-02,CC01,F01022,55.8,3.45
COL-0902-CC01-023,2026-09-02,CC01,F01023,19.4,3.73
COL-0902-CC01-024,2026-09-02,CC01,F01024,25.8,3.97
COL-0902-CC01-025,2026-09-02,CC01,F01025,11.7,3.95
COL-0902-CC01-026,2026-09-02,CC01,F01026,17.2,3.37
COL-0902-CC01-027,2026-09-02,CC01,F01027,8.8,3.86
COL-0902-CC01-028,2026-09-02,CC01,F01028,27.3,3.81
COL-0902-CC01-029,2026-09-02,CC01,F01029,50.0,3.83
COL-0902-CC01-030,2026-09-02,CC01,F01030,38.1,3.79
COL-0902-CC01-031,2026-09-02,CC01,F01031,32.6,3.74
COL-0902-CC01-032,2026-09-02,CC01,F01032,37.9,3.98
COL-0902-CC01-033,2026-09-02,CC01,F01033,12.9,3.84
COL-0902-CC01-034,2026-09-02,CC01,F01034,16.5,3.87
COL-0902-CC01-035,2026-09-02,CC01,F01035,36.5,3.59
COL-0902-CC01-036,2026-09-02,CC01,F01036,20.9,3.92
COL-0902-CC01-037,2026-09-02,CC01,F01037,21.1,3.76
COL-0902-CC01-038,2026-09-02,CC01,F01038,26.9,3.17
COL-0902-CC01-039,2026-09-02,CC01,F01039,17.9,3.95
COL-0902-CC01-040,2026-09-02,CC01,F01040,30.5,3.72
COL-0902-CC01-041,2026-09-02,CC01,F01041,79.7,4.08
COL-0902-CC01-042,2026-09-02,CC01,F01042,31.3,3.75
COL-0902-CC01-043,2026-09-02,CC01,F01043,24.2,3.77
COL-0902-CC01-044,2026-09-02,CC01,F01044,39.0,3.86
COL-0902-CC01-045,2026-09-02,CC01,F01045,35.8,3.8
COL-0902-CC01-046,2026-09-02,CC01,F01046,8.9,3.67
COL-0902-CC01-047,2026-09-02,CC01,F01047,80.9,3.26
COL-0902-CC01-048,2026-09-02,CC01,F01048,28.5,4.35
COL-0902-CC02-000,2026-09-02,CC02,F02000,35.5,3.76
COL-0902-CC02-001,2026-09-02,CC02,F02001,42.8,3.72
COL-0902-CC02-002,2026-09-02,CC02,F02002,34.1,3.87
COL-0902-CC02-003,2026-09-02,CC02,F02003,16.4,3.67
COL-0902-CC02-004,2026-09-02,CC02,F02004,24.1,3.96
COL-0902-CC02-005,2026-09-02,CC02,F02005,34.0,3.22
COL-0902-CC02-006,2026-09-02,CC02,F02006,19.7,3.72
COL-0902-CC02-007,2026-09-02,CC02,F02007,41.9,3.29
COL-0902-CC02-008,2026-09-02,CC02,F02008,70.7,3.66
COL-0902-CC02-009,2026-09-02,CC02,F02009,33.0,3.96
COL-0902-CC02-010,2026-09-02,CC02,F02010,32.8,3.81
COL-0902-CC02-011,2026-09-02,CC02,F02011,13.0,3.77
COL-0902-CC02-012,2026-09-02,CC02,F02012,26.7,3.82
COL-0902-CC02-013,2026-09-02,CC02,F02013,23.2,4.27
COL-0902-CC02-014,2026-09-02,CC02,F02014,41.3,3.47
COL-0902-CC02-015,2026-09-02,CC02,F02015,21.0,4.07
COL-0902-CC02-016,2026-09-02,CC02,F02016,25.2,3.35
COL-0902-CC02-017,2026-09-02,CC02,F02017,24.4,3.66
COL-0902-CC02-018,2026-09-02,CC02,F02018,46.7,3.85
COL-0902-CC02-019,2026-09-02,CC02,F02019,16.7,3.54
COL-0902-CC02-020,2026-09-02,CC02,F02020,20.4,3.86
COL-0902-CC02-021,2026-09-02,CC02,F02021,14.8,4.02
COL-0902-CC02-022,2026-09-02,CC02,F02022,41.3,3.44
COL-0902-CC02-023,2026-09-02,CC02,F02023,17.4,3.78
COL-0902-CC02-024,2026-09-02,CC02,F02024,31.3,3.69
COL-0902-CC02-025,2026-09-02,CC02,F02025,44.1,3.22
COL-0902-CC02-026,2026-09-02,CC02,F02026,13.4,3.74
COL-0902-CC02-027,2026-09-02,CC02,F02027,34.1,3.56
COL-0902-CC02-028,2026-09-02,CC02,F02028,34.3,4.2
COL-0902-CC02-029,2026-09-02,CC02,F02029,24.7,3.54
COL-0902-CC02-030,2026-09-02,CC02,F02030,48.2,4.31
COL-0902-CC02-031,2026-09-02,CC02,F02031,2.8,3.64
COL-0902-CC02-032,2026-09-02,CC02,F02032,35.1,4.38
COL-0902-CC02-033,2026-09-02,CC02,F02033,41.6,3.96
COL-0902-CC02-034,2026-09-02,CC02,F02034,57.0,3.94
COL-0902-CC02-035,2026-09-02,CC02,F02035,46.3,4.04
COL-0902-CC02-036,2026-09-02,CC02,F02036,44.3,4.07
COL-0902-CC02-037,2026-09-02,CC02,F02037,22.0,4.22
COL-0902-CC02-038,2026-09-02,CC02,F02038,36.2,4.32
COL-0902-CC03-000,2026-09-02,CC03,F03000,42.6,3.35
COL-0902-CC03-001,2026-09-02,CC03,F03001,31.1,3.77
COL-0902-CC03-002,2026-09-02,CC03,F03002,20.6,3.53
COL-0902-CC03-003,2026-09-02,CC03,F03003,35.7,4.44
COL-0902-CC03-004,2026-09-02,CC03,F03004,42.0,3.77
COL-0902-CC03-005,2026-09-02,CC03,F03005,27.0,3.73
COL-0902-CC03-006,2026-09-02,CC03,F03006,24.0,3.68
COL-0902-CC03-007,2026-09-02,CC03,F03007,15.0,4.36
COL-0902-CC03-008,2026-09-02,CC03,F03008,15.6,3.51
COL-0902-CC03-009,2026-09-02,CC03,F03009,23.3,3.75
COL-0902-CC03-010,2026-09-02,CC03,F03010,21.6,3.56
COL-0902-CC03-011,2026-09-02,CC03,F03011,5.5,3.76
COL-0902-CC03-012,2026-09-02,CC03,F03012,34.2,3.78
COL-0902-CC03-013,2026-09-02,CC03,F03013,29.3,4.12
COL-0902-CC03-014,2026-09-02,CC03,F03014,28.7,3.37
COL-0902-CC03-015,2026-09-02,CC03,F03015,37.3,3.79
COL-0902-CC03-016,2026-09-02,CC03,F03016,19.7,4.28
COL-0902-CC03-017,2026-09-02,CC03,F03017,22.9,3.64
COL-0902-CC03-018,2026-09-02,CC03,F03018,41.3,3.74
COL-0902-CC03-019,2026-09-02,CC03,F03019,12.2,3.53
COL-0902-CC03-020,2026-09-02,CC03,F03020,39.6,3.01
COL-0902-CC03-021,2026-09-02,CC03,F03021,17.6,3.76
COL-0902-CC03-022,2026-09-02,CC03,F03022,44.1,4.15
COL-0902-CC03-023,2026-09-02,CC03,F03023,6.6,3.65
COL-0902-CC03-024,2026-09-02,CC03,F03024,73.6,3.24
COL-0902-CC03-025,2026-09-02,CC03,F03025,21.4,3.87
COL-0902-CC03-026,2026-09-02,CC03,F03026,37.7,3.82
COL-0902-CC03-027,2026-09-02,CC03,F03027,29.7,4.1
COL-0902-CC03-028,2026-09-02,CC03,F03028,42.3,4.07
COL-0902-CC03-029,2026-09-02,CC03,F03029,13.2,3.71
COL-0902-CC03-030,2026-09-02,CC03,F03030,33.5,3.91
COL-0902-CC03-031,2026-09-02,CC03,F03031,37.9,3.26
COL-0902-CC03-032,2026-09-02,CC03,F03032,38.2,4.13
COL-0902-CC03-033,2026-09-02,CC03,F03033,13.0,3.85
COL-0902-CC03-034,2026-09-02,CC03,F03034,56.2,4.12
COL-0902-CC03-035,2026-09-02,CC03,F03035,28.6,4.11
COL-0902-CC03-036,2026-09-02,CC03,F03036,57.2,3.71
COL-0902-CC03-037,2026-09-02,CC03,F03037,34.7,3.75
COL-0902-CC03-038,2026-09-02,CC03,F03038,19.0,3.53
COL-0902-CC03-039,2026-09-02,CC03,F03039,18.3,3.17
COL-0902-CC03-040,2026-09-02,CC03,F03040,27.3,3.76
COL-0902-CC03-041,2026-09-02,CC03,F03041,7.3,3.84
COL-0902-CC03-042,2026-09-02,CC03,F03042,34.5,3.47
COL-0902-CC03-043,2026-09-02,CC03,F03043,23.5,4.01
COL-0902-CC03-044,2026-09-02,CC03,F03044,40.9,3.82
COL-0902-CC03-045,2026-09-02,CC03,F03045,18.5,3.93
COL-0902-CC03-046,2026-09-02,CC03,F03046,24.3,3.56
COL-0902-CC04-000,2026-09-02,CC04,F04000,27.4,3.47
COL-0902-CC04-001,2026-09-02,CC04,F04001,25.1,3.32
COL-0902-CC04-002,2026-09-02,CC04,F04002,22.0,3.47
COL-0902-CC04-003,2026-09-02,CC04,F04003,42.7,3.79
COL-0902-CC04-004,2026-09-02,CC04,F04004,24.3,3.45
COL-0902-CC04-005,2026-09-02,CC04,F04005,33.2,3.56
COL-0902-CC04-006,2026-09-02,CC04,F04006,51.6,3.61
COL-0902-CC04-007,2026-09-02,CC04,F04007,42.5,4.0
COL-0902-CC04-008,2026-09-02,CC04,F04008,18.6,3.71
COL-0902-CC04-009,2026-09-02,CC04,F04009,34.5,3.76
COL-0902-CC04-010,2026-09-02,CC04,F04010,50.7,4.2
COL-0902-CC04-011,2026-09-02,CC04,F04011,27.8,3.7
COL-0902-CC04-012,2026-09-02,CC04,F04012,9.4,3.98
COL-0902-CC04-013,2026-09-02,CC04,F04013,20.5,3.48
COL-0902-CC04-014,2026-09-02,CC04,F04014,20.4,3.9
COL-0902-CC04-015,2026-09-02,CC04,F04015,29.5,3.84
COL-0902-CC04-016,2026-09-02,CC04,F04016,78.0,3.85
COL-0902-CC04-017,2026-09-02,CC04,F04017,39.8,3.66
COL-0902-CC04-018,2026-09-02,CC04,F04018,21.9,3.49
COL-0902-CC04-019,2026-09-02,CC04,F04019,48.3,3.71
COL-0902-CC04-020,2026-09-02,CC04,F04020,14.3,3.66
COL-0902-CC04-021,2026-09-02,CC04,F04021,23.8,4.11
COL-0902-CC04-022,2026-09-02,CC04,F04022,38.7,4.07
COL-0902-CC04-023,2026-09-02,CC04,F04023,25.2,3.44
COL-0902-CC04-024,2026-09-02,CC04,F04024,62.6,3.99
COL-0902-CC04-025,2026-09-02,CC04,F04025,57.3,3.66
COL-0902-CC04-026,2026-09-02,CC04,F04026,10.9,3.94
COL-0902-CC04-027,2026-09-02,CC04,F04027,34.7,3.66
COL-0902-CC05-000,2026-09-02,CC05,F05000,8.9,3.66
COL-0902-CC05-001,2026-09-02,CC05,F05001,14.7,3.66
COL-0902-CC05-002,2026-09-02,CC05,F05002,39.9,3.55
COL-0902-CC05-003,2026-09-02,CC05,F05003,24.2,3.8
COL-0902-CC05-004,2026-09-02,CC05,F05004,51.0,3.62
COL-0902-CC05-005,2026-09-02,CC05,F05005,10.5,3.67
COL-0902-CC05-006,2026-09-02,CC05,F05006,39.7,4.17
COL-0902-CC05-007,2026-09-02,CC05,F05007,57.2,3.76
COL-0902-CC05-008,2026-09-02,CC05,F05008,63.6,4.14
COL-0902-CC05-009,2026-09-02,CC05,F05009,32.5,3.88
COL-0902-CC05-010,2026-09-02,CC05,F05010,65.1,4.06
COL-0902-CC05-011,2026-09-02,CC05,F05011,3.0,3.62
COL-0902-CC05-012,2026-09-02,CC05,F05012,17.6,3.84
COL-0902-CC05-013,2026-09-02,CC05,F05013,22.7,4.59
COL-0902-CC05-014,2026-09-02,CC05,F05014,40.4,4.05
COL-0902-CC05-015,2026-09-02,CC05,F05015,17.1,4.1
COL-0902-CC05-016,2026-09-02,CC05,F05016,36.1,3.87
COL-0902-CC05-017,2026-09-02,CC05,F05017,41.8,4.06
COL-0902-CC05-018,2026-09-02,CC05,F05018,69.2,3.45
COL-0902-CC05-019,2026-09-02,CC05,F05019,35.6,3.54
COL-0902-CC05-020,2026-09-02,CC05,F05020,17.6,3.93
COL-0902-CC05-021,2026-09-02,CC05,F05021,33.1,4.04
COL-0902-CC05-022,2026-09-02,CC05,F05022,55.6,3.68
COL-0902-CC05-023,2026-09-02,CC05,F05023,15.8,3.74
COL-0902-CC05-024,2026-09-02,CC05,F05024,44.3,3.69
COL-0902-CC05-025,2026-09-02,CC05,F05025,35.1,3.74
COL-0902-CC05-026,2026-09-02,CC05,F05026,51.4,3.44
COL-0902-CC05-027,2026-09-02,CC05,F05027,39.4,3.37
COL-0902-CC05-028,2026-09-02,CC05,F05028,43.1,3.77
COL-0902-CC05-029,2026-09-02,CC05,F05029,49.7,3.28
COL-0902-CC05-030,2026-09-02,CC05,F05030,51.6,3.5
COL-0902-CC05-031,2026-09-02,CC05,F05031,17.3,3.6
COL-0902-CC05-032,2026-09-02,CC05,F05032,41.0,3.48
COL-0902-CC05-033,2026-09-02,CC05,F05033,32.1,3.87
COL-0902-CC05-034,2026-09-02,CC05,F05034,39.5,3.66
COL-0902-CC05-035,2026-09-02,CC05,F05035,64.0,3.77
COL-0902-CC05-036,2026-09-02,CC05,F05036,32.8,3.49
COL-0902-CC05-037,2026-09-02,CC05,F05037,13.5,3.57
COL-0902-CC05-038,2026-09-02,CC05,F05038,14.8,3.95
COL-0902-CC05-039,2026-09-02,CC05,F05039,48.6,3.9
COL-0902-CC05-040,2026-09-02,CC05,F05040,22.6,3.65
COL-0902-CC05-041,2026-09-02,CC05,F05041,31.5,3.9
COL-0902-CC05-042,2026-09-02,CC05,F05042,36.5,3.85
COL-0902-CC05-043,2026-09-02,CC05,F05043,35.0,3.84
COL-0902-CC05-044,2026-09-02,CC05,F05044,29.9,4.27
COL-0902-CC05-045,2026-09-02,CC05,F05045,65.5,3.67
COL-0902-CC05-046,2026-09-02,CC05,F05046,43.4,3.92
COL-0902-CC06-000,2026-09-02,CC06,F06000,40.7,3.96
COL-0902-CC06-001,2026-09-02,CC06,F06001,29.6,3.64
COL-0902-CC06-002,2026-09-02,CC06,F06002,29.1,4.32
COL-0902-CC06-003,2026-09-02,CC06,F06003,33.4,3.83
COL-0902-CC06-004,2026-09-02,CC06,F06004,28.3,3.41
COL-0902-CC06-005,2026-09-02,CC06,F06005,23.7,4.01
COL-0902-CC06-006,2026-09-02,CC06,F06006,24.9,3.67
COL-0902-CC06-007,2026-09-02,CC06,F06007,37.1,3.96
COL-0902-CC06-008,2026-09-02,CC06,F06008,22.9,3.82
COL-0902-CC06-009,2026-09-02,CC06,F06009,57.9,3.86
COL-0902-CC06-010,2026-09-02,CC06,F06010,36.4,3.82
COL-0902-CC06-011,2026-09-02,CC06,F06011,38.9,3.51
COL-0902-CC06-012,2026-09-02,CC06,F06012,36.3,3.33
COL-0902-CC06-013,2026-09-02,CC06,F06013,69.0,4.07
COL-0902-CC06-014,2026-09-02,CC06,F06014,51.0,3.74
COL-0902-CC06-015,2026-09-02,CC06,F06015,9.3,3.87
COL-0902-CC06-016,2026-09-02,CC06,F06016,56.1,3.64
COL-0902-CC06-017,2026-09-02,CC06,F06017,10.1,3.17
COL-0902-CC06-018,2026-09-02,CC06,F06018,14.2,3.4
COL-0902-CC06-019,2026-09-02,CC06,F06019,19.8,4.2
COL-0902-CC06-020,2026-09-02,CC06,F06020,30.4,3.55
COL-0902-CC06-021,2026-09-02,CC06,F06021,23.7,3.67
COL-0902-CC06-022,2026-09-02,CC06,F06022,40.0,3.34
COL-0902-CC06-023,2026-09-02,CC06,F06023,56.5,3.62
COL-0902-CC06-024,2026-09-02,CC06,F06024,24.4,3.67
COL-0902-CC06-025,2026-09-02,CC06,F06025,62.5,3.71
COL-0902-CC06-026,2026-09-02,CC06,F06026,32.9,3.76
COL-0902-CC06-027,2026-09-02,CC06,F06027,38.7,3.59
COL-0902-CC06-028,2026-09-02,CC06,F06028,46.9,3.61
COL-0902-CC06-029,2026-09-02,CC06,F06029,38.9,3.78
COL-0902-CC06-030,2026-09-02,CC06,F06030,27.9,3.88
COL-0902-CC06-031,2026-09-02,CC06,F06031,7.8,3.74
COL-0902-CC06-032,2026-09-02,CC06,F06032,55.9,4.3
COL-0902-CC06-033,2026-09-02,CC06,F06033,19.8,3.84
COL-0902-CC06-034,2026-09-02,CC06,F06034,47.9,3.83
COL-0902-CC06-035,2026-09-02,CC06,F06035,41.5,3.58
COL-0902-CC06-036,2026-09-02,CC06,F06036,26.7,4.09
COL-0902-CC06-037,2026-09-02,CC06,F06037,48.5,3.47
COL-0902-CC06-038,2026-09-02,CC06,F06038,23.2,3.29
COL-0902-CC06-039,2026-09-02,CC06,F06039,13.7,3.49
COL-0902-CC06-040,2026-09-02,CC06,F06040,37.8,3.96
COL-0902-CC06-041,2026-09-02,CC06,F06041,26.2,3.44
COL-0902-CC06-042,2026-09-02,CC06,F06042,16.2,4.17
COL-0902-CC06-043,2026-09-02,CC06,F06043,16.0,3.77
COL-0902-CC06-044,2026-09-02,CC06,F06044,12.0,3.32
COL-0902-CC06-045,2026-09-02,CC06,F06045,57.9,3.71
COL-0902-CC07-000,2026-09-02,CC07,F07000,52.6,3.95
COL-0902-CC07-001,2026-09-02,CC07,F07001,23.6,3.71
COL-0902-CC07-002,2026-09-02,CC07,F07002,33.4,3.3
COL-0902-CC07-003,2026-09-02,CC07,F07003,74.0,3.6
COL-0902-CC07-004,2026-09-02,CC07,F07004,52.4,3.77
COL-0902-CC07-005,2026-09-02,CC07,F07005,38.0,4.03
COL-0902-CC07-006,2026-09-02,CC07,F07006,18.3,3.66
COL-0902-CC07-007,2026-09-02,CC07,F07007,16.9,4.11
COL-0902-CC07-008,2026-09-02,CC07,F07008,20.8,3.82
COL-0902-CC07-009,2026-09-02,CC07,F07009,27.0,3.55
COL-0902-CC07-010,2026-09-02,CC07,F07010,30.3,2.94
COL-0902-CC07-011,2026-09-02,CC07,F07011,33.0,3.42
COL-0902-CC07-012,2026-09-02,CC07,F07012,16.7,3.33
COL-0902-CC07-013,2026-09-02,CC07,F07013,17.1,3.73
COL-0902-CC07-014,2026-09-02,CC07,F07014,51.1,3.88
COL-0902-CC07-015,2026-09-02,CC07,F07015,32.1,4.19
COL-0902-CC07-016,2026-09-02,CC07,F07016,16.2,3.77
COL-0902-CC07-017,2026-09-02,CC07,F07017,33.8,3.43
COL-0902-CC07-018,2026-09-02,CC07,F07018,50.5,4.48
COL-0902-CC07-019,2026-09-02,CC07,F07019,39.0,3.87
COL-0902-CC07-020,2026-09-02,CC07,F07020,15.2,3.7
COL-0902-CC07-021,2026-09-02,CC07,F07021,23.3,3.7
COL-0902-CC07-022,2026-09-02,CC07,F07022,11.3,3.37
COL-0902-CC07-023,2026-09-02,CC07,F07023,22.0,3.97
COL-0902-CC07-024,2026-09-02,CC07,F07024,14.6,3.89
COL-0902-CC07-025,2026-09-02,CC07,F07025,9.3,4.25
COL-0902-CC07-026,2026-09-02,CC07,F07026,26.2,4.11
COL-0902-CC07-027,2026-09-02,CC07,F07027,19.0,4.04
COL-0902-CC07-028,2026-09-02,CC07,F07028,10.8,4.16
COL-0902-CC07-029,2026-09-02,CC07,F07029,31.4,3.69
COL-0902-CC07-030,2026-09-02,CC07,F07030,43.8,3.65
COL-0902-CC07-031,2026-09-02,CC07,F07031,18.5,3.76
COL-0902-CC07-032,2026-09-02,CC07,F07032,49.5,3.41
COL-0902-CC07-033,2026-09-02,CC07,F07033,16.0,3.74
COL-0902-CC07-034,2026-09-02,CC07,F07034,45.2,3.68
COL-0902-CC07-035,2026-09-02,CC07,F07035,5.4,3.98
COL-0902-CC07-036,2026-09-02,CC07,F07036,38.7,3.78
COL-0902-CC07-037,2026-09-02,CC07,F07037,34.5,3.21
COL-0902-CC07-038,2026-09-02,CC07,F07038,40.1,3.79
COL-0902-CC07-039,2026-09-02,CC07,F07039,34.6,4.21
COL-0902-CC07-040,2026-09-02,CC07,F07040,37.9,3.23
COL-0902-CC07-041,2026-09-02,CC07,F07041,23.3,3.55
COL-0902-CC07-042,2026-09-02,CC07,F07042,11.7,3.79
COL-0902-CC07-043,2026-09-02,CC07,F07043,47.8,3.39
COL-0902-CC07-044,2026-09-02,CC07,F07044,19.2,3.62
COL-0902-CC07-045,2026-09-02,CC07,F07045,60.7,3.8
COL-0902-CC07-046,2026-09-02,CC07,F07046,17.1,3.39
COL-0902-CC07-047,2026-09-02,CC07,F07047,30.1,3.87
COL-0902-CC07-048,2026-09-02,CC07,F07048,16.1,3.91
COL-0902-CC08-000,2026-09-02,CC08,F08000,26.0,4.12
COL-0902-CC08-001,2026-09-02,CC08,F08001,39.4,4.2
COL-0902-CC08-002,2026-09-02,CC08,F08002,46.2,4.18
COL-0902-CC08-003,2026-09-02,CC08,F08003,16.2,3.59
COL-0902-CC08-004,2026-09-02,CC08,F08004,43.8,3.84
COL-0902-CC08-005,2026-09-02,CC08,F08005,20.1,3.01
COL-0902-CC08-006,2026-09-02,CC08,F08006,54.9,3.62
COL-0902-CC08-007,2026-09-02,CC08,F08007,50.7,3.99
COL-0902-CC08-008,2026-09-02,CC08,F08008,28.3,3.34
COL-0902-CC08-009,2026-09-02,CC08,F08009,24.7,3.19
COL-0902-CC08-010,2026-09-02,CC08,F08010,27.5,3.42
COL-0902-CC08-011,2026-09-02,CC08,F08011,28.5,3.87
COL-0902-CC08-012,2026-09-02,CC08,F08012,35.1,4.16
COL-0902-CC08-013,2026-09-02,CC08,F08013,14.6,4.58
COL-0902-CC08-014,2026-09-02,CC08,F08014,34.8,4.24
COL-0902-CC08-015,2026-09-02,CC08,F08015,30.3,3.35
COL-0902-CC08-016,2026-09-02,CC08,F08016,49.6,3.11
COL-0902-CC08-017,2026-09-02,CC08,F08017,41.6,3.85
COL-0902-CC08-018,2026-09-02,CC08,F08018,35.1,4.13
COL-0902-CC08-019,2026-09-02,CC08,F08019,30.7,3.33
COL-0902-CC08-020,2026-09-02,CC08,F08020,75.4,3.65
COL-0902-CC08-021,2026-09-02,CC08,F08021,59.8,3.68
COL-0902-CC08-022,2026-09-02,CC08,F08022,46.0,3.82
COL-0902-CC08-023,2026-09-02,CC08,F08023,32.1,3.76
COL-0902-CC08-024,2026-09-02,CC08,F08024,30.7,3.97
COL-0902-CC08-025,2026-09-02,CC08,F08025,28.2,4.13
COL-0902-CC08-026,2026-09-02,CC08,F08026,26.2,3.84
COL-0902-CC08-027,2026-09-02,CC08,F08027,27.6,4.04
COL-0902-CC08-028,2026-09-02,CC08,F08028,14.9,4.41
COL-0902-CC08-029,2026-09-02,CC08,F08029,29.2,3.51
COL-0903-CC01-000,2026-09-03,CC01,F01000,50.9,4.12
COL-0903-CC01-001,2026-09-03,CC01,F01001,47.1,3.72
COL-0903-CC01-002,2026-09-03,CC01,F01002,42.3,3.92
COL-0903-CC01-003,2026-09-03,CC01,F01003,37.1,3.71
COL-0903-CC01-004,2026-09-03,CC01,F01004,50.7,3.64
COL-0903-CC01-005,2026-09-03,CC01,F01005,46.8,4.02
COL-0903-CC01-006,2026-09-03,CC01,F01006,49.1,3.58
COL-0903-CC01-007,2026-09-03,CC01,F01007,40.0,3.85
COL-0903-CC01-008,2026-09-03,CC01,F01008,31.9,3.59
COL-0903-CC01-009,2026-09-03,CC01,F01009,24.3,3.8
COL-0903-CC01-010,2026-09-03,CC01,F01010,26.9,3.67
COL-0903-CC01-011,2026-09-03,CC01,F01011,33.1,4.15
COL-0903-CC01-012,2026-09-03,CC01,F01012,10.9,3.85
COL-0903-CC01-013,2026-09-03,CC01,F01013,33.5,3.85
COL-0903-CC01-014,2026-09-03,CC01,F01014,51.8,4.32
COL-0903-CC01-015,2026-09-03,CC01,F01015,34.7,2.95
COL-0903-CC01-016,2026-09-03,CC01,F01016,19.0,3.49
COL-0903-CC01-017,2026-09-03,CC01,F01017,29.7,3.0
COL-0903-CC01-018,2026-09-03,CC01,F01018,50.2,3.82
COL-0903-CC01-019,2026-09-03,CC01,F01019,27.2,3.95
COL-0903-CC01-020,2026-09-03,CC01,F01020,26.5,4.01
COL-0903-CC01-021,2026-09-03,CC01,F01021,35.6,3.9
COL-0903-CC01-022,2026-09-03,CC01,F01022,64.1,3.55
COL-0903-CC01-023,2026-09-03,CC01,F01023,31.9,4.34
COL-0903-CC01-024,2026-09-03,CC01,F01024,21.3,3.91
COL-0903-CC01-025,2026-09-03,CC01,F01025,50.4,3.74
COL-0903-CC01-026,2026-09-03,CC01,F01026,41.5,3.48
COL-0903-CC01-027,2026-09-03,CC01,F01027,47.2,3.94
COL-0903-CC01-028,2026-09-03,CC01,F01028,32.0,3.66
COL-0903-CC01-029,2026-09-03,CC01,F01029,41.1,3.68
COL-0903-CC01-030,2026-09-03,CC01,F01030,12.9,3.87
COL-0903-CC01-031,2026-09-03,CC01,F01031,23.6,3.88
COL-0903-CC01-032,2026-09-03,CC01,F01032,15.2,3.56
COL-0903-CC01-033,2026-09-03,CC01,F01033,53.8,4.19
COL-0903-CC01-034,2026-09-03,CC01,F01034,52.3,3.51
COL-0903-CC01-035,2026-09-03,CC01,F01035,34.6,3.47
COL-0903-CC02-000,2026-09-03,CC02,F02000,23.8,3.87
COL-0903-CC02-001,2026-09-03,CC02,F02001,21.8,3.77
COL-0903-CC02-002,2026-09-03,CC02,F02002,42.5,3.32
COL-0903-CC02-003,2026-09-03,CC02,F02003,26.3,3.9
COL-0903-CC02-004,2026-09-03,CC02,F02004,30.0,3.96
COL-0903-CC02-005,2026-09-03,CC02,F02005,12.9,3.82
COL-0903-CC02-006,2026-09-03,CC02,F02006,31.0,3.55
COL-0903-CC02-007,2026-09-03,CC02,F02007,25.9,3.94
COL-0903-CC02-008,2026-09-03,CC02,F02008,50.9,4.14
COL-0903-CC02-009,2026-09-03,CC02,F02009,26.6,3.87
COL-0903-CC02-010,2026-09-03,CC02,F02010,20.4,4.32
COL-0903-CC02-011,2026-09-03,CC02,F02011,37.7,4.06
COL-0903-CC02-012,2026-09-03,CC02,F02012,34.1,4.03
COL-0903-CC02-013,2026-09-03,CC02,F02013,27.7,4.22
COL-0903-CC02-014,2026-09-03,CC02,F02014,37.0,3.6
COL-0903-CC02-015,2026-09-03,CC02,F02015,16.9,3.65
COL-0903-CC02-016,2026-09-03,CC02,F02016,26.4,3.96
COL-0903-CC02-017,2026-09-03,CC02,F02017,38.6,3.96
COL-0903-CC02-018,2026-09-03,CC02,F02018,26.4,4.25
COL-0903-CC02-019,2026-09-03,CC02,F02019,47.4,4.15
COL-0903-CC02-020,2026-09-03,CC02,F02020,35.8,3.85
COL-0903-CC02-021,2026-09-03,CC02,F02021,21.9,3.87
COL-0903-CC02-022,2026-09-03,CC02,F02022,25.4,3.72
COL-0903-CC02-023,2026-09-03,CC02,F02023,31.6,3.69
COL-0903-CC02-024,2026-09-03,CC02,F02024,59.5,3.67
COL-0903-CC03-000,2026-09-03,CC03,F03000,22.4,3.94
COL-0903-CC03-001,2026-09-03,CC03,F03001,7.1,4.08
COL-0903-CC03-002,2026-09-03,CC03,F03002,25.2,3.53
COL-0903-CC03-003,2026-09-03,CC03,F03003,35.8,3.73
COL-0903-CC03-004,2026-09-03,CC03,F03004,84.8,4.24
COL-0903-CC03-005,2026-09-03,CC03,F03005,33.0,3.51
COL-0903-CC03-006,2026-09-03,CC03,F03006,41.3,3.56
COL-0903-CC03-007,2026-09-03,CC03,F03007,25.4,3.86
COL-0903-CC03-008,2026-09-03,CC03,F03008,56.2,3.45
COL-0903-CC03-009,2026-09-03,CC03,F03009,18.9,3.07
COL-0903-CC03-010,2026-09-03,CC03,F03010,35.9,3.31
COL-0903-CC03-011,2026-09-03,CC03,F03011,84.9,3.92
COL-0903-CC03-012,2026-09-03,CC03,F03012,28.9,4.01
COL-0903-CC03-013,2026-09-03,CC03,F03013,25.6,3.99
COL-0903-CC03-014,2026-09-03,CC03,F03014,34.1,3.93
COL-0903-CC03-015,2026-09-03,CC03,F03015,27.6,3.44
COL-0903-CC03-016,2026-09-03,CC03,F03016,38.1,4.01
COL-0903-CC03-017,2026-09-03,CC03,F03017,45.8,4.16
COL-0903-CC03-018,2026-09-03,CC03,F03018,40.5,3.6
COL-0903-CC03-019,2026-09-03,CC03,F03019,27.4,4.09
COL-0903-CC03-020,2026-09-03,CC03,F03020,9.1,3.7
COL-0903-CC03-021,2026-09-03,CC03,F03021,113.8,3.87
COL-0903-CC03-022,2026-09-03,CC03,F03022,61.6,3.92
COL-0903-CC03-023,2026-09-03,CC03,F03023,37.0,3.37
COL-0903-CC03-024,2026-09-03,CC03,F03024,60.8,4.25
COL-0903-CC03-025,2026-09-03,CC03,F03025,14.3,3.55
COL-0903-CC03-026,2026-09-03,CC03,F03026,43.1,3.78
COL-0903-CC03-027,2026-09-03,CC03,F03027,30.4,3.66
COL-0903-CC03-028,2026-09-03,CC03,F03028,37.1,3.95
COL-0903-CC03-029,2026-09-03,CC03,F03029,32.1,3.94
COL-0903-CC03-030,2026-09-03,CC03,F03030,32.8,3.82
COL-0903-CC03-031,2026-09-03,CC03,F03031,21.6,4.24
COL-0903-CC03-032,2026-09-03,CC03,F03032,22.6,3.9
COL-0903-CC03-033,2026-09-03,CC03,F03033,29.6,3.69
COL-0903-CC03-034,2026-09-03,CC03,F03034,15.9,2.95
COL-0903-CC03-035,2026-09-03,CC03,F03035,21.8,3.73
COL-0903-CC03-036,2026-09-03,CC03,F03036,27.6,3.73
COL-0903-CC04-000,2026-09-03,CC04,F04000,18.5,3.94
COL-0903-CC04-001,2026-09-03,CC04,F04001,49.3,3.84
COL-0903-CC04-002,2026-09-03,CC04,F04002,51.5,3.26
COL-0903-CC04-003,2026-09-03,CC04,F04003,34.1,3.89
COL-0903-CC04-004,2026-09-03,CC04,F04004,42.8,3.74
COL-0903-CC04-005,2026-09-03,CC04,F04005,21.4,4.06
COL-0903-CC04-006,2026-09-03,CC04,F04006,26.2,3.4
COL-0903-CC04-007,2026-09-03,CC04,F04007,55.5,4.12
COL-0903-CC04-008,2026-09-03,CC04,F04008,44.7,3.65
COL-0903-CC04-009,2026-09-03,CC04,F04009,32.5,3.29
COL-0903-CC04-010,2026-09-03,CC04,F04010,78.7,4.2
COL-0903-CC04-011,2026-09-03,CC04,F04011,36.6,3.65
COL-0903-CC04-012,2026-09-03,CC04,F04012,40.1,3.92
COL-0903-CC04-013,2026-09-03,CC04,F04013,40.2,3.75
COL-0903-CC04-014,2026-09-03,CC04,F04014,28.5,4.13
COL-0903-CC04-015,2026-09-03,CC04,F04015,16.6,4.14
COL-0903-CC04-016,2026-09-03,CC04,F04016,56.7,4.14
COL-0903-CC04-017,2026-09-03,CC04,F04017,49.9,4.02
COL-0903-CC04-018,2026-09-03,CC04,F04018,32.3,3.31
COL-0903-CC04-019,2026-09-03,CC04,F04019,13.1,3.29
COL-0903-CC04-020,2026-09-03,CC04,F04020,52.4,3.86
COL-0903-CC04-021,2026-09-03,CC04,F04021,15.8,3.51
COL-0903-CC04-022,2026-09-03,CC04,F04022,28.0,3.94
COL-0903-CC04-023,2026-09-03,CC04,F04023,80.6,3.85
COL-0903-CC04-024,2026-09-03,CC04,F04024,24.7,3.37
COL-0903-CC04-025,2026-09-03,CC04,F04025,82.5,3.49
COL-0903-CC04-026,2026-09-03,CC04,F04026,22.9,3.46
COL-0903-CC04-027,2026-09-03,CC04,F04027,54.0,3.53
COL-0903-CC04-028,2026-09-03,CC04,F04028,21.6,3.74
COL-0903-CC04-029,2026-09-03,CC04,F04029,20.3,4.01
COL-0903-CC04-030,2026-09-03,CC04,F04030,13.4,4.2
COL-0903-CC04-031,2026-09-03,CC04,F04031,41.7,3.51
COL-0903-CC04-032,2026-09-03,CC04,F04032,13.7,3.63
COL-0903-CC04-033,2026-09-03,CC04,F04033,66.5,4.27
COL-0903-CC04-034,2026-09-03,CC04,F04034,21.8,4.07
COL-0903-CC05-000,2026-09-03,CC05,F05000,21.1,3.76
COL-0903-CC05-001,2026-09-03,CC05,F05001,30.7,3.35
COL-0903-CC05-002,2026-09-03,CC05,F05002,15.4,3.62
COL-0903-CC05-003,2026-09-03,CC05,F05003,20.1,4.04
COL-0903-CC05-004,2026-09-03,CC05,F05004,25.8,3.83
COL-0903-CC05-005,2026-09-03,CC05,F05005,33.1,3.64
COL-0903-CC05-006,2026-09-03,CC05,F05006,13.0,4.26
COL-0903-CC05-007,2026-09-03,CC05,F05007,33.1,3.78
COL-0903-CC05-008,2026-09-03,CC05,F05008,26.0,3.69
COL-0903-CC05-009,2026-09-03,CC05,F05009,18.4,4.14
COL-0903-CC05-010,2026-09-03,CC05,F05010,35.9,3.27
COL-0903-CC05-011,2026-09-03,CC05,F05011,23.0,3.97
COL-0903-CC05-012,2026-09-03,CC05,F05012,39.2,3.46
COL-0903-CC05-013,2026-09-03,CC05,F05013,45.2,3.56
COL-0903-CC05-014,2026-09-03,CC05,F05014,69.6,3.59
COL-0903-CC05-015,2026-09-03,CC05,F05015,23.5,3.84
COL-0903-CC05-016,2026-09-03,CC05,F05016,86.1,3.83
COL-0903-CC05-017,2026-09-03,CC05,F05017,39.0,3.89
COL-0903-CC05-018,2026-09-03,CC05,F05018,27.3,3.86
COL-0903-CC05-019,2026-09-03,CC05,F05019,39.9,4.22
COL-0903-CC05-020,2026-09-03,CC05,F05020,53.0,4.31
COL-0903-CC05-021,2026-09-03,CC05,F05021,16.9,4.01
COL-0903-CC05-022,2026-09-03,CC05,F05022,26.7,4.03
COL-0903-CC05-023,2026-09-03,CC05,F05023,21.5,3.68
COL-0903-CC05-024,2026-09-03,CC05,F05024,10.7,3.47
COL-0903-CC05-025,2026-09-03,CC05,F05025,11.5,3.98
COL-0903-CC05-026,2026-09-03,CC05,F05026,5.0,3.81
COL-0903-CC05-027,2026-09-03,CC05,F05027,42.0,4.06
COL-0903-CC05-028,2026-09-03,CC05,F05028,52.0,3.25
COL-0903-CC05-029,2026-09-03,CC05,F05029,60.8,4.61
COL-0903-CC05-030,2026-09-03,CC05,F05030,14.4,3.41
COL-0903-CC05-031,2026-09-03,CC05,F05031,21.3,3.81
COL-0903-CC05-032,2026-09-03,CC05,F05032,32.3,4.1
COL-0903-CC05-033,2026-09-03,CC05,F05033,39.4,3.38
COL-0903-CC05-034,2026-09-03,CC05,F05034,16.2,3.63
COL-0903-CC05-035,2026-09-03,CC05,F05035,24.3,3.19
COL-0903-CC05-036,2026-09-03,CC05,F05036,38.3,3.37
COL-0903-CC05-037,2026-09-03,CC05,F05037,51.4,3.21
COL-0903-CC05-038,2026-09-03,CC05,F05038,22.1,3.83
COL-0903-CC05-039,2026-09-03,CC05,F05039,21.6,3.89
COL-0903-CC05-040,2026-09-03,CC05,F05040,25.7,3.7
COL-0903-CC05-041,2026-09-03,CC05,F05041,33.5,4.18
COL-0903-CC05-042,2026-09-03,CC05,F05042,35.9,4.22
COL-0903-CC05-043,2026-09-03,CC05,F05043,27.4,3.8
COL-0903-CC05-044,2026-09-03,CC05,F05044,5.9,3.73
COL-0903-CC05-045,2026-09-03,CC05,F05045,42.2,3.72
COL-0903-CC06-000,2026-09-03,CC06,F06000,24.5,3.9
COL-0903-CC06-001,2026-09-03,CC06,F06001,38.6,4.63
COL-0903-CC06-002,2026-09-03,CC06,F06002,34.4,3.63
COL-0903-CC06-003,2026-09-03,CC06,F06003,55.6,3.19
COL-0903-CC06-004,2026-09-03,CC06,F06004,12.5,3.61
COL-0903-CC06-005,2026-09-03,CC06,F06005,41.8,3.33
COL-0903-CC06-006,2026-09-03,CC06,F06006,43.7,3.64
COL-0903-CC06-007,2026-09-03,CC06,F06007,39.5,3.81
COL-0903-CC06-008,2026-09-03,CC06,F06008,34.3,3.52
COL-0903-CC06-009,2026-09-03,CC06,F06009,12.0,3.6
COL-0903-CC06-010,2026-09-03,CC06,F06010,16.3,3.25
COL-0903-CC06-011,2026-09-03,CC06,F06011,34.3,3.86
COL-0903-CC06-012,2026-09-03,CC06,F06012,32.1,3.58
COL-0903-CC06-013,2026-09-03,CC06,F06013,19.3,4.14
COL-0903-CC06-014,2026-09-03,CC06,F06014,24.0,4.13
COL-0903-CC06-015,2026-09-03,CC06,F06015,32.5,3.55
COL-0903-CC06-016,2026-09-03,CC06,F06016,26.1,3.7
COL-0903-CC06-017,2026-09-03,CC06,F06017,29.9,3.83
COL-0903-CC06-018,2026-09-03,CC06,F06018,82.2,4.04
COL-0903-CC06-019,2026-09-03,CC06,F06019,33.5,3.31
COL-0903-CC06-020,2026-09-03,CC06,F06020,17.6,3.79
COL-0903-CC06-021,2026-09-03,CC06,F06021,22.9,4.37
COL-0903-CC06-022,2026-09-03,CC06,F06022,40.7,3.78
COL-0903-CC06-023,2026-09-03,CC06,F06023,28.0,3.88
COL-0903-CC06-024,2026-09-03,CC06,F06024,33.5,3.81
COL-0903-CC06-025,2026-09-03,CC06,F06025,32.3,3.45
COL-0903-CC06-026,2026-09-03,CC06,F06026,22.2,4.1
COL-0903-CC06-027,2026-09-03,CC06,F06027,24.9,3.89
COL-0903-CC06-028,2026-09-03,CC06,F06028,17.6,3.86
COL-0903-CC06-029,2026-09-03,CC06,F06029,37.1,4.03
COL-0903-CC06-030,2026-09-03,CC06,F06030,37.2,4.05
COL-0903-CC06-031,2026-09-03,CC06,F06031,34.7,3.24
COL-0903-CC06-032,2026-09-03,CC06,F06032,46.6,3.96
COL-0903-CC06-033,2026-09-03,CC06,F06033,33.9,3.64
COL-0903-CC06-034,2026-09-03,CC06,F06034,23.5,3.86
COL-0903-CC06-035,2026-09-03,CC06,F06035,23.3,3.6
COL-0903-CC06-036,2026-09-03,CC06,F06036,23.7,3.55
COL-0903-CC06-037,2026-09-03,CC06,F06037,58.2,4.1
COL-0903-CC06-038,2026-09-03,CC06,F06038,36.4,3.81
COL-0903-CC06-039,2026-09-03,CC06,F06039,21.2,3.73
COL-0903-CC07-000,2026-09-03,CC07,F07000,18.5,4.32
COL-0903-CC07-001,2026-09-03,CC07,F07001,43.4,4.38
COL-0903-CC07-002,2026-09-03,CC07,F07002,17.8,3.71
COL-0903-CC07-003,2026-09-03,CC07,F07003,31.8,3.54
COL-0903-CC07-004,2026-09-03,CC07,F07004,22.7,4.18
COL-0903-CC07-005,2026-09-03,CC07,F07005,59.0,3.59
COL-0903-CC07-006,2026-09-03,CC07,F07006,28.9,4.69
COL-0903-CC07-007,2026-09-03,CC07,F07007,66.5,3.8
COL-0903-CC07-008,2026-09-03,CC07,F07008,27.7,4.13
COL-0903-CC07-009,2026-09-03,CC07,F07009,69.1,3.45
COL-0903-CC07-010,2026-09-03,CC07,F07010,29.8,3.83
COL-0903-CC07-011,2026-09-03,CC07,F07011,46.5,4.17
COL-0903-CC07-012,2026-09-03,CC07,F07012,25.9,3.98
COL-0903-CC07-013,2026-09-03,CC07,F07013,35.9,3.68
COL-0903-CC07-014,2026-09-03,CC07,F07014,4.9,4.58
COL-0903-CC07-015,2026-09-03,CC07,F07015,34.4,4.07
COL-0903-CC07-016,2026-09-03,CC07,F07016,7.1,3.78
COL-0903-CC07-017,2026-09-03,CC07,F07017,30.4,3.66
COL-0903-CC07-018,2026-09-03,CC07,F07018,40.8,3.76
COL-0903-CC07-019,2026-09-03,CC07,F07019,3.6,4.25
COL-0903-CC07-020,2026-09-03,CC07,F07020,28.2,3.61
COL-0903-CC07-021,2026-09-03,CC07,F07021,35.9,3.86
COL-0903-CC07-022,2026-09-03,CC07,F07022,33.2,3.6
COL-0903-CC07-023,2026-09-03,CC07,F07023,34.5,4.22
COL-0903-CC07-024,2026-09-03,CC07,F07024,13.4,3.8
COL-0903-CC07-025,2026-09-03,CC07,F07025,31.9,4.11
COL-0903-CC07-026,2026-09-03,CC07,F07026,31.3,4.02
COL-0903-CC07-027,2026-09-03,CC07,F07027,22.5,3.67
COL-0903-CC07-028,2026-09-03,CC07,F07028,28.4,4.06
COL-0903-CC08-000,2026-09-03,CC08,F08000,131.7,3.76
COL-0903-CC08-001,2026-09-03,CC08,F08001,43.3,3.58
COL-0903-CC08-002,2026-09-03,CC08,F08002,39.9,4.1
COL-0903-CC08-003,2026-09-03,CC08,F08003,46.0,3.33
COL-0903-CC08-004,2026-09-03,CC08,F08004,16.2,4.03
COL-0903-CC08-005,2026-09-03,CC08,F08005,28.4,4.65
COL-0903-CC08-006,2026-09-03,CC08,F08006,32.9,3.59
COL-0903-CC08-007,2026-09-03,CC08,F08007,38.7,3.85
COL-0903-CC08-008,2026-09-03,CC08,F08008,26.1,3.36
COL-0903-CC08-009,2026-09-03,CC08,F08009,15.2,3.83
COL-0903-CC08-010,2026-09-03,CC08,F08010,9.0,3.31
COL-0903-CC08-011,2026-09-03,CC08,F08011,34.8,4.03
COL-0903-CC08-012,2026-09-03,CC08,F08012,21.2,3.68
COL-0903-CC08-013,2026-09-03,CC08,F08013,29.3,3.27
COL-0903-CC08-014,2026-09-03,CC08,F08014,51.8,3.44
COL-0903-CC08-015,2026-09-03,CC08,F08015,28.1,3.35
COL-0903-CC08-016,2026-09-03,CC08,F08016,52.7,3.74
COL-0903-CC08-017,2026-09-03,CC08,F08017,34.5,4.09
COL-0903-CC08-018,2026-09-03,CC08,F08018,45.5,3.71
COL-0903-CC08-019,2026-09-03,CC08,F08019,18.8,3.47
COL-0903-CC08-020,2026-09-03,CC08,F08020,31.0,3.57
COL-0903-CC08-021,2026-09-03,CC08,F08021,63.1,3.86
COL-0903-CC08-022,2026-09-03,CC08,F08022,35.4,3.08
COL-0903-CC08-023,2026-09-03,CC08,F08023,15.5,4.0
COL-0903-CC08-024,2026-09-03,CC08,F08024,25.0,3.95
COL-0903-CC08-025,2026-09-03,CC08,F08025,35.7,3.07
COL-0903-CC08-026,2026-09-03,CC08,F08026,69.9,4.18
COL-0903-CC08-027,2026-09-03,CC08,F08027,28.6,3.32
COL-0903-CC08-028,2026-09-03,CC08,F08028,46.1,3.75
COL-0903-CC08-029,2026-09-03,CC08,F08029,38.3,4.18
COL-0903-CC08-030,2026-09-03,CC08,F08030,31.5,3.32
COL-0903-CC08-031,2026-09-03,CC08,F08031,18.9,3.25
COL-0903-CC08-032,2026-09-03,CC08,F08032,11.7,3.47
COL-0903-CC08-033,2026-09-03,CC08,F08033,16.4,3.48
COL-0903-CC08-034,2026-09-03,CC08,F08034,24.6,3.77
COL-0903-CC08-035,2026-09-03,CC08,F08035,18.7,3.65
COL-0904-CC01-000,2026-09-04,CC01,F01000,35.4,4.01
COL-0904-CC01-001,2026-09-04,CC01,F01001,16.5,3.72
COL-0904-CC01-002,2026-09-04,CC01,F01002,14.0,3.97
COL-0904-CC01-003,2026-09-04,CC01,F01003,19.6,3.21
COL-0904-CC01-004,2026-09-04,CC01,F01004,39.1,4.35
COL-0904-CC01-005,2026-09-04,CC01,F01005,58.8,3.66
COL-0904-CC01-006,2026-09-04,CC01,F01006,102.4,3.99
COL-0904-CC01-007,2026-09-04,CC01,F01007,19.0,3.92
COL-0904-CC01-008,2026-09-04,CC01,F01008,85.3,3.85
COL-0904-CC01-009,2026-09-04,CC01,F01009,30.1,3.86
COL-0904-CC01-010,2026-09-04,CC01,F01010,56.7,3.84
COL-0904-CC01-011,2026-09-04,CC01,F01011,24.1,3.32
COL-0904-CC01-012,2026-09-04,CC01,F01012,46.0,3.65
COL-0904-CC01-013,2026-09-04,CC01,F01013,14.7,4.19
COL-0904-CC01-014,2026-09-04,CC01,F01014,10.3,3.51
COL-0904-CC01-015,2026-09-04,CC01,F01015,55.1,3.5
COL-0904-CC01-016,2026-09-04,CC01,F01016,34.4,4.47
COL-0904-CC01-017,2026-09-04,CC01,F01017,50.3,4.19
COL-0904-CC01-018,2026-09-04,CC01,F01018,8.7,4.3
COL-0904-CC01-019,2026-09-04,CC01,F01019,43.6,3.82
COL-0904-CC01-020,2026-09-04,CC01,F01020,3.0,3.9
COL-0904-CC01-021,2026-09-04,CC01,F01021,63.7,4.06
COL-0904-CC01-022,2026-09-04,CC01,F01022,23.6,3.99
COL-0904-CC01-023,2026-09-04,CC01,F01023,31.9,3.79
COL-0904-CC01-024,2026-09-04,CC01,F01024,19.7,3.37
COL-0904-CC01-025,2026-09-04,CC01,F01025,21.4,3.6
COL-0904-CC01-026,2026-09-04,CC01,F01026,34.9,3.36
COL-0904-CC01-027,2026-09-04,CC01,F01027,44.4,4.3
COL-0904-CC01-028,2026-09-04,CC01,F01028,29.2,3.7
COL-0904-CC01-029,2026-09-04,CC01,F01029,17.0,3.76
COL-0904-CC01-030,2026-09-04,CC01,F01030,25.6,3.91
COL-0904-CC01-031,2026-09-04,CC01,F01031,31.1,3.82
COL-0904-CC01-032,2026-09-04,CC01,F01032,41.1,3.98
COL-0904-CC01-033,2026-09-04,CC01,F01033,50.1,3.63
COL-0904-CC01-034,2026-09-04,CC01,F01034,28.2,3.35
COL-0904-CC01-035,2026-09-04,CC01,F01035,27.1,4.35
COL-0904-CC01-036,2026-09-04,CC01,F01036,62.2,3.6
COL-0904-CC01-037,2026-09-04,CC01,F01037,54.4,3.67
COL-0904-CC01-038,2026-09-04,CC01,F01038,46.9,3.57
COL-0904-CC01-039,2026-09-04,CC01,F01039,38.5,3.65
COL-0904-CC02-000,2026-09-04,CC02,F02000,34.8,3.9
COL-0904-CC02-001,2026-09-04,CC02,F02001,53.3,3.76
COL-0904-CC02-002,2026-09-04,CC02,F02002,31.5,3.39
COL-0904-CC02-003,2026-09-04,CC02,F02003,13.2,3.69
COL-0904-CC02-004,2026-09-04,CC02,F02004,32.2,3.79
COL-0904-CC02-005,2026-09-04,CC02,F02005,26.6,4.02
COL-0904-CC02-006,2026-09-04,CC02,F02006,33.8,3.3
COL-0904-CC02-007,2026-09-04,CC02,F02007,30.0,4.0
COL-0904-CC02-008,2026-09-04,CC02,F02008,37.3,3.65
COL-0904-CC02-009,2026-09-04,CC02,F02009,44.0,3.85
COL-0904-CC02-010,2026-09-04,CC02,F02010,61.5,4.0
COL-0904-CC02-011,2026-09-04,CC02,F02011,12.4,3.53
COL-0904-CC02-012,2026-09-04,CC02,F02012,44.7,3.55
COL-0904-CC02-013,2026-09-04,CC02,F02013,28.9,3.76
COL-0904-CC02-014,2026-09-04,CC02,F02014,12.7,4.01
COL-0904-CC02-015,2026-09-04,CC02,F02015,25.7,3.63
COL-0904-CC02-016,2026-09-04,CC02,F02016,11.7,3.37
COL-0904-CC02-017,2026-09-04,CC02,F02017,41.7,3.58
COL-0904-CC02-018,2026-09-04,CC02,F02018,32.0,3.9
COL-0904-CC02-019,2026-09-04,CC02,F02019,33.0,4.14
COL-0904-CC02-020,2026-09-04,CC02,F02020,24.6,3.64
COL-0904-CC02-021,2026-09-04,CC02,F02021,25.2,3.69
COL-0904-CC02-022,2026-09-04,CC02,F02022,31.0,3.73
COL-0904-CC02-023,2026-09-04,CC02,F02023,18.8,3.75
COL-0904-CC02-024,2026-09-04,CC02,F02024,35.1,3.5
COL-0904-CC02-025,2026-09-04,CC02,F02025,50.6,3.66
COL-0904-CC02-026,2026-09-04,CC02,F02026,45.7,3.85
COL-0904-CC02-027,2026-09-04,CC02,F02027,44.4,3.82
COL-0904-CC02-028,2026-09-04,CC02,F02028,12.4,3.79
COL-0904-CC02-029,2026-09-04,CC02,F02029,24.0,3.49
COL-0904-CC02-030,2026-09-04,CC02,F02030,26.8,3.62
COL-0904-CC02-031,2026-09-04,CC02,F02031,52.0,3.57
COL-0904-CC02-032,2026-09-04,CC02,F02032,33.8,4.1
COL-0904-CC02-033,2026-09-04,CC02,F02033,13.5,4.22
COL-0904-CC02-034,2026-09-04,CC02,F02034,27.2,3.89
COL-0904-CC02-035,2026-09-04,CC02,F02035,86.3,4.26
COL-0904-CC02-036,2026-09-04,CC02,F02036,49.8,3.7
COL-0904-CC02-037,2026-09-04,CC02,F02037,14.7,3.7
COL-0904-CC02-038,2026-09-04,CC02,F02038,25.0,3.4
COL-0904-CC02-039,2026-09-04,CC02,F02039,24.0,3.86
COL-0904-CC02-040,2026-09-04,CC02,F02040,84.0,3.65
COL-0904-CC02-041,2026-09-04,CC02,F02041,25.2,3.82
COL-0904-CC02-042,2026-09-04,CC02,F02042,33.9,3.93
COL-0904-CC02-043,2026-09-04,CC02,F02043,9.7,3.72
COL-0904-CC02-044,2026-09-04,CC02,F02044,26.1,3.45
COL-0904-CC02-045,2026-09-04,CC02,F02045,16.4,3.78
COL-0904-CC02-046,2026-09-04,CC02,F02046,23.5,3.77
COL-0904-CC02-047,2026-09-04,CC02,F02047,10.6,3.8
COL-0904-CC03-000,2026-09-04,CC03,F03000,48.1,3.82
COL-0904-CC03-001,2026-09-04,CC03,F03001,17.0,3.5
COL-0904-CC03-002,2026-09-04,CC03,F03002,35.0,4.55
COL-0904-CC03-003,2026-09-04,CC03,F03003,82.4,3.57
COL-0904-CC03-004,2026-09-04,CC03,F03004,31.4,3.57
COL-0904-CC03-005,2026-09-04,CC03,F03005,30.3,4.0
COL-0904-CC03-006,2026-09-04,CC03,F03006,39.4,3.67
COL-0904-CC03-007,2026-09-04,CC03,F03007,47.4,3.11
COL-0904-CC03-008,2026-09-04,CC03,F03008,53.2,3.76
COL-0904-CC03-009,2026-09-04,CC03,F03009,33.4,3.51
COL-0904-CC03-010,2026-09-04,CC03,F03010,9.0,3.65
COL-0904-CC03-011,2026-09-04,CC03,F03011,42.2,3.32
COL-0904-CC03-012,2026-09-04,CC03,F03012,9.4,3.53
COL-0904-CC03-013,2026-09-04,CC03,F03013,16.1,3.75
COL-0904-CC03-014,2026-09-04,CC03,F03014,59.6,3.77
COL-0904-CC03-015,2026-09-04,CC03,F03015,21.3,3.46
COL-0904-CC03-016,2026-09-04,CC03,F03016,72.2,3.58
COL-0904-CC03-017,2026-09-04,CC03,F03017,19.7,3.54
COL-0904-CC03-018,2026-09-04,CC03,F03018,46.4,3.83
COL-0904-CC03-019,2026-09-04,CC03,F03019,70.1,3.74
COL-0904-CC03-020,2026-09-04,CC03,F03020,52.4,3.42
COL-0904-CC03-021,2026-09-04,CC03,F03021,18.8,3.98
COL-0904-CC03-022,2026-09-04,CC03,F03022,33.0,3.58
COL-0904-CC03-023,2026-09-04,CC03,F03023,23.1,3.9
COL-0904-CC03-024,2026-09-04,CC03,F03024,72.7,3.51
COL-0904-CC03-025,2026-09-04,CC03,F03025,44.7,3.87
COL-0904-CC03-026,2026-09-04,CC03,F03026,46.6,3.75
COL-0904-CC03-027,2026-09-04,CC03,F03027,22.9,3.8
COL-0904-CC03-028,2026-09-04,CC03,F03028,31.8,3.93
COL-0904-CC03-029,2026-09-04,CC03,F03029,33.8,3.91
COL-0904-CC03-030,2026-09-04,CC03,F03030,33.4,3.83
COL-0904-CC03-031,2026-09-04,CC03,F03031,38.1,3.83
COL-0904-CC03-032,2026-09-04,CC03,F03032,20.4,3.41
COL-0904-CC03-033,2026-09-04,CC03,F03033,43.7,3.76
COL-0904-CC03-034,2026-09-04,CC03,F03034,18.0,3.13
COL-0904-CC04-000,2026-09-04,CC04,F04000,56.8,3.95
COL-0904-CC04-001,2026-09-04,CC04,F04001,48.3,3.85
COL-0904-CC04-002,2026-09-04,CC04,F04002,35.6,3.27
COL-0904-CC04-003,2026-09-04,CC04,F04003,37.1,3.74
COL-0904-CC04-004,2026-09-04,CC04,F04004,30.2,3.79
COL-0904-CC04-005,2026-09-04,CC04,F04005,17.3,3.42
COL-0904-CC04-006,2026-09-04,CC04,F04006,35.3,3.15
COL-0904-CC04-007,2026-09-04,CC04,F04007,19.8,4.37
COL-0904-CC04-008,2026-09-04,CC04,F04008,21.1,3.99
COL-0904-CC04-009,2026-09-04,CC04,F04009,67.9,3.68
COL-0904-CC04-010,2026-09-04,CC04,F04010,19.8,4.28
COL-0904-CC04-011,2026-09-04,CC04,F04011,70.8,4.13
COL-0904-CC04-012,2026-09-04,CC04,F04012,14.7,3.93
COL-0904-CC04-013,2026-09-04,CC04,F04013,10.5,3.87
COL-0904-CC04-014,2026-09-04,CC04,F04014,25.6,4.03
COL-0904-CC04-015,2026-09-04,CC04,F04015,15.0,4.24
COL-0904-CC04-016,2026-09-04,CC04,F04016,23.4,3.82
COL-0904-CC04-017,2026-09-04,CC04,F04017,29.6,3.73
COL-0904-CC04-018,2026-09-04,CC04,F04018,21.5,3.97
COL-0904-CC04-019,2026-09-04,CC04,F04019,45.4,2.96
COL-0904-CC04-020,2026-09-04,CC04,F04020,34.9,3.83
COL-0904-CC04-021,2026-09-04,CC04,F04021,38.9,3.68
COL-0904-CC04-022,2026-09-04,CC04,F04022,39.1,3.79
COL-0904-CC04-023,2026-09-04,CC04,F04023,21.2,3.74
COL-0904-CC04-024,2026-09-04,CC04,F04024,15.8,3.9
COL-0904-CC04-025,2026-09-04,CC04,F04025,79.9,3.83
COL-0904-CC04-026,2026-09-04,CC04,F04026,20.2,3.82
COL-0904-CC04-027,2026-09-04,CC04,F04027,33.7,3.76
COL-0904-CC04-028,2026-09-04,CC04,F04028,26.7,3.94
COL-0904-CC04-029,2026-09-04,CC04,F04029,39.6,3.65
COL-0904-CC04-030,2026-09-04,CC04,F04030,64.8,4.09
COL-0904-CC04-031,2026-09-04,CC04,F04031,40.6,3.3
COL-0904-CC04-032,2026-09-04,CC04,F04032,45.9,3.86
COL-0904-CC04-033,2026-09-04,CC04,F04033,75.8,3.94
COL-0904-CC04-034,2026-09-04,CC04,F04034,56.4,3.42
COL-0904-CC04-035,2026-09-04,CC04,F04035,47.9,3.67
COL-0904-CC04-036,2026-09-04,CC04,F04036,26.6,4.2
COL-0904-CC04-037,2026-09-04,CC04,F04037,17.8,3.76
COL-0904-CC04-038,2026-09-04,CC04,F04038,52.1,3.54
COL-0904-CC04-039,2026-09-04,CC04,F04039,32.4,2.91
COL-0904-CC04-040,2026-09-04,CC04,F04040,9.3,3.9
COL-0904-CC04-041,2026-09-04,CC04,F04041,21.0,3.83
COL-0904-CC04-042,2026-09-04,CC04,F04042,14.8,3.98
COL-0904-CC05-000,2026-09-04,CC05,F05000,28.4,3.73
COL-0904-CC05-001,2026-09-04,CC05,F05001,21.8,4.01
COL-0904-CC05-002,2026-09-04,CC05,F05002,38.7,4.05
COL-0904-CC05-003,2026-09-04,CC05,F05003,22.6,3.65
COL-0904-CC05-004,2026-09-04,CC05,F05004,17.0,3.73
COL-0904-CC05-005,2026-09-04,CC05,F05005,61.9,3.7
COL-0904-CC05-006,2026-09-04,CC05,F05006,33.4,4.11
COL-0904-CC05-007,2026-09-04,CC05,F05007,35.1,3.84
COL-0904-CC05-008,2026-09-04,CC05,F05008,26.3,3.85
COL-0904-CC05-009,2026-09-04,CC05,F05009,41.3,4.02
COL-0904-CC05-010,2026-09-04,CC05,F05010,24.5,3.78
COL-0904-CC05-011,2026-09-04,CC05,F05011,23.1,4.41
COL-0904-CC05-012,2026-09-04,CC05,F05012,20.0,3.52
COL-0904-CC05-013,2026-09-04,CC05,F05013,34.8,4.18
COL-0904-CC05-014,2026-09-04,CC05,F05014,3.3,4.22
COL-0904-CC05-015,2026-09-04,CC05,F05015,57.3,3.46
COL-0904-CC05-016,2026-09-04,CC05,F05016,31.6,4.06
COL-0904-CC05-017,2026-09-04,CC05,F05017,35.8,3.88
COL-0904-CC05-018,2026-09-04,CC05,F05018,8.1,4.06
COL-0904-CC05-019,2026-09-04,CC05,F05019,30.3,3.44
COL-0904-CC05-020,2026-09-04,CC05,F05020,37.2,3.87
COL-0904-CC05-021,2026-09-04,CC05,F05021,13.7,3.51
COL-0904-CC05-022,2026-09-04,CC05,F05022,25.2,3.7
COL-0904-CC05-023,2026-09-04,CC05,F05023,28.2,4.23
COL-0904-CC05-024,2026-09-04,CC05,F05024,19.5,3.76
COL-0904-CC05-025,2026-09-04,CC05,F05025,13.6,3.12
COL-0904-CC05-026,2026-09-04,CC05,F05026,26.7,3.38
COL-0904-CC05-027,2026-09-04,CC05,F05027,9.4,3.46
COL-0904-CC05-028,2026-09-04,CC05,F05028,28.2,4.1
COL-0904-CC05-029,2026-09-04,CC05,F05029,18.6,3.59
COL-0904-CC05-030,2026-09-04,CC05,F05030,11.8,3.33
COL-0904-CC06-000,2026-09-04,CC06,F06000,18.7,3.36
COL-0904-CC06-001,2026-09-04,CC06,F06001,27.5,3.87
COL-0904-CC06-002,2026-09-04,CC06,F06002,15.1,3.63
COL-0904-CC06-003,2026-09-04,CC06,F06003,26.9,3.65
COL-0904-CC06-004,2026-09-04,CC06,F06004,19.5,3.66
COL-0904-CC06-005,2026-09-04,CC06,F06005,77.7,3.57
COL-0904-CC06-006,2026-09-04,CC06,F06006,67.1,3.51
COL-0904-CC06-007,2026-09-04,CC06,F06007,29.8,4.17
COL-0904-CC06-008,2026-09-04,CC06,F06008,38.3,3.93
COL-0904-CC06-009,2026-09-04,CC06,F06009,21.3,3.6
COL-0904-CC06-010,2026-09-04,CC06,F06010,25.1,3.67
COL-0904-CC06-011,2026-09-04,CC06,F06011,19.4,4.09
COL-0904-CC06-012,2026-09-04,CC06,F06012,11.8,3.91
COL-0904-CC06-013,2026-09-04,CC06,F06013,25.2,3.86
COL-0904-CC06-014,2026-09-04,CC06,F06014,15.2,3.43
COL-0904-CC06-015,2026-09-04,CC06,F06015,20.7,3.67
COL-0904-CC06-016,2026-09-04,CC06,F06016,34.2,3.46
COL-0904-CC06-017,2026-09-04,CC06,F06017,34.1,3.22
COL-0904-CC06-018,2026-09-04,CC06,F06018,31.0,4.07
COL-0904-CC06-019,2026-09-04,CC06,F06019,36.5,3.7
COL-0904-CC06-020,2026-09-04,CC06,F06020,22.0,3.67
COL-0904-CC06-021,2026-09-04,CC06,F06021,14.7,3.51
COL-0904-CC06-022,2026-09-04,CC06,F06022,24.5,4.02
COL-0904-CC06-023,2026-09-04,CC06,F06023,13.0,4.43
COL-0904-CC06-024,2026-09-04,CC06,F06024,37.5,3.97
COL-0904-CC06-025,2026-09-04,CC06,F06025,32.4,4.08
COL-0904-CC07-000,2026-09-04,CC07,F07000,29.4,3.71
COL-0904-CC07-001,2026-09-04,CC07,F07001,28.2,3.24
COL-0904-CC07-002,2026-09-04,CC07,F07002,57.3,3.37
COL-0904-CC07-003,2026-09-04,CC07,F07003,34.7,3.66
COL-0904-CC07-004,2026-09-04,CC07,F07004,44.1,3.95
COL-0904-CC07-005,2026-09-04,CC07,F07005,17.3,4.09
COL-0904-CC07-006,2026-09-04,CC07,F07006,51.3,4.65
COL-0904-CC07-007,2026-09-04,CC07,F07007,40.1,3.83
COL-0904-CC07-008,2026-09-04,CC07,F07008,62.6,3.56
COL-0904-CC07-009,2026-09-04,CC07,F07009,51.6,3.85
COL-0904-CC07-010,2026-09-04,CC07,F07010,22.8,4.0
COL-0904-CC07-011,2026-09-04,CC07,F07011,30.5,3.84
COL-0904-CC07-012,2026-09-04,CC07,F07012,36.2,3.48
COL-0904-CC07-013,2026-09-04,CC07,F07013,12.6,3.76
COL-0904-CC07-014,2026-09-04,CC07,F07014,53.4,3.78
COL-0904-CC07-015,2026-09-04,CC07,F07015,28.2,3.37
COL-0904-CC07-016,2026-09-04,CC07,F07016,10.1,3.43
COL-0904-CC07-017,2026-09-04,CC07,F07017,50.5,4.15
COL-0904-CC07-018,2026-09-04,CC07,F07018,17.9,3.13
COL-0904-CC07-019,2026-09-04,CC07,F07019,27.0,3.84
COL-0904-CC07-020,2026-09-04,CC07,F07020,12.4,3.72
COL-0904-CC07-021,2026-09-04,CC07,F07021,34.2,4.21
COL-0904-CC07-022,2026-09-04,CC07,F07022,38.2,3.98
COL-0904-CC07-023,2026-09-04,CC07,F07023,26.1,3.54
COL-0904-CC07-024,2026-09-04,CC07,F07024,44.2,4.17
COL-0904-CC07-025,2026-09-04,CC07,F07025,24.4,3.63
COL-0904-CC07-026,2026-09-04,CC07,F07026,31.5,4.39
COL-0904-CC07-027,2026-09-04,CC07,F07027,13.1,4.29
COL-0904-CC07-028,2026-09-04,CC07,F07028,9.9,3.77
COL-0904-CC07-029,2026-09-04,CC07,F07029,51.7,4.03
COL-0904-CC07-030,2026-09-04,CC07,F07030,25.1,3.85
COL-0904-CC07-031,2026-09-04,CC07,F07031,21.9,3.53
COL-0904-CC08-000,2026-09-04,CC08,F08000,48.5,3.83
COL-0904-CC08-001,2026-09-04,CC08,F08001,47.8,3.58
COL-0904-CC08-002,2026-09-04,CC08,F08002,30.5,3.55
COL-0904-CC08-003,2026-09-04,CC08,F08003,27.4,3.71
COL-0904-CC08-004,2026-09-04,CC08,F08004,67.5,3.95
COL-0904-CC08-005,2026-09-04,CC08,F08005,68.4,4.21
COL-0904-CC08-006,2026-09-04,CC08,F08006,28.6,3.54
COL-0904-CC08-007,2026-09-04,CC08,F08007,23.7,4.01
COL-0904-CC08-008,2026-09-04,CC08,F08008,27.4,3.82
COL-0904-CC08-009,2026-09-04,CC08,F08009,66.0,3.74
COL-0904-CC08-010,2026-09-04,CC08,F08010,19.4,4.14
COL-0904-CC08-011,2026-09-04,CC08,F08011,42.1,3.7
COL-0904-CC08-012,2026-09-04,CC08,F08012,21.0,4.22
COL-0904-CC08-013,2026-09-04,CC08,F08013,12.5,3.71
COL-0904-CC08-014,2026-09-04,CC08,F08014,64.0,3.53
COL-0904-CC08-015,2026-09-04,CC08,F08015,26.3,4.03
COL-0904-CC08-016,2026-09-04,CC08,F08016,27.2,3.37
COL-0904-CC08-017,2026-09-04,CC08,F08017,17.8,3.45
COL-0904-CC08-018,2026-09-04,CC08,F08018,13.5,3.75
COL-0904-CC08-019,2026-09-04,CC08,F08019,21.5,3.81
COL-0904-CC08-020,2026-09-04,CC08,F08020,27.1,3.73
COL-0904-CC08-021,2026-09-04,CC08,F08021,10.7,3.22
COL-0904-CC08-022,2026-09-04,CC08,F08022,24.5,3.41
COL-0904-CC08-023,2026-09-04,CC08,F08023,40.0,3.96
COL-0904-CC08-024,2026-09-04,CC08,F08024,81.9,3.97
COL-0904-CC08-025,2026-09-04,CC08,F08025,61.9,3.51
COL-0904-CC08-026,2026-09-04,CC08,F08026,23.9,3.89
COL-0904-CC08-027,2026-09-04,CC08,F08027,14.9,3.87
COL-0904-CC08-028,2026-09-04,CC08,F08028,27.7,4.11
COL-0904-CC08-029,2026-09-04,CC08,F08029,52.0,3.59
COL-0904-CC08-030,2026-09-04,CC08,F08030,36.9,4.24
COL-0904-CC08-031,2026-09-04,CC08,F08031,62.1,3.72
COL-0904-CC08-032,2026-09-04,CC08,F08032,13.2,4.24
COL-0904-CC08-033,2026-09-04,CC08,F08033,41.3,4.09
COL-0904-CC08-034,2026-09-04,CC08,F08034,12.1,3.51
COL-0904-CC08-035,2026-09-04,CC08,F08035,32.8,3.72
COL-0904-CC08-036,2026-09-04,CC08,F08036,50.1,3.9
COL-0905-CC01-000,2026-09-05,CC01,F01000,37.9,4.27
COL-0905-CC01-001,2026-09-05,CC01,F01001,18.0,3.26
COL-0905-CC01-002,2026-09-05,CC01,F01002,16.7,4.04
COL-0905-CC01-003,2026-09-05,CC01,F01003,46.3,3.61
COL-0905-CC01-004,2026-09-05,CC01,F01004,4.7,3.18
COL-0905-CC01-005,2026-09-05,CC01,F01005,51.4,3.92
COL-0905-CC01-006,2026-09-05,CC01,F01006,45.2,3.76
COL-0905-CC01-007,2026-09-05,CC01,F01007,57.5,3.7
COL-0905-CC01-008,2026-09-05,CC01,F01008,46.8,3.42
COL-0905-CC01-009,2026-09-05,CC01,F01009,26.3,3.5
COL-0905-CC01-010,2026-09-05,CC01,F01010,61.9,3.74
COL-0905-CC01-011,2026-09-05,CC01,F01011,26.8,3.36
COL-0905-CC01-012,2026-09-05,CC01,F01012,89.8,3.77
COL-0905-CC01-013,2026-09-05,CC01,F01013,37.7,3.84
COL-0905-CC01-014,2026-09-05,CC01,F01014,32.3,3.76
COL-0905-CC01-015,2026-09-05,CC01,F01015,42.5,3.89
COL-0905-CC01-016,2026-09-05,CC01,F01016,33.3,3.78
COL-0905-CC01-017,2026-09-05,CC01,F01017,42.4,3.46
COL-0905-CC01-018,2026-09-05,CC01,F01018,32.1,3.49
COL-0905-CC01-019,2026-09-05,CC01,F01019,44.9,3.84
COL-0905-CC01-020,2026-09-05,CC01,F01020,16.2,4.09
COL-0905-CC01-021,2026-09-05,CC01,F01021,24.3,3.85
COL-0905-CC01-022,2026-09-05,CC01,F01022,29.1,3.65
COL-0905-CC01-023,2026-09-05,CC01,F01023,19.9,3.85
COL-0905-CC01-024,2026-09-05,CC01,F01024,48.5,3.26
COL-0905-CC01-025,2026-09-05,CC01,F01025,17.5,3.5
COL-0905-CC01-026,2026-09-05,CC01,F01026,40.4,3.69
COL-0905-CC01-027,2026-09-05,CC01,F01027,22.3,3.78
COL-0905-CC01-028,2026-09-05,CC01,F01028,31.1,3.7
COL-0905-CC01-029,2026-09-05,CC01,F01029,18.3,3.72
COL-0905-CC01-030,2026-09-05,CC01,F01030,42.1,3.45
COL-0905-CC01-031,2026-09-05,CC01,F01031,99.2,3.63
COL-0905-CC01-032,2026-09-05,CC01,F01032,19.6,3.87
COL-0905-CC01-033,2026-09-05,CC01,F01033,35.2,3.25
COL-0905-CC01-034,2026-09-05,CC01,F01034,37.1,3.44
COL-0905-CC01-035,2026-09-05,CC01,F01035,27.6,3.7
COL-0905-CC01-036,2026-09-05,CC01,F01036,77.6,4.24
COL-0905-CC01-037,2026-09-05,CC01,F01037,24.2,4.0
COL-0905-CC01-038,2026-09-05,CC01,F01038,53.3,4.27
COL-0905-CC01-039,2026-09-05,CC01,F01039,52.6,4.2
COL-0905-CC01-040,2026-09-05,CC01,F01040,26.3,3.67
COL-0905-CC01-041,2026-09-05,CC01,F01041,41.3,3.78
COL-0905-CC02-000,2026-09-05,CC02,F02000,39.3,3.37
COL-0905-CC02-001,2026-09-05,CC02,F02001,37.0,4.25
COL-0905-CC02-002,2026-09-05,CC02,F02002,33.8,3.69
COL-0905-CC02-003,2026-09-05,CC02,F02003,18.9,3.59
COL-0905-CC02-004,2026-09-05,CC02,F02004,29.4,4.07
COL-0905-CC02-005,2026-09-05,CC02,F02005,33.2,3.55
COL-0905-CC02-006,2026-09-05,CC02,F02006,44.0,3.41
COL-0905-CC02-007,2026-09-05,CC02,F02007,7.6,3.64
COL-0905-CC02-008,2026-09-05,CC02,F02008,23.1,3.79
COL-0905-CC02-009,2026-09-05,CC02,F02009,74.9,3.89
COL-0905-CC02-010,2026-09-05,CC02,F02010,29.5,3.97
COL-0905-CC02-011,2026-09-05,CC02,F02011,4.0,4.1
COL-0905-CC02-012,2026-09-05,CC02,F02012,19.7,3.78
COL-0905-CC02-013,2026-09-05,CC02,F02013,18.4,3.92
COL-0905-CC02-014,2026-09-05,CC02,F02014,39.4,3.78
COL-0905-CC02-015,2026-09-05,CC02,F02015,17.7,3.62
COL-0905-CC02-016,2026-09-05,CC02,F02016,25.1,3.93
COL-0905-CC02-017,2026-09-05,CC02,F02017,57.0,3.92
COL-0905-CC02-018,2026-09-05,CC02,F02018,51.1,4.36
COL-0905-CC02-019,2026-09-05,CC02,F02019,35.3,3.99
COL-0905-CC02-020,2026-09-05,CC02,F02020,17.0,3.61
COL-0905-CC02-021,2026-09-05,CC02,F02021,13.6,3.99
COL-0905-CC02-022,2026-09-05,CC02,F02022,18.3,3.74
COL-0905-CC02-023,2026-09-05,CC02,F02023,62.3,4.28
COL-0905-CC02-024,2026-09-05,CC02,F02024,38.1,3.31
COL-0905-CC02-025,2026-09-05,CC02,F02025,65.0,3.62
COL-0905-CC02-026,2026-09-05,CC02,F02026,45.5,3.62
COL-0905-CC02-027,2026-09-05,CC02,F02027,32.6,3.85
COL-0905-CC02-028,2026-09-05,CC02,F02028,24.5,3.78
COL-0905-CC02-029,2026-09-05,CC02,F02029,55.0,3.34
COL-0905-CC02-030,2026-09-05,CC02,F02030,31.4,3.26
COL-0905-CC02-031,2026-09-05,CC02,F02031,45.4,3.87
COL-0905-CC02-032,2026-09-05,CC02,F02032,36.5,4.25
COL-0905-CC02-033,2026-09-05,CC02,F02033,56.4,4.25
COL-0905-CC02-034,2026-09-05,CC02,F02034,35.4,3.7
COL-0905-CC03-000,2026-09-05,CC03,F03000,53.2,3.75
COL-0905-CC03-001,2026-09-05,CC03,F03001,25.3,3.68
COL-0905-CC03-002,2026-09-05,CC03,F03002,46.6,3.69
COL-0905-CC03-003,2026-09-05,CC03,F03003,25.3,3.72
COL-0905-CC03-004,2026-09-05,CC03,F03004,30.0,2.96
COL-0905-CC03-005,2026-09-05,CC03,F03005,20.4,3.74
COL-0905-CC03-006,2026-09-05,CC03,F03006,23.5,3.6
COL-0905-CC03-007,2026-09-05,CC03,F03007,67.5,3.78
COL-0905-CC03-008,2026-09-05,CC03,F03008,39.0,3.66
COL-0905-CC03-009,2026-09-05,CC03,F03009,33.3,3.8
COL-0905-CC03-010,2026-09-05,CC03,F03010,29.9,3.89
COL-0905-CC03-011,2026-09-05,CC03,F03011,27.2,4.32
COL-0905-CC03-012,2026-09-05,CC03,F03012,19.8,3.56
COL-0905-CC03-013,2026-09-05,CC03,F03013,11.9,4.3
COL-0905-CC03-014,2026-09-05,CC03,F03014,21.6,3.73
COL-0905-CC03-015,2026-09-05,CC03,F03015,24.3,3.54
COL-0905-CC03-016,2026-09-05,CC03,F03016,21.8,3.38
COL-0905-CC03-017,2026-09-05,CC03,F03017,20.5,4.06
COL-0905-CC03-018,2026-09-05,CC03,F03018,42.5,3.36
COL-0905-CC03-019,2026-09-05,CC03,F03019,57.5,4.07
COL-0905-CC03-020,2026-09-05,CC03,F03020,38.8,3.9
COL-0905-CC03-021,2026-09-05,CC03,F03021,43.1,3.63
COL-0905-CC03-022,2026-09-05,CC03,F03022,15.1,3.61
COL-0905-CC03-023,2026-09-05,CC03,F03023,30.1,3.94
COL-0905-CC03-024,2026-09-05,CC03,F03024,30.0,3.85
COL-0905-CC03-025,2026-09-05,CC03,F03025,20.2,4.02
COL-0905-CC03-026,2026-09-05,CC03,F03026,23.6,3.8
COL-0905-CC03-027,2026-09-05,CC03,F03027,47.8,3.65
COL-0905-CC03-028,2026-09-05,CC03,F03028,48.9,3.96
COL-0905-CC03-029,2026-09-05,CC03,F03029,42.9,3.45
COL-0905-CC03-030,2026-09-05,CC03,F03030,33.4,4.05
COL-0905-CC03-031,2026-09-05,CC03,F03031,17.2,3.82
COL-0905-CC03-032,2026-09-05,CC03,F03032,56.5,3.47
COL-0905-CC03-033,2026-09-05,CC03,F03033,39.9,3.5
COL-0905-CC03-034,2026-09-05,CC03,F03034,34.3,3.7
COL-0905-CC03-035,2026-09-05,CC03,F03035,40.0,3.27
COL-0905-CC03-036,2026-09-05,CC03,F03036,30.2,4.21
COL-0905-CC03-037,2026-09-05,CC03,F03037,21.6,4.08
COL-0905-CC03-038,2026-09-05,CC03,F03038,16.7,3.48
COL-0905-CC03-039,2026-09-05,CC03,F03039,20.2,3.77
COL-0905-CC03-040,2026-09-05,CC03,F03040,43.1,4.3
COL-0905-CC03-041,2026-09-05,CC03,F03041,21.8,3.92
COL-0905-CC03-042,2026-09-05,CC03,F03042,47.0,3.5
COL-0905-CC03-043,2026-09-05,CC03,F03043,54.6,3.16
COL-0905-CC03-044,2026-09-05,CC03,F03044,16.2,3.32
COL-0905-CC03-045,2026-09-05,CC03,F03045,35.3,4.15
COL-0905-CC03-046,2026-09-05,CC03,F03046,6.6,3.89
COL-0905-CC04-000,2026-09-05,CC04,F04000,20.4,4.06
COL-0905-CC04-001,2026-09-05,CC04,F04001,22.9,4.05
COL-0905-CC04-002,2026-09-05,CC04,F04002,17.2,3.75
COL-0905-CC04-003,2026-09-05,CC04,F04003,54.5,3.91
COL-0905-CC04-004,2026-09-05,CC04,F04004,16.9,3.78
COL-0905-CC04-005,2026-09-05,CC04,F04005,49.4,4.06
COL-0905-CC04-006,2026-09-05,CC04,F04006,66.1,3.8
COL-0905-CC04-007,2026-09-05,CC04,F04007,40.9,4.04
COL-0905-CC04-008,2026-09-05,CC04,F04008,9.8,3.4
COL-0905-CC04-009,2026-09-05,CC04,F04009,36.2,3.7
COL-0905-CC04-010,2026-09-05,CC04,F04010,32.4,2.95
COL-0905-CC04-011,2026-09-05,CC04,F04011,25.6,3.76
COL-0905-CC04-012,2026-09-05,CC04,F04012,39.1,4.03
COL-0905-CC04-013,2026-09-05,CC04,F04013,25.8,3.73
COL-0905-CC04-014,2026-09-05,CC04,F04014,25.3,4.5
COL-0905-CC04-015,2026-09-05,CC04,F04015,24.9,3.51
COL-0905-CC04-016,2026-09-05,CC04,F04016,53.5,3.7
COL-0905-CC04-017,2026-09-05,CC04,F04017,23.0,3.53
COL-0905-CC04-018,2026-09-05,CC04,F04018,43.2,3.65
COL-0905-CC04-019,2026-09-05,CC04,F04019,29.6,3.66
COL-0905-CC04-020,2026-09-05,CC04,F04020,29.1,3.36
COL-0905-CC04-021,2026-09-05,CC04,F04021,93.6,3.51
COL-0905-CC04-022,2026-09-05,CC04,F04022,46.6,4.41
COL-0905-CC04-023,2026-09-05,CC04,F04023,13.5,3.72
COL-0905-CC04-024,2026-09-05,CC04,F04024,43.9,4.07
COL-0905-CC04-025,2026-09-05,CC04,F04025,26.6,3.42
COL-0905-CC04-026,2026-09-05,CC04,F04026,25.9,3.77
COL-0905-CC04-027,2026-09-05,CC04,F04027,20.3,3.96
COL-0905-CC04-028,2026-09-05,CC04,F04028,21.0,3.75
COL-0905-CC04-029,2026-09-05,CC04,F04029,40.0,3.65
COL-0905-CC04-030,2026-09-05,CC04,F04030,70.7,3.75
COL-0905-CC04-031,2026-09-05,CC04,F04031,33.8,3.81
COL-0905-CC04-032,2026-09-05,CC04,F04032,27.7,4.05
COL-0905-CC04-033,2026-09-05,CC04,F04033,31.7,4.16
COL-0905-CC04-034,2026-09-05,CC04,F04034,37.9,3.41
COL-0905-CC04-035,2026-09-05,CC04,F04035,40.1,3.19
COL-0905-CC04-036,2026-09-05,CC04,F04036,27.2,3.74
COL-0905-CC04-037,2026-09-05,CC04,F04037,51.2,3.8
COL-0905-CC04-038,2026-09-05,CC04,F04038,23.5,4.01
COL-0905-CC04-039,2026-09-05,CC04,F04039,32.8,4.12
COL-0905-CC04-040,2026-09-05,CC04,F04040,37.3,3.6
COL-0905-CC04-041,2026-09-05,CC04,F04041,27.2,4.42
COL-0905-CC04-042,2026-09-05,CC04,F04042,27.0,3.88
COL-0905-CC04-043,2026-09-05,CC04,F04043,34.2,3.27
COL-0905-CC04-044,2026-09-05,CC04,F04044,87.6,4.09
COL-0905-CC04-045,2026-09-05,CC04,F04045,31.6,3.88
COL-0905-CC04-046,2026-09-05,CC04,F04046,29.9,3.89
COL-0905-CC04-047,2026-09-05,CC04,F04047,12.4,3.33
COL-0905-CC05-000,2026-09-05,CC05,F05000,53.0,3.46
COL-0905-CC05-001,2026-09-05,CC05,F05001,52.9,3.84
COL-0905-CC05-002,2026-09-05,CC05,F05002,64.1,4.0
COL-0905-CC05-003,2026-09-05,CC05,F05003,44.4,3.19
COL-0905-CC05-004,2026-09-05,CC05,F05004,12.8,3.35
COL-0905-CC05-005,2026-09-05,CC05,F05005,32.3,3.62
COL-0905-CC05-006,2026-09-05,CC05,F05006,29.3,3.03
COL-0905-CC05-007,2026-09-05,CC05,F05007,11.7,3.62
COL-0905-CC05-008,2026-09-05,CC05,F05008,33.5,4.05
COL-0905-CC05-009,2026-09-05,CC05,F05009,25.4,3.48
COL-0905-CC05-010,2026-09-05,CC05,F05010,11.2,3.84
COL-0905-CC05-011,2026-09-05,CC05,F05011,19.5,3.53
COL-0905-CC05-012,2026-09-05,CC05,F05012,46.3,3.93
COL-0905-CC05-013,2026-09-05,CC05,F05013,36.2,3.99
COL-0905-CC05-014,2026-09-05,CC05,F05014,41.4,4.19
COL-0905-CC05-015,2026-09-05,CC05,F05015,40.6,3.82
COL-0905-CC05-016,2026-09-05,CC05,F05016,43.2,4.11
COL-0905-CC05-017,2026-09-05,CC05,F05017,29.3,3.92
COL-0905-CC05-018,2026-09-05,CC05,F05018,52.6,3.66
COL-0905-CC05-019,2026-09-05,CC05,F05019,79.4,4.24
COL-0905-CC05-020,2026-09-05,CC05,F05020,28.8,3.62
COL-0905-CC05-021,2026-09-05,CC05,F05021,21.9,3.85
COL-0905-CC05-022,2026-09-05,CC05,F05022,51.0,4.53
COL-0905-CC05-023,2026-09-05,CC05,F05023,15.9,4.06
COL-0905-CC05-024,2026-09-05,CC05,F05024,42.1,3.55
COL-0905-CC05-025,2026-09-05,CC05,F05025,33.9,3.89
COL-0905-CC05-026,2026-09-05,CC05,F05026,43.9,3.63
COL-0905-CC05-027,2026-09-05,CC05,F05027,28.0,3.76
COL-0905-CC05-028,2026-09-05,CC05,F05028,34.3,3.35
COL-0905-CC05-029,2026-09-05,CC05,F05029,14.4,3.86
COL-0905-CC05-030,2026-09-05,CC05,F05030,19.7,3.34
COL-0905-CC05-031,2026-09-05,CC05,F05031,43.3,3.91
COL-0905-CC05-032,2026-09-05,CC05,F05032,50.3,3.91
COL-0905-CC05-033,2026-09-05,CC05,F05033,42.6,4.05
COL-0905-CC05-034,2026-09-05,CC05,F05034,11.9,4.47
COL-0905-CC05-035,2026-09-05,CC05,F05035,31.2,3.3
COL-0905-CC05-036,2026-09-05,CC05,F05036,13.0,3.44
COL-0905-CC05-037,2026-09-05,CC05,F05037,17.0,3.5
COL-0905-CC05-038,2026-09-05,CC05,F05038,33.4,3.63
COL-0905-CC05-039,2026-09-05,CC05,F05039,35.3,4.06
COL-0905-CC05-040,2026-09-05,CC05,F05040,27.9,3.7
COL-0905-CC05-041,2026-09-05,CC05,F05041,21.2,3.62
COL-0905-CC05-042,2026-09-05,CC05,F05042,32.6,3.46
COL-0905-CC05-043,2026-09-05,CC05,F05043,35.5,3.61
COL-0905-CC05-044,2026-09-05,CC05,F05044,22.8,3.67
COL-0905-CC05-045,2026-09-05,CC05,F05045,38.3,3.77
COL-0905-CC05-046,2026-09-05,CC05,F05046,24.8,3.37
COL-0905-CC05-047,2026-09-05,CC05,F05047,37.5,3.78
COL-0905-CC06-000,2026-09-05,CC06,F06000,43.7,3.8
COL-0905-CC06-001,2026-09-05,CC06,F06001,34.1,3.49
COL-0905-CC06-002,2026-09-05,CC06,F06002,12.1,3.59
COL-0905-CC06-003,2026-09-05,CC06,F06003,16.2,3.36
COL-0905-CC06-004,2026-09-05,CC06,F06004,45.1,3.42
COL-0905-CC06-005,2026-09-05,CC06,F06005,40.2,4.38
COL-0905-CC06-006,2026-09-05,CC06,F06006,45.4,3.87
COL-0905-CC06-007,2026-09-05,CC06,F06007,50.5,3.53
COL-0905-CC06-008,2026-09-05,CC06,F06008,36.6,4.0
COL-0905-CC06-009,2026-09-05,CC06,F06009,36.6,4.25
COL-0905-CC06-010,2026-09-05,CC06,F06010,30.2,3.61
COL-0905-CC06-011,2026-09-05,CC06,F06011,19.8,3.77
COL-0905-CC06-012,2026-09-05,CC06,F06012,10.4,3.42
COL-0905-CC06-013,2026-09-05,CC06,F06013,27.5,3.32
COL-0905-CC06-014,2026-09-05,CC06,F06014,6.7,4.21
COL-0905-CC06-015,2026-09-05,CC06,F06015,41.5,4.83
COL-0905-CC06-016,2026-09-05,CC06,F06016,55.7,3.58
COL-0905-CC06-017,2026-09-05,CC06,F06017,35.2,3.31
COL-0905-CC06-018,2026-09-05,CC06,F06018,20.6,4.23
COL-0905-CC06-019,2026-09-05,CC06,F06019,39.1,4.12
COL-0905-CC06-020,2026-09-05,CC06,F06020,46.7,3.94
COL-0905-CC06-021,2026-09-05,CC06,F06021,29.4,4.24
COL-0905-CC06-022,2026-09-05,CC06,F06022,20.6,3.7
COL-0905-CC06-023,2026-09-05,CC06,F06023,60.7,3.88
COL-0905-CC06-024,2026-09-05,CC06,F06024,50.0,4.04
COL-0905-CC06-025,2026-09-05,CC06,F06025,15.9,3.71
COL-0905-CC06-026,2026-09-05,CC06,F06026,41.1,3.94
COL-0905-CC06-027,2026-09-05,CC06,F06027,63.5,3.73
COL-0905-CC06-028,2026-09-05,CC06,F06028,64.1,3.94
COL-0905-CC06-029,2026-09-05,CC06,F06029,50.8,3.85
COL-0905-CC06-030,2026-09-05,CC06,F06030,16.4,3.21
COL-0905-CC06-031,2026-09-05,CC06,F06031,18.0,3.83
COL-0905-CC06-032,2026-09-05,CC06,F06032,26.8,3.37
COL-0905-CC06-033,2026-09-05,CC06,F06033,15.0,3.54
COL-0905-CC06-034,2026-09-05,CC06,F06034,14.2,3.3
COL-0905-CC06-035,2026-09-05,CC06,F06035,8.4,4.04
COL-0905-CC06-036,2026-09-05,CC06,F06036,20.9,3.7
COL-0905-CC06-037,2026-09-05,CC06,F06037,41.9,3.68
COL-0905-CC06-038,2026-09-05,CC06,F06038,52.0,4.17
COL-0905-CC06-039,2026-09-05,CC06,F06039,34.8,4.01
COL-0905-CC06-040,2026-09-05,CC06,F06040,40.5,3.73
COL-0905-CC06-041,2026-09-05,CC06,F06041,23.0,3.17
COL-0905-CC06-042,2026-09-05,CC06,F06042,65.4,4.0
COL-0905-CC06-043,2026-09-05,CC06,F06043,66.7,3.72
COL-0905-CC06-044,2026-09-05,CC06,F06044,21.6,3.69
COL-0905-CC06-045,2026-09-05,CC06,F06045,18.2,4.02
COL-0905-CC06-046,2026-09-05,CC06,F06046,21.4,3.61
COL-0905-CC06-047,2026-09-05,CC06,F06047,28.4,3.77
COL-0905-CC07-000,2026-09-05,CC07,F07000,50.6,3.93
COL-0905-CC07-001,2026-09-05,CC07,F07001,28.5,3.42
COL-0905-CC07-002,2026-09-05,CC07,F07002,48.6,3.63
COL-0905-CC07-003,2026-09-05,CC07,F07003,31.5,3.98
COL-0905-CC07-004,2026-09-05,CC07,F07004,24.9,3.75
COL-0905-CC07-005,2026-09-05,CC07,F07005,20.5,3.92
COL-0905-CC07-006,2026-09-05,CC07,F07006,24.9,3.61
COL-0905-CC07-007,2026-09-05,CC07,F07007,30.2,3.58
COL-0905-CC07-008,2026-09-05,CC07,F07008,55.5,3.9
COL-0905-CC07-009,2026-09-05,CC07,F07009,18.2,4.03
COL-0905-CC07-010,2026-09-05,CC07,F07010,30.6,3.81
COL-0905-CC07-011,2026-09-05,CC07,F07011,27.4,3.52
COL-0905-CC07-012,2026-09-05,CC07,F07012,16.4,3.32
COL-0905-CC07-013,2026-09-05,CC07,F07013,16.1,4.41
COL-0905-CC07-014,2026-09-05,CC07,F07014,59.7,3.47
COL-0905-CC07-015,2026-09-05,CC07,F07015,29.3,3.55
COL-0905-CC07-016,2026-09-05,CC07,F07016,21.2,3.59
COL-0905-CC07-017,2026-09-05,CC07,F07017,25.9,4.08
COL-0905-CC07-018,2026-09-05,CC07,F07018,23.3,3.59
COL-0905-CC07-019,2026-09-05,CC07,F07019,36.5,3.97
COL-0905-CC07-020,2026-09-05,CC07,F07020,25.4,3.9
COL-0905-CC07-021,2026-09-05,CC07,F07021,32.0,3.47
COL-0905-CC07-022,2026-09-05,CC07,F07022,22.9,3.86
COL-0905-CC07-023,2026-09-05,CC07,F07023,42.2,3.45
COL-0905-CC07-024,2026-09-05,CC07,F07024,22.5,3.76
COL-0905-CC07-025,2026-09-05,CC07,F07025,34.3,4.03
COL-0905-CC07-026,2026-09-05,CC07,F07026,41.9,3.74
COL-0905-CC07-027,2026-09-05,CC07,F07027,44.8,3.54
COL-0905-CC07-028,2026-09-05,CC07,F07028,9.0,3.68
COL-0905-CC07-029,2026-09-05,CC07,F07029,23.5,3.75
COL-0905-CC07-030,2026-09-05,CC07,F07030,49.1,3.91
COL-0905-CC07-031,2026-09-05,CC07,F07031,28.5,3.12
COL-0905-CC07-032,2026-09-05,CC07,F07032,29.0,3.26
COL-0905-CC07-033,2026-09-05,CC07,F07033,47.4,3.95
COL-0905-CC07-034,2026-09-05,CC07,F07034,70.3,3.77
COL-0905-CC07-035,2026-09-05,CC07,F07035,55.3,3.81
COL-0905-CC08-000,2026-09-05,CC08,F08000,27.0,4.06
COL-0905-CC08-001,2026-09-05,CC08,F08001,31.0,4.25
COL-0905-CC08-002,2026-09-05,CC08,F08002,34.8,3.69
COL-0905-CC08-003,2026-09-05,CC08,F08003,16.2,3.96
COL-0905-CC08-004,2026-09-05,CC08,F08004,15.0,3.73
COL-0905-CC08-005,2026-09-05,CC08,F08005,31.6,3.62
COL-0905-CC08-006,2026-09-05,CC08,F08006,49.1,4.1
COL-0905-CC08-007,2026-09-05,CC08,F08007,37.3,3.64
COL-0905-CC08-008,2026-09-05,CC08,F08008,29.1,4.06
COL-0905-CC08-009,2026-09-05,CC08,F08009,64.1,4.32
COL-0905-CC08-010,2026-09-05,CC08,F08010,20.5,3.77
COL-0905-CC08-011,2026-09-05,CC08,F08011,52.3,4.36
COL-0905-CC08-012,2026-09-05,CC08,F08012,35.2,3.42
COL-0905-CC08-013,2026-09-05,CC08,F08013,48.5,4.08
COL-0905-CC08-014,2026-09-05,CC08,F08014,36.9,3.81
COL-0905-CC08-015,2026-09-05,CC08,F08015,43.1,4.57
COL-0905-CC08-016,2026-09-05,CC08,F08016,30.9,3.82
COL-0905-CC08-017,2026-09-05,CC08,F08017,44.7,3.57
COL-0905-CC08-018,2026-09-05,CC08,F08018,32.3,4.29
COL-0905-CC08-019,2026-09-05,CC08,F08019,14.6,3.35
COL-0905-CC08-020,2026-09-05,CC08,F08020,10.8,3.94
COL-0905-CC08-021,2026-09-05,CC08,F08021,44.7,3.58
COL-0905-CC08-022,2026-09-05,CC08,F08022,48.1,4.22
COL-0905-CC08-023,2026-09-05,CC08,F08023,22.6,3.78
COL-0905-CC08-024,2026-09-05,CC08,F08024,42.7,4.06
COL-0905-CC08-025,2026-09-05,CC08,F08025,25.4,3.79
COL-0905-CC08-026,2026-09-05,CC08,F08026,50.5,3.48
COL-0905-CC08-027,2026-09-05,CC08,F08027,38.0,3.16
COL-0905-CC08-028,2026-09-05,CC08,F08028,27.4,4.34
COL-0905-CC08-029,2026-09-05,CC08,F08029,49.5,3.88
COL-0905-CC08-030,2026-09-05,CC08,F08030,45.3,3.46
COL-0905-CC08-031,2026-09-05,CC08,F08031,16.8,3.71
COL-0905-CC08-032,2026-09-05,CC08,F08032,19.2,4.1
COL-0905-CC08-033,2026-09-05,CC08,F08033,14.0,3.36
COL-0905-CC08-034,2026-09-05,CC08,F08034,50.5,4.48
COL-0905-CC08-035,2026-09-05,CC08,F08035,10.6,3.73
COL-0906-CC01-000,2026-09-06,CC01,F01000,46.0,3.96
COL-0906-CC01-001,2026-09-06,CC01,F01001,50.4,3.91
COL-0906-CC01-002,2026-09-06,CC01,F01002,15.4,3.86
COL-0906-CC01-003,2026-09-06,CC01,F01003,23.3,4.53
COL-0906-CC01-004,2026-09-06,CC01,F01004,21.4,3.47
COL-0906-CC01-005,2026-09-06,CC01,F01005,19.7,3.24
COL-0906-CC01-006,2026-09-06,CC01,F01006,22.4,3.97
COL-0906-CC01-007,2026-09-06,CC01,F01007,10.9,3.86
COL-0906-CC01-008,2026-09-06,CC01,F01008,26.6,3.37
COL-0906-CC01-009,2026-09-06,CC01,F01009,32.3,4.32
COL-0906-CC01-010,2026-09-06,CC01,F01010,7.1,3.59
COL-0906-CC01-011,2026-09-06,CC01,F01011,27.2,3.38
COL-0906-CC01-012,2026-09-06,CC01,F01012,28.7,3.93
COL-0906-CC01-013,2026-09-06,CC01,F01013,36.4,4.0
COL-0906-CC01-014,2026-09-06,CC01,F01014,37.8,4.51
COL-0906-CC01-015,2026-09-06,CC01,F01015,53.3,3.34
COL-0906-CC01-016,2026-09-06,CC01,F01016,65.9,3.42
COL-0906-CC01-017,2026-09-06,CC01,F01017,22.3,3.72
COL-0906-CC01-018,2026-09-06,CC01,F01018,22.8,3.67
COL-0906-CC01-019,2026-09-06,CC01,F01019,29.6,3.78
COL-0906-CC01-020,2026-09-06,CC01,F01020,20.5,3.59
COL-0906-CC01-021,2026-09-06,CC01,F01021,16.8,3.33
COL-0906-CC01-022,2026-09-06,CC01,F01022,13.2,3.67
COL-0906-CC01-023,2026-09-06,CC01,F01023,29.8,4.02
COL-0906-CC01-024,2026-09-06,CC01,F01024,14.5,4.04
COL-0906-CC01-025,2026-09-06,CC01,F01025,27.3,3.6
COL-0906-CC01-026,2026-09-06,CC01,F01026,44.9,3.96
COL-0906-CC01-027,2026-09-06,CC01,F01027,50.7,3.93
COL-0906-CC01-028,2026-09-06,CC01,F01028,55.1,3.65
COL-0906-CC01-029,2026-09-06,CC01,F01029,14.5,3.7
COL-0906-CC01-030,2026-09-06,CC01,F01030,29.9,3.82
COL-0906-CC01-031,2026-09-06,CC01,F01031,19.4,4.65
COL-0906-CC01-032,2026-09-06,CC01,F01032,12.9,3.85
COL-0906-CC01-033,2026-09-06,CC01,F01033,68.0,3.53
COL-0906-CC01-034,2026-09-06,CC01,F01034,35.4,3.75
COL-0906-CC01-035,2026-09-06,CC01,F01035,46.7,3.63
COL-0906-CC01-036,2026-09-06,CC01,F01036,5.1,4.15
COL-0906-CC01-037,2026-09-06,CC01,F01037,51.6,3.15
COL-0906-CC01-038,2026-09-06,CC01,F01038,67.3,3.47
COL-0906-CC01-039,2026-09-06,CC01,F01039,14.3,4.05
COL-0906-CC01-040,2026-09-06,CC01,F01040,70.7,3.93
COL-0906-CC01-041,2026-09-06,CC01,F01041,38.8,3.81
COL-0906-CC01-042,2026-09-06,CC01,F01042,21.2,4.02
COL-0906-CC02-000,2026-09-06,CC02,F02000,13.7,4.27
COL-0906-CC02-001,2026-09-06,CC02,F02001,18.7,3.69
COL-0906-CC02-002,2026-09-06,CC02,F02002,40.3,4.3
COL-0906-CC02-003,2026-09-06,CC02,F02003,40.0,3.98
COL-0906-CC02-004,2026-09-06,CC02,F02004,26.5,3.74
COL-0906-CC02-005,2026-09-06,CC02,F02005,43.2,3.96
COL-0906-CC02-006,2026-09-06,CC02,F02006,13.0,4.27
COL-0906-CC02-007,2026-09-06,CC02,F02007,7.2,4.26
COL-0906-CC02-008,2026-09-06,CC02,F02008,33.8,4.04
COL-0906-CC02-009,2026-09-06,CC02,F02009,37.1,3.78
COL-0906-CC02-010,2026-09-06,CC02,F02010,24.7,4.06
COL-0906-CC02-011,2026-09-06,CC02,F02011,38.7,3.87
COL-0906-CC02-012,2026-09-06,CC02,F02012,27.3,3.86
COL-0906-CC02-013,2026-09-06,CC02,F02013,19.4,3.89
COL-0906-CC02-014,2026-09-06,CC02,F02014,50.7,4.36
COL-0906-CC02-015,2026-09-06,CC02,F02015,17.1,3.44
COL-0906-CC02-016,2026-09-06,CC02,F02016,29.0,3.78
COL-0906-CC02-017,2026-09-06,CC02,F02017,45.6,3.47
COL-0906-CC02-018,2026-09-06,CC02,F02018,63.0,4.07
COL-0906-CC02-019,2026-09-06,CC02,F02019,24.0,4.14
COL-0906-CC02-020,2026-09-06,CC02,F02020,44.5,4.22
COL-0906-CC02-021,2026-09-06,CC02,F02021,25.5,3.7
COL-0906-CC02-022,2026-09-06,CC02,F02022,27.9,3.82
COL-0906-CC02-023,2026-09-06,CC02,F02023,28.8,4.04
COL-0906-CC02-024,2026-09-06,CC02,F02024,27.8,3.86
COL-0906-CC02-025,2026-09-06,CC02,F02025,30.4,3.9
COL-0906-CC02-026,2026-09-06,CC02,F02026,67.7,3.87
COL-0906-CC02-027,2026-09-06,CC02,F02027,40.0,3.89
COL-0906-CC02-028,2026-09-06,CC02,F02028,13.3,3.77
COL-0906-CC02-029,2026-09-06,CC02,F02029,13.0,3.94
COL-0906-CC02-030,2026-09-06,CC02,F02030,49.7,3.36
COL-0906-CC02-031,2026-09-06,CC02,F02031,46.2,3.68
COL-0906-CC02-032,2026-09-06,CC02,F02032,48.1,3.4
COL-0906-CC02-033,2026-09-06,CC02,F02033,8.4,3.78
COL-0906-CC02-034,2026-09-06,CC02,F02034,30.3,3.59
COL-0906-CC02-035,2026-09-06,CC02,F02035,22.2,3.97
COL-0906-CC02-036,2026-09-06,CC02,F02036,22.8,4.19
COL-0906-CC02-037,2026-09-06,CC02,F02037,20.7,3.43
COL-0906-CC02-038,2026-09-06,CC02,F02038,33.4,3.57
COL-0906-CC02-039,2026-09-06,CC02,F02039,9.7,3.91
COL-0906-CC02-040,2026-09-06,CC02,F02040,41.4,4.25
COL-0906-CC02-041,2026-09-06,CC02,F02041,23.6,4.04
COL-0906-CC02-042,2026-09-06,CC02,F02042,19.5,3.94
COL-0906-CC02-043,2026-09-06,CC02,F02043,8.4,3.79
COL-0906-CC02-044,2026-09-06,CC02,F02044,42.5,3.67
COL-0906-CC02-045,2026-09-06,CC02,F02045,12.4,3.93
COL-0906-CC02-046,2026-09-06,CC02,F02046,24.1,3.96
COL-0906-CC02-047,2026-09-06,CC02,F02047,27.9,3.86
COL-0906-CC03-000,2026-09-06,CC03,F03000,15.1,4.23
COL-0906-CC03-001,2026-09-06,CC03,F03001,12.6,3.46
COL-0906-CC03-002,2026-09-06,CC03,F03002,35.6,3.59
COL-0906-CC03-003,2026-09-06,CC03,F03003,33.7,4.18
COL-0906-CC03-004,2026-09-06,CC03,F03004,21.4,3.48
COL-0906-CC03-005,2026-09-06,CC03,F03005,50.2,3.49
COL-0906-CC03-006,2026-09-06,CC03,F03006,27.4,3.79
COL-0906-CC03-007,2026-09-06,CC03,F03007,51.0,3.59
COL-0906-CC03-008,2026-09-06,CC03,F03008,19.5,3.72
COL-0906-CC03-009,2026-09-06,CC03,F03009,33.9,3.86
COL-0906-CC03-010,2026-09-06,CC03,F03010,51.9,4.07
COL-0906-CC03-011,2026-09-06,CC03,F03011,33.5,3.87
COL-0906-CC03-012,2026-09-06,CC03,F03012,26.2,3.9
COL-0906-CC03-013,2026-09-06,CC03,F03013,13.1,4.21
COL-0906-CC03-014,2026-09-06,CC03,F03014,28.3,4.24
COL-0906-CC03-015,2026-09-06,CC03,F03015,13.6,3.71
COL-0906-CC03-016,2026-09-06,CC03,F03016,20.4,3.25
COL-0906-CC03-017,2026-09-06,CC03,F03017,28.8,3.51
COL-0906-CC03-018,2026-09-06,CC03,F03018,29.8,4.13
COL-0906-CC03-019,2026-09-06,CC03,F03019,27.0,3.67
COL-0906-CC03-020,2026-09-06,CC03,F03020,28.0,3.6
COL-0906-CC03-021,2026-09-06,CC03,F03021,31.6,3.68
COL-0906-CC03-022,2026-09-06,CC03,F03022,24.0,4.29
COL-0906-CC03-023,2026-09-06,CC03,F03023,26.7,3.83
COL-0906-CC03-024,2026-09-06,CC03,F03024,46.7,3.7
COL-0906-CC03-025,2026-09-06,CC03,F03025,29.7,3.6
COL-0906-CC03-026,2026-09-06,CC03,F03026,30.8,3.48
COL-0906-CC03-027,2026-09-06,CC03,F03027,26.0,4.66
COL-0906-CC03-028,2026-09-06,CC03,F03028,27.4,3.8
COL-0906-CC03-029,2026-09-06,CC03,F03029,24.6,3.86
COL-0906-CC03-030,2026-09-06,CC03,F03030,44.2,3.72
COL-0906-CC03-031,2026-09-06,CC03,F03031,26.8,4.14
COL-0906-CC03-032,2026-09-06,CC03,F03032,113.1,3.51
COL-0906-CC04-000,2026-09-06,CC04,F04000,81.1,3.27
COL-0906-CC04-001,2026-09-06,CC04,F04001,18.5,3.79
COL-0906-CC04-002,2026-09-06,CC04,F04002,19.4,4.09
COL-0906-CC04-003,2026-09-06,CC04,F04003,31.5,3.01
COL-0906-CC04-004,2026-09-06,CC04,F04004,20.9,3.76
COL-0906-CC04-005,2026-09-06,CC04,F04005,28.9,3.91
COL-0906-CC04-006,2026-09-06,CC04,F04006,22.7,3.65
COL-0906-CC04-007,2026-09-06,CC04,F04007,37.0,3.93
COL-0906-CC04-008,2026-09-06,CC04,F04008,19.0,3.97
COL-0906-CC04-009,2026-09-06,CC04,F04009,22.0,4.13
COL-0906-CC04-010,2026-09-06,CC04,F04010,43.4,4.63
COL-0906-CC04-011,2026-09-06,CC04,F04011,23.6,3.91
COL-0906-CC04-012,2026-09-06,CC04,F04012,32.4,3.54
COL-0906-CC04-013,2026-09-06,CC04,F04013,25.3,3.5
COL-0906-CC04-014,2026-09-06,CC04,F04014,9.2,3.44
COL-0906-CC04-015,2026-09-06,CC04,F04015,52.5,4.03
COL-0906-CC04-016,2026-09-06,CC04,F04016,18.9,3.92
COL-0906-CC04-017,2026-09-06,CC04,F04017,52.6,3.96
COL-0906-CC04-018,2026-09-06,CC04,F04018,26.8,3.87
COL-0906-CC04-019,2026-09-06,CC04,F04019,55.5,4.3
COL-0906-CC04-020,2026-09-06,CC04,F04020,24.9,4.15
COL-0906-CC04-021,2026-09-06,CC04,F04021,34.6,4.12
COL-0906-CC04-022,2026-09-06,CC04,F04022,40.2,3.61
COL-0906-CC04-023,2026-09-06,CC04,F04023,11.8,3.72
COL-0906-CC04-024,2026-09-06,CC04,F04024,53.4,3.42
COL-0906-CC04-025,2026-09-06,CC04,F04025,13.8,3.62
COL-0906-CC04-026,2026-09-06,CC04,F04026,45.4,3.84
COL-0906-CC04-027,2026-09-06,CC04,F04027,24.7,3.44
COL-0906-CC04-028,2026-09-06,CC04,F04028,25.9,3.62
COL-0906-CC04-029,2026-09-06,CC04,F04029,44.7,4.43
COL-0906-CC04-030,2026-09-06,CC04,F04030,36.9,3.76
COL-0906-CC04-031,2026-09-06,CC04,F04031,11.3,3.36
COL-0906-CC05-000,2026-09-06,CC05,F05000,45.9,4.23
COL-0906-CC05-001,2026-09-06,CC05,F05001,15.8,4.08
COL-0906-CC05-002,2026-09-06,CC05,F05002,23.5,4.05
COL-0906-CC05-003,2026-09-06,CC05,F05003,21.8,3.84
COL-0906-CC05-004,2026-09-06,CC05,F05004,22.3,3.1
COL-0906-CC05-005,2026-09-06,CC05,F05005,37.9,3.77
COL-0906-CC05-006,2026-09-06,CC05,F05006,52.9,3.76
COL-0906-CC05-007,2026-09-06,CC05,F05007,62.5,3.99
COL-0906-CC05-008,2026-09-06,CC05,F05008,55.4,4.35
COL-0906-CC05-009,2026-09-06,CC05,F05009,28.0,4.05
COL-0906-CC05-010,2026-09-06,CC05,F05010,60.9,3.3
COL-0906-CC05-011,2026-09-06,CC05,F05011,27.2,3.83
COL-0906-CC05-012,2026-09-06,CC05,F05012,27.2,3.75
COL-0906-CC05-013,2026-09-06,CC05,F05013,35.0,4.04
COL-0906-CC05-014,2026-09-06,CC05,F05014,31.2,3.8
COL-0906-CC05-015,2026-09-06,CC05,F05015,65.0,3.24
COL-0906-CC05-016,2026-09-06,CC05,F05016,65.1,3.55
COL-0906-CC05-017,2026-09-06,CC05,F05017,38.6,3.72
COL-0906-CC05-018,2026-09-06,CC05,F05018,36.8,3.2
COL-0906-CC05-019,2026-09-06,CC05,F05019,17.8,3.78
COL-0906-CC05-020,2026-09-06,CC05,F05020,59.3,3.73
COL-0906-CC05-021,2026-09-06,CC05,F05021,25.0,4.14
COL-0906-CC05-022,2026-09-06,CC05,F05022,20.3,3.78
COL-0906-CC05-023,2026-09-06,CC05,F05023,13.0,3.63
COL-0906-CC05-024,2026-09-06,CC05,F05024,51.4,3.78
COL-0906-CC05-025,2026-09-06,CC05,F05025,13.8,3.82
COL-0906-CC05-026,2026-09-06,CC05,F05026,74.8,4.11
COL-0906-CC05-027,2026-09-06,CC05,F05027,23.2,3.53
COL-0906-CC05-028,2026-09-06,CC05,F05028,45.1,3.13
COL-0906-CC05-029,2026-09-06,CC05,F05029,34.9,4.65
COL-0906-CC05-030,2026-09-06,CC05,F05030,25.3,4.05
COL-0906-CC05-031,2026-09-06,CC05,F05031,39.7,3.83
COL-0906-CC05-032,2026-09-06,CC05,F05032,22.1,4.55
COL-0906-CC05-033,2026-09-06,CC05,F05033,36.4,3.47
COL-0906-CC05-034,2026-09-06,CC05,F05034,37.8,3.58
COL-0906-CC05-035,2026-09-06,CC05,F05035,32.6,3.68
COL-0906-CC05-036,2026-09-06,CC05,F05036,55.0,3.96
COL-0906-CC05-037,2026-09-06,CC05,F05037,36.0,3.68
COL-0906-CC05-038,2026-09-06,CC05,F05038,42.5,4.05
COL-0906-CC05-039,2026-09-06,CC05,F05039,22.6,3.71
COL-0906-CC06-000,2026-09-06,CC06,F06000,29.6,4.46
COL-0906-CC06-001,2026-09-06,CC06,F06001,27.9,4.05
COL-0906-CC06-002,2026-09-06,CC06,F06002,81.0,3.99
COL-0906-CC06-003,2026-09-06,CC06,F06003,11.1,3.91
COL-0906-CC06-004,2026-09-06,CC06,F06004,15.1,3.91
COL-0906-CC06-005,2026-09-06,CC06,F06005,42.5,3.53
COL-0906-CC06-006,2026-09-06,CC06,F06006,24.1,3.73
COL-0906-CC06-007,2026-09-06,CC06,F06007,34.7,3.51
COL-0906-CC06-008,2026-09-06,CC06,F06008,17.1,4.17
COL-0906-CC06-009,2026-09-06,CC06,F06009,27.6,4.02
COL-0906-CC06-010,2026-09-06,CC06,F06010,7.7,3.9
COL-0906-CC06-011,2026-09-06,CC06,F06011,22.1,3.94
COL-0906-CC06-012,2026-09-06,CC06,F06012,40.2,3.78
COL-0906-CC06-013,2026-09-06,CC06,F06013,20.7,3.47
COL-0906-CC06-014,2026-09-06,CC06,F06014,63.2,4.34
COL-0906-CC06-015,2026-09-06,CC06,F06015,43.3,4.02
COL-0906-CC06-016,2026-09-06,CC06,F06016,8.9,3.77
COL-0906-CC06-017,2026-09-06,CC06,F06017,25.8,4.0
COL-0906-CC06-018,2026-09-06,CC06,F06018,35.7,4.21
COL-0906-CC06-019,2026-09-06,CC06,F06019,34.4,4.18
COL-0906-CC06-020,2026-09-06,CC06,F06020,26.8,4.03
COL-0906-CC06-021,2026-09-06,CC06,F06021,26.5,4.08
COL-0906-CC06-022,2026-09-06,CC06,F06022,38.8,3.75
COL-0906-CC06-023,2026-09-06,CC06,F06023,34.1,4.24
COL-0906-CC06-024,2026-09-06,CC06,F06024,33.8,4.11
COL-0906-CC06-025,2026-09-06,CC06,F06025,44.5,4.12
COL-0906-CC06-026,2026-09-06,CC06,F06026,25.4,3.43
COL-0906-CC06-027,2026-09-06,CC06,F06027,7.4,4.02
COL-0906-CC07-000,2026-09-06,CC07,F07000,35.2,4.42
COL-0906-CC07-001,2026-09-06,CC07,F07001,37.1,3.5
COL-0906-CC07-002,2026-09-06,CC07,F07002,46.4,3.55
COL-0906-CC07-003,2026-09-06,CC07,F07003,16.3,3.86
COL-0906-CC07-004,2026-09-06,CC07,F07004,26.0,4.03
COL-0906-CC07-005,2026-09-06,CC07,F07005,8.3,3.95
COL-0906-CC07-006,2026-09-06,CC07,F07006,36.8,4.02
COL-0906-CC07-007,2026-09-06,CC07,F07007,26.4,4.13
COL-0906-CC07-008,2026-09-06,CC07,F07008,16.6,4.2
COL-0906-CC07-009,2026-09-06,CC07,F07009,35.6,4.42
COL-0906-CC07-010,2026-09-06,CC07,F07010,19.6,3.89
COL-0906-CC07-011,2026-09-06,CC07,F07011,52.4,3.69
COL-0906-CC07-012,2026-09-06,CC07,F07012,28.9,3.82
COL-0906-CC07-013,2026-09-06,CC07,F07013,18.8,4.54
COL-0906-CC07-014,2026-09-06,CC07,F07014,42.0,4.11
COL-0906-CC07-015,2026-09-06,CC07,F07015,63.2,4.07
COL-0906-CC07-016,2026-09-06,CC07,F07016,44.7,4.27
COL-0906-CC07-017,2026-09-06,CC07,F07017,33.4,4.23
COL-0906-CC07-018,2026-09-06,CC07,F07018,65.0,4.58
COL-0906-CC07-019,2026-09-06,CC07,F07019,9.1,3.6
COL-0906-CC07-020,2026-09-06,CC07,F07020,15.6,3.91
COL-0906-CC07-021,2026-09-06,CC07,F07021,50.1,4.09
COL-0906-CC07-022,2026-09-06,CC07,F07022,80.5,4.11
COL-0906-CC07-023,2026-09-06,CC07,F07023,8.8,3.73
COL-0906-CC07-024,2026-09-06,CC07,F07024,37.1,3.34
COL-0906-CC07-025,2026-09-06,CC07,F07025,21.4,3.76
COL-0906-CC07-026,2026-09-06,CC07,F07026,18.3,3.63
COL-0906-CC07-027,2026-09-06,CC07,F07027,17.7,3.81
COL-0906-CC08-000,2026-09-06,CC08,F08000,20.7,3.92
COL-0906-CC08-001,2026-09-06,CC08,F08001,54.7,3.85
COL-0906-CC08-002,2026-09-06,CC08,F08002,35.3,3.68
COL-0906-CC08-003,2026-09-06,CC08,F08003,23.9,3.93
COL-0906-CC08-004,2026-09-06,CC08,F08004,34.6,3.46
COL-0906-CC08-005,2026-09-06,CC08,F08005,18.7,3.97
COL-0906-CC08-006,2026-09-06,CC08,F08006,34.4,3.9
COL-0906-CC08-007,2026-09-06,CC08,F08007,53.4,3.85
COL-0906-CC08-008,2026-09-06,CC08,F08008,26.4,3.97
COL-0906-CC08-009,2026-09-06,CC08,F08009,14.8,3.76
COL-0906-CC08-010,2026-09-06,CC08,F08010,20.1,4.03
COL-0906-CC08-011,2026-09-06,CC08,F08011,20.6,3.99
COL-0906-CC08-012,2026-09-06,CC08,F08012,9.1,3.99
COL-0906-CC08-013,2026-09-06,CC08,F08013,38.7,3.82
COL-0906-CC08-014,2026-09-06,CC08,F08014,68.9,4.09
COL-0906-CC08-015,2026-09-06,CC08,F08015,15.3,3.77
COL-0906-CC08-016,2026-09-06,CC08,F08016,23.9,4.22
COL-0906-CC08-017,2026-09-06,CC08,F08017,3.6,3.79
COL-0906-CC08-018,2026-09-06,CC08,F08018,33.1,4.21
COL-0906-CC08-019,2026-09-06,CC08,F08019,35.4,3.9
COL-0906-CC08-020,2026-09-06,CC08,F08020,47.4,3.81
COL-0906-CC08-021,2026-09-06,CC08,F08021,35.4,3.51
COL-0906-CC08-022,2026-09-06,CC08,F08022,14.8,4.02
COL-0906-CC08-023,2026-09-06,CC08,F08023,45.0,3.93
COL-0906-CC08-024,2026-09-06,CC08,F08024,26.7,3.84
COL-0906-CC08-025,2026-09-06,CC08,F08025,42.8,3.95
COL-0906-CC08-026,2026-09-06,CC08,F08026,27.4,3.86
COL-0906-CC08-027,2026-09-06,CC08,F08027,89.2,3.54
COL-0906-CC08-028,2026-09-06,CC08,F08028,34.1,3.46
COL-0906-CC08-029,2026-09-06,CC08,F08029,56.0,4.02
COL-0906-CC08-030,2026-09-06,CC08,F08030,10.3,3.88
COL-0906-CC08-031,2026-09-06,CC08,F08031,31.5,4.29
COL-0906-CC08-032,2026-09-06,CC08,F08032,20.4,4.44
COL-0906-CC08-033,2026-09-06,CC08,F08033,11.1,4.08
COL-0906-CC08-034,2026-09-06,CC08,F08034,20.8,4.02
COL-0906-CC08-035,2026-09-06,CC08,F08035,27.6,4.0
COL-0906-CC08-036,2026-09-06,CC08,F08036,62.4,3.86
COL-0906-CC08-037,2026-09-06,CC08,F08037,46.0,3.63
COL-0906-CC08-038,2026-09-06,CC08,F08038,63.1,3.01
COL-0906-CC08-039,2026-09-06,CC08,F08039,13.4,4.06
COL-0906-CC08-040,2026-09-06,CC08,F08040,44.0,4.0
COL-0906-CC08-041,2026-09-06,CC08,F08041,39.2,3.83
COL-0906-CC08-042,2026-09-06,CC08,F08042,56.1,3.86
COL-0906-CC08-043,2026-09-06,CC08,F08043,23.1,4.12
COL-0906-CC08-044,2026-09-06,CC08,F08044,23.6,4.11
COL-0906-CC08-045,2026-09-06,CC08,F08045,32.3,3.88
COL-0907-CC01-000,2026-09-07,CC01,F01000,18.1,4.04
COL-0907-CC01-001,2026-09-07,CC01,F01001,18.4,3.64
COL-0907-CC01-002,2026-09-07,CC01,F01002,86.3,3.51
COL-0907-CC01-003,2026-09-07,CC01,F01003,28.6,3.55
COL-0907-CC01-004,2026-09-07,CC01,F01004,46.7,3.74
COL-0907-CC01-005,2026-09-07,CC01,F01005,10.8,3.88
COL-0907-CC01-006,2026-09-07,CC01,F01006,45.9,3.73
COL-0907-CC01-007,2026-09-07,CC01,F01007,33.1,3.49
COL-0907-CC01-008,2026-09-07,CC01,F01008,17.7,3.97
COL-0907-CC01-009,2026-09-07,CC01,F01009,15.5,3.11
COL-0907-CC01-010,2026-09-07,CC01,F01010,17.1,3.7
COL-0907-CC01-011,2026-09-07,CC01,F01011,45.0,4.12
COL-0907-CC01-012,2026-09-07,CC01,F01012,52.4,3.88
COL-0907-CC01-013,2026-09-07,CC01,F01013,28.2,4.16
COL-0907-CC01-014,2026-09-07,CC01,F01014,31.9,3.83
COL-0907-CC01-015,2026-09-07,CC01,F01015,44.0,3.97
COL-0907-CC01-016,2026-09-07,CC01,F01016,12.9,3.81
COL-0907-CC01-017,2026-09-07,CC01,F01017,10.5,3.66
COL-0907-CC01-018,2026-09-07,CC01,F01018,19.3,3.91
COL-0907-CC01-019,2026-09-07,CC01,F01019,41.0,4.09
COL-0907-CC01-020,2026-09-07,CC01,F01020,26.2,3.19
COL-0907-CC01-021,2026-09-07,CC01,F01021,49.4,3.54
COL-0907-CC01-022,2026-09-07,CC01,F01022,20.5,3.15
COL-0907-CC01-023,2026-09-07,CC01,F01023,47.4,3.5
COL-0907-CC01-024,2026-09-07,CC01,F01024,79.2,3.39
COL-0907-CC01-025,2026-09-07,CC01,F01025,57.7,3.64
COL-0907-CC01-026,2026-09-07,CC01,F01026,16.5,3.69
COL-0907-CC01-027,2026-09-07,CC01,F01027,56.1,4.08
COL-0907-CC01-028,2026-09-07,CC01,F01028,56.7,4.16
COL-0907-CC01-029,2026-09-07,CC01,F01029,9.8,3.53
COL-0907-CC01-030,2026-09-07,CC01,F01030,63.8,3.63
COL-0907-CC01-031,2026-09-07,CC01,F01031,32.5,3.97
COL-0907-CC01-032,2026-09-07,CC01,F01032,25.0,3.58
COL-0907-CC01-033,2026-09-07,CC01,F01033,23.1,3.66
COL-0907-CC01-034,2026-09-07,CC01,F01034,21.4,3.21
COL-0907-CC01-035,2026-09-07,CC01,F01035,39.4,4.0
COL-0907-CC01-036,2026-09-07,CC01,F01036,44.6,3.86
COL-0907-CC01-037,2026-09-07,CC01,F01037,44.4,3.48
COL-0907-CC01-038,2026-09-07,CC01,F01038,50.8,3.37
COL-0907-CC01-039,2026-09-07,CC01,F01039,19.5,3.45
COL-0907-CC02-000,2026-09-07,CC02,F02000,23.6,3.6
COL-0907-CC02-001,2026-09-07,CC02,F02001,52.1,4.02
COL-0907-CC02-002,2026-09-07,CC02,F02002,30.5,3.22
COL-0907-CC02-003,2026-09-07,CC02,F02003,33.4,4.14
COL-0907-CC02-004,2026-09-07,CC02,F02004,38.9,3.32
COL-0907-CC02-005,2026-09-07,CC02,F02005,18.8,3.69
COL-0907-CC02-006,2026-09-07,CC02,F02006,32.2,3.82
COL-0907-CC02-007,2026-09-07,CC02,F02007,41.1,3.64
COL-0907-CC02-008,2026-09-07,CC02,F02008,18.5,3.63
COL-0907-CC02-009,2026-09-07,CC02,F02009,57.8,4.16
COL-0907-CC02-010,2026-09-07,CC02,F02010,26.8,4.52
COL-0907-CC02-011,2026-09-07,CC02,F02011,23.1,4.11
COL-0907-CC02-012,2026-09-07,CC02,F02012,12.0,3.84
COL-0907-CC02-013,2026-09-07,CC02,F02013,40.2,3.6
COL-0907-CC02-014,2026-09-07,CC02,F02014,46.2,3.56
COL-0907-CC02-015,2026-09-07,CC02,F02015,11.0,4.16
COL-0907-CC02-016,2026-09-07,CC02,F02016,43.6,4.06
COL-0907-CC02-017,2026-09-07,CC02,F02017,49.0,4.19
COL-0907-CC02-018,2026-09-07,CC02,F02018,20.8,4.1
COL-0907-CC02-019,2026-09-07,CC02,F02019,17.1,4.19
COL-0907-CC02-020,2026-09-07,CC02,F02020,13.4,3.61
COL-0907-CC02-021,2026-09-07,CC02,F02021,32.7,3.55
COL-0907-CC02-022,2026-09-07,CC02,F02022,18.5,3.48
COL-0907-CC02-023,2026-09-07,CC02,F02023,15.9,3.78
COL-0907-CC02-024,2026-09-07,CC02,F02024,23.5,3.73
COL-0907-CC02-025,2026-09-07,CC02,F02025,16.4,3.82
COL-0907-CC02-026,2026-09-07,CC02,F02026,19.9,3.42
COL-0907-CC02-027,2026-09-07,CC02,F02027,50.6,3.84
COL-0907-CC02-028,2026-09-07,CC02,F02028,32.7,4.04
COL-0907-CC02-029,2026-09-07,CC02,F02029,14.6,3.81
COL-0907-CC02-030,2026-09-07,CC02,F02030,36.6,2.97
COL-0907-CC02-031,2026-09-07,CC02,F02031,18.4,3.78
COL-0907-CC02-032,2026-09-07,CC02,F02032,33.2,3.68
COL-0907-CC02-033,2026-09-07,CC02,F02033,19.2,4.07
COL-0907-CC02-034,2026-09-07,CC02,F02034,32.4,3.74
COL-0907-CC02-035,2026-09-07,CC02,F02035,17.0,3.98
COL-0907-CC02-036,2026-09-07,CC02,F02036,28.1,3.67
COL-0907-CC02-037,2026-09-07,CC02,F02037,32.5,3.89
COL-0907-CC02-038,2026-09-07,CC02,F02038,70.7,4.08
COL-0907-CC02-039,2026-09-07,CC02,F02039,36.2,3.71
COL-0907-CC03-000,2026-09-07,CC03,F03000,36.7,3.71
COL-0907-CC03-001,2026-09-07,CC03,F03001,25.4,4.06
COL-0907-CC03-002,2026-09-07,CC03,F03002,40.3,3.78
COL-0907-CC03-003,2026-09-07,CC03,F03003,18.2,3.87
COL-0907-CC03-004,2026-09-07,CC03,F03004,34.6,3.65
COL-0907-CC03-005,2026-09-07,CC03,F03005,29.8,4.54
COL-0907-CC03-006,2026-09-07,CC03,F03006,47.6,3.34
COL-0907-CC03-007,2026-09-07,CC03,F03007,12.4,3.75
COL-0907-CC03-008,2026-09-07,CC03,F03008,18.6,4.1
COL-0907-CC03-009,2026-09-07,CC03,F03009,19.6,4.1
COL-0907-CC03-010,2026-09-07,CC03,F03010,59.2,3.3
COL-0907-CC03-011,2026-09-07,CC03,F03011,12.2,3.51
COL-0907-CC03-012,2026-09-07,CC03,F03012,26.2,3.76
COL-0907-CC03-013,2026-09-07,CC03,F03013,31.2,3.55
COL-0907-CC03-014,2026-09-07,CC03,F03014,24.5,3.59
COL-0907-CC03-015,2026-09-07,CC03,F03015,39.0,3.72
COL-0907-CC03-016,2026-09-07,CC03,F03016,18.1,3.75
COL-0907-CC03-017,2026-09-07,CC03,F03017,56.9,4.12
COL-0907-CC03-018,2026-09-07,CC03,F03018,22.3,3.28
COL-0907-CC03-019,2026-09-07,CC03,F03019,35.9,4.11
COL-0907-CC03-020,2026-09-07,CC03,F03020,17.9,3.72
COL-0907-CC03-021,2026-09-07,CC03,F03021,72.7,3.97
COL-0907-CC03-022,2026-09-07,CC03,F03022,25.4,3.69
COL-0907-CC03-023,2026-09-07,CC03,F03023,9.5,4.5
COL-0907-CC03-024,2026-09-07,CC03,F03024,40.8,3.25
COL-0907-CC03-025,2026-09-07,CC03,F03025,66.0,4.15
COL-0907-CC03-026,2026-09-07,CC03,F03026,39.0,3.66
COL-0907-CC03-027,2026-09-07,CC03,F03027,20.4,3.72
COL-0907-CC03-028,2026-09-07,CC03,F03028,21.9,4.22
COL-0907-CC03-029,2026-09-07,CC03,F03029,20.8,3.73
COL-0907-CC03-030,2026-09-07,CC03,F03030,40.3,4.07
COL-0907-CC03-031,2026-09-07,CC03,F03031,31.8,4.23
COL-0907-CC03-032,2026-09-07,CC03,F03032,3.8,3.62
COL-0907-CC03-033,2026-09-07,CC03,F03033,68.9,4.4
COL-0907-CC03-034,2026-09-07,CC03,F03034,32.7,4.18
COL-0907-CC03-035,2026-09-07,CC03,F03035,9.2,3.73
COL-0907-CC03-036,2026-09-07,CC03,F03036,26.8,3.86
COL-0907-CC03-037,2026-09-07,CC03,F03037,55.3,3.58
COL-0907-CC04-000,2026-09-07,CC04,F04000,32.8,3.65
COL-0907-CC04-001,2026-09-07,CC04,F04001,20.4,3.84
COL-0907-CC04-002,2026-09-07,CC04,F04002,25.1,3.72
COL-0907-CC04-003,2026-09-07,CC04,F04003,21.2,3.62
COL-0907-CC04-004,2026-09-07,CC04,F04004,15.8,4.05
COL-0907-CC04-005,2026-09-07,CC04,F04005,25.4,3.65
COL-0907-CC04-006,2026-09-07,CC04,F04006,49.7,3.93
COL-0907-CC04-007,2026-09-07,CC04,F04007,29.5,3.87
COL-0907-CC04-008,2026-09-07,CC04,F04008,28.7,3.23
COL-0907-CC04-009,2026-09-07,CC04,F04009,47.4,3.29
COL-0907-CC04-010,2026-09-07,CC04,F04010,47.9,2.84
COL-0907-CC04-011,2026-09-07,CC04,F04011,32.9,3.88
COL-0907-CC04-012,2026-09-07,CC04,F04012,63.9,3.87
COL-0907-CC04-013,2026-09-07,CC04,F04013,28.9,3.63
COL-0907-CC04-014,2026-09-07,CC04,F04014,14.3,3.63
COL-0907-CC04-015,2026-09-07,CC04,F04015,50.1,3.69
COL-0907-CC04-016,2026-09-07,CC04,F04016,47.0,3.6
COL-0907-CC04-017,2026-09-07,CC04,F04017,36.9,3.78
COL-0907-CC04-018,2026-09-07,CC04,F04018,20.2,3.78
COL-0907-CC04-019,2026-09-07,CC04,F04019,24.0,3.52
COL-0907-CC04-020,2026-09-07,CC04,F04020,11.4,4.22
COL-0907-CC04-021,2026-09-07,CC04,F04021,29.6,4.09
COL-0907-CC04-022,2026-09-07,CC04,F04022,16.1,3.67
COL-0907-CC04-023,2026-09-07,CC04,F04023,54.5,4.44
COL-0907-CC04-024,2026-09-07,CC04,F04024,24.2,4.52
COL-0907-CC04-025,2026-09-07,CC04,F04025,15.9,4.16
COL-0907-CC04-026,2026-09-07,CC04,F04026,10.8,4.15
COL-0907-CC04-027,2026-09-07,CC04,F04027,49.1,3.62
COL-0907-CC04-028,2026-09-07,CC04,F04028,26.7,3.7
COL-0907-CC04-029,2026-09-07,CC04,F04029,41.3,3.32
COL-0907-CC04-030,2026-09-07,CC04,F04030,56.5,3.67
COL-0907-CC04-031,2026-09-07,CC04,F04031,15.1,4.08
COL-0907-CC04-032,2026-09-07,CC04,F04032,14.0,3.67
COL-0907-CC04-033,2026-09-07,CC04,F04033,22.8,3.29
COL-0907-CC04-034,2026-09-07,CC04,F04034,28.1,4.27
COL-0907-CC04-035,2026-09-07,CC04,F04035,41.1,4.38
COL-0907-CC04-036,2026-09-07,CC04,F04036,29.4,4.25
COL-0907-CC04-037,2026-09-07,CC04,F04037,40.0,3.33
COL-0907-CC04-038,2026-09-07,CC04,F04038,13.4,4.04
COL-0907-CC04-039,2026-09-07,CC04,F04039,16.4,3.54
COL-0907-CC04-040,2026-09-07,CC04,F04040,24.9,3.75
COL-0907-CC05-000,2026-09-07,CC05,F05000,13.7,3.66
COL-0907-CC05-001,2026-09-07,CC05,F05001,16.5,4.07
COL-0907-CC05-002,2026-09-07,CC05,F05002,42.1,4.33
COL-0907-CC05-003,2026-09-07,CC05,F05003,30.8,3.84
COL-0907-CC05-004,2026-09-07,CC05,F05004,43.0,3.46
COL-0907-CC05-005,2026-09-07,CC05,F05005,14.6,4.52
COL-0907-CC05-006,2026-09-07,CC05,F05006,37.6,3.99
COL-0907-CC05-007,2026-09-07,CC05,F05007,55.8,3.96
COL-0907-CC05-008,2026-09-07,CC05,F05008,64.2,3.84
COL-0907-CC05-009,2026-09-07,CC05,F05009,20.4,3.85
COL-0907-CC05-010,2026-09-07,CC05,F05010,17.4,3.83
COL-0907-CC05-011,2026-09-07,CC05,F05011,35.7,3.88
COL-0907-CC05-012,2026-09-07,CC05,F05012,45.7,3.35
COL-0907-CC05-013,2026-09-07,CC05,F05013,66.8,3.59
COL-0907-CC05-014,2026-09-07,CC05,F05014,41.2,3.77
COL-0907-CC05-015,2026-09-07,CC05,F05015,56.4,3.85
COL-0907-CC05-016,2026-09-07,CC05,F05016,42.4,3.86
COL-0907-CC05-017,2026-09-07,CC05,F05017,19.2,3.93
COL-0907-CC05-018,2026-09-07,CC05,F05018,32.2,3.25
COL-0907-CC05-019,2026-09-07,CC05,F05019,58.8,3.51
COL-0907-CC05-020,2026-09-07,CC05,F05020,45.0,3.6
COL-0907-CC05-021,2026-09-07,CC05,F05021,15.4,3.84
COL-0907-CC05-022,2026-09-07,CC05,F05022,22.7,3.74
COL-0907-CC05-023,2026-09-07,CC05,F05023,19.7,4.4
COL-0907-CC05-024,2026-09-07,CC05,F05024,11.5,3.69
COL-0907-CC05-025,2026-09-07,CC05,F05025,32.6,3.73
COL-0907-CC05-026,2026-09-07,CC05,F05026,10.9,3.33
COL-0907-CC05-027,2026-09-07,CC05,F05027,21.7,4.35
COL-0907-CC05-028,2026-09-07,CC05,F05028,36.7,3.83
COL-0907-CC05-029,2026-09-07,CC05,F05029,16.4,3.77
COL-0907-CC06-000,2026-09-07,CC06,F06000,52.5,3.38
COL-0907-CC06-001,2026-09-07,CC06,F06001,23.3,3.92
COL-0907-CC06-002,2026-09-07,CC06,F06002,39.5,3.71
COL-0907-CC06-003,2026-09-07,CC06,F06003,47.5,4.05
COL-0907-CC06-004,2026-09-07,CC06,F06004,39.2,2.91
COL-0907-CC06-005,2026-09-07,CC06,F06005,45.8,3.99
COL-0907-CC06-006,2026-09-07,CC06,F06006,35.0,3.69
COL-0907-CC06-007,2026-09-07,CC06,F06007,22.9,3.94
COL-0907-CC06-008,2026-09-07,CC06,F06008,9.4,4.06
COL-0907-CC06-009,2026-09-07,CC06,F06009,58.0,3.09
COL-0907-CC06-010,2026-09-07,CC06,F06010,39.2,3.78
COL-0907-CC06-011,2026-09-07,CC06,F06011,10.4,3.8
COL-0907-CC06-012,2026-09-07,CC06,F06012,7.9,3.98
COL-0907-CC06-013,2026-09-07,CC06,F06013,31.3,4.14
COL-0907-CC06-014,2026-09-07,CC06,F06014,40.7,4.03
COL-0907-CC06-015,2026-09-07,CC06,F06015,19.9,3.57
COL-0907-CC06-016,2026-09-07,CC06,F06016,18.3,4.01
COL-0907-CC06-017,2026-09-07,CC06,F06017,24.4,3.57
COL-0907-CC06-018,2026-09-07,CC06,F06018,46.7,4.03
COL-0907-CC06-019,2026-09-07,CC06,F06019,22.4,3.75
COL-0907-CC06-020,2026-09-07,CC06,F06020,19.3,3.74
COL-0907-CC06-021,2026-09-07,CC06,F06021,19.9,3.84
COL-0907-CC06-022,2026-09-07,CC06,F06022,20.2,3.32
COL-0907-CC06-023,2026-09-07,CC06,F06023,11.4,3.7
COL-0907-CC06-024,2026-09-07,CC06,F06024,50.8,3.44
COL-0907-CC06-025,2026-09-07,CC06,F06025,60.5,4.08
COL-0907-CC07-000,2026-09-07,CC07,F07000,21.3,3.43
COL-0907-CC07-001,2026-09-07,CC07,F07001,80.1,3.95
COL-0907-CC07-002,2026-09-07,CC07,F07002,16.1,3.65
COL-0907-CC07-003,2026-09-07,CC07,F07003,33.9,3.93
COL-0907-CC07-004,2026-09-07,CC07,F07004,34.2,4.06
COL-0907-CC07-005,2026-09-07,CC07,F07005,22.4,4.0
COL-0907-CC07-006,2026-09-07,CC07,F07006,9.9,4.01
COL-0907-CC07-007,2026-09-07,CC07,F07007,51.3,4.04
COL-0907-CC07-008,2026-09-07,CC07,F07008,26.1,3.97
COL-0907-CC07-009,2026-09-07,CC07,F07009,31.8,3.74
COL-0907-CC07-010,2026-09-07,CC07,F07010,32.8,4.03
COL-0907-CC07-011,2026-09-07,CC07,F07011,32.6,4.1
COL-0907-CC07-012,2026-09-07,CC07,F07012,31.6,4.07
COL-0907-CC07-013,2026-09-07,CC07,F07013,24.7,3.9
COL-0907-CC07-014,2026-09-07,CC07,F07014,53.2,3.9
COL-0907-CC07-015,2026-09-07,CC07,F07015,16.7,3.21
COL-0907-CC07-016,2026-09-07,CC07,F07016,3.4,3.56
COL-0907-CC07-017,2026-09-07,CC07,F07017,32.0,3.75
COL-0907-CC07-018,2026-09-07,CC07,F07018,32.0,4.11
COL-0907-CC07-019,2026-09-07,CC07,F07019,67.1,4.17
COL-0907-CC07-020,2026-09-07,CC07,F07020,11.3,3.85
COL-0907-CC07-021,2026-09-07,CC07,F07021,27.0,3.47
COL-0907-CC07-022,2026-09-07,CC07,F07022,50.4,3.96
COL-0907-CC07-023,2026-09-07,CC07,F07023,20.5,4.11
COL-0907-CC07-024,2026-09-07,CC07,F07024,27.4,4.04
COL-0907-CC07-025,2026-09-07,CC07,F07025,39.8,3.6
COL-0907-CC07-026,2026-09-07,CC07,F07026,72.7,3.48
COL-0907-CC07-027,2026-09-07,CC07,F07027,37.9,3.54
COL-0907-CC07-028,2026-09-07,CC07,F07028,46.8,3.48
COL-0907-CC07-029,2026-09-07,CC07,F07029,11.0,4.11
COL-0907-CC07-030,2026-09-07,CC07,F07030,35.7,3.9
COL-0907-CC07-031,2026-09-07,CC07,F07031,35.3,4.46
COL-0907-CC07-032,2026-09-07,CC07,F07032,54.6,4.3
COL-0907-CC07-033,2026-09-07,CC07,F07033,89.6,4.11
COL-0907-CC07-034,2026-09-07,CC07,F07034,43.2,3.6
COL-0907-CC07-035,2026-09-07,CC07,F07035,33.9,4.01
COL-0907-CC07-036,2026-09-07,CC07,F07036,30.2,3.94
COL-0907-CC07-037,2026-09-07,CC07,F07037,28.3,3.38
COL-0907-CC07-038,2026-09-07,CC07,F07038,74.7,3.42
COL-0907-CC07-039,2026-09-07,CC07,F07039,34.9,3.59
COL-0907-CC07-040,2026-09-07,CC07,F07040,61.8,4.19
COL-0907-CC07-041,2026-09-07,CC07,F07041,11.8,3.69
COL-0907-CC07-042,2026-09-07,CC07,F07042,34.4,3.39
COL-0907-CC07-043,2026-09-07,CC07,F07043,37.4,3.83
COL-0907-CC07-044,2026-09-07,CC07,F07044,16.0,3.99
COL-0907-CC07-045,2026-09-07,CC07,F07045,37.9,3.44
COL-0907-CC07-046,2026-09-07,CC07,F07046,32.1,4.38
COL-0907-CC07-047,2026-09-07,CC07,F07047,28.0,3.58
COL-0907-CC08-000,2026-09-07,CC08,F08000,27.8,3.68
COL-0907-CC08-001,2026-09-07,CC08,F08001,24.4,4.01
COL-0907-CC08-002,2026-09-07,CC08,F08002,30.4,3.16
COL-0907-CC08-003,2026-09-07,CC08,F08003,31.0,3.68
COL-0907-CC08-004,2026-09-07,CC08,F08004,26.0,4.03
COL-0907-CC08-005,2026-09-07,CC08,F08005,27.8,3.95
COL-0907-CC08-006,2026-09-07,CC08,F08006,28.3,4.05
COL-0907-CC08-007,2026-09-07,CC08,F08007,63.1,4.4
COL-0907-CC08-008,2026-09-07,CC08,F08008,27.4,3.55
COL-0907-CC08-009,2026-09-07,CC08,F08009,23.7,3.62
COL-0907-CC08-010,2026-09-07,CC08,F08010,16.9,4.13
COL-0907-CC08-011,2026-09-07,CC08,F08011,52.9,4.3
COL-0907-CC08-012,2026-09-07,CC08,F08012,17.0,3.91
COL-0907-CC08-013,2026-09-07,CC08,F08013,20.5,3.71
COL-0907-CC08-014,2026-09-07,CC08,F08014,41.5,3.46
COL-0907-CC08-015,2026-09-07,CC08,F08015,41.3,4.0
COL-0907-CC08-016,2026-09-07,CC08,F08016,59.7,3.92
COL-0907-CC08-017,2026-09-07,CC08,F08017,67.5,3.49
COL-0907-CC08-018,2026-09-07,CC08,F08018,59.2,3.66
COL-0907-CC08-019,2026-09-07,CC08,F08019,36.7,3.52
COL-0907-CC08-020,2026-09-07,CC08,F08020,62.1,3.99
COL-0907-CC08-021,2026-09-07,CC08,F08021,20.3,3.77
COL-0907-CC08-022,2026-09-07,CC08,F08022,41.9,4.19
COL-0907-CC08-023,2026-09-07,CC08,F08023,34.6,4.22
COL-0907-CC08-024,2026-09-07,CC08,F08024,46.7,3.92
COL-0907-CC08-025,2026-09-07,CC08,F08025,11.7,4.18
COL-0907-CC08-026,2026-09-07,CC08,F08026,38.3,4.13
COL-0907-CC08-027,2026-09-07,CC08,F08027,10.1,4.27
COL-0908-CC01-000,2026-09-08,CC01,F01000,24.4,3.39
COL-0908-CC01-001,2026-09-08,CC01,F01001,83.4,3.31
COL-0908-CC01-002,2026-09-08,CC01,F01002,21.7,3.76
COL-0908-CC01-003,2026-09-08,CC01,F01003,25.1,3.4
COL-0908-CC01-004,2026-09-08,CC01,F01004,11.8,4.07
COL-0908-CC01-005,2026-09-08,CC01,F01005,21.8,3.58
COL-0908-CC01-006,2026-09-08,CC01,F01006,22.2,3.28
COL-0908-CC01-007,2026-09-08,CC01,F01007,20.0,3.68
COL-0908-CC01-008,2026-09-08,CC01,F01008,53.6,3.12
COL-0908-CC01-009,2026-09-08,CC01,F01009,61.8,4.22
COL-0908-CC01-010,2026-09-08,CC01,F01010,76.3,3.8
COL-0908-CC01-011,2026-09-08,CC01,F01011,46.5,4.01
COL-0908-CC01-012,2026-09-08,CC01,F01012,23.9,3.96
COL-0908-CC01-013,2026-09-08,CC01,F01013,53.4,3.87
COL-0908-CC01-014,2026-09-08,CC01,F01014,43.0,3.49
COL-0908-CC01-015,2026-09-08,CC01,F01015,14.5,4.04
COL-0908-CC01-016,2026-09-08,CC01,F01016,57.1,3.7
COL-0908-CC01-017,2026-09-08,CC01,F01017,63.8,3.57
COL-0908-CC01-018,2026-09-08,CC01,F01018,25.6,3.18
COL-0908-CC01-019,2026-09-08,CC01,F01019,27.0,4.2
COL-0908-CC01-020,2026-09-08,CC01,F01020,27.3,3.73
COL-0908-CC01-021,2026-09-08,CC01,F01021,17.1,3.68
COL-0908-CC01-022,2026-09-08,CC01,F01022,47.4,3.22
COL-0908-CC01-023,2026-09-08,CC01,F01023,22.2,4.09
COL-0908-CC01-024,2026-09-08,CC01,F01024,41.5,3.77
COL-0908-CC01-025,2026-09-08,CC01,F01025,73.6,4.11
COL-0908-CC01-026,2026-09-08,CC01,F01026,36.8,3.79
COL-0908-CC01-027,2026-09-08,CC01,F01027,23.2,3.54
COL-0908-CC01-028,2026-09-08,CC01,F01028,50.3,3.98
COL-0908-CC01-029,2026-09-08,CC01,F01029,19.2,3.33
COL-0908-CC01-030,2026-09-08,CC01,F01030,50.5,3.33
COL-0908-CC01-031,2026-09-08,CC01,F01031,70.3,3.78
COL-0908-CC01-032,2026-09-08,CC01,F01032,7.0,4.03
COL-0908-CC01-033,2026-09-08,CC01,F01033,69.2,4.14
COL-0908-CC01-034,2026-09-08,CC01,F01034,45.1,3.78
COL-0908-CC01-035,2026-09-08,CC01,F01035,31.2,3.77
COL-0908-CC01-036,2026-09-08,CC01,F01036,10.1,3.87
COL-0908-CC01-037,2026-09-08,CC01,F01037,22.7,3.74
COL-0908-CC01-038,2026-09-08,CC01,F01038,44.0,3.65
COL-0908-CC01-039,2026-09-08,CC01,F01039,18.9,3.96
COL-0908-CC01-040,2026-09-08,CC01,F01040,41.3,3.65
COL-0908-CC01-041,2026-09-08,CC01,F01041,44.2,3.74
COL-0908-CC01-042,2026-09-08,CC01,F01042,25.5,4.17
COL-0908-CC01-043,2026-09-08,CC01,F01043,44.6,3.87
COL-0908-CC01-044,2026-09-08,CC01,F01044,8.5,3.65
COL-0908-CC01-045,2026-09-08,CC01,F01045,35.6,4.02
COL-0908-CC01-046,2026-09-08,CC01,F01046,39.2,3.76
COL-0908-CC01-047,2026-09-08,CC01,F01047,24.0,4.01
COL-0908-CC02-000,2026-09-08,CC02,F02000,50.7,3.65
COL-0908-CC02-001,2026-09-08,CC02,F02001,52.2,4.13
COL-0908-CC02-002,2026-09-08,CC02,F02002,32.7,4.15
COL-0908-CC02-003,2026-09-08,CC02,F02003,39.5,4.22
COL-0908-CC02-004,2026-09-08,CC02,F02004,16.4,3.54
COL-0908-CC02-005,2026-09-08,CC02,F02005,45.7,3.93
COL-0908-CC02-006,2026-09-08,CC02,F02006,28.4,3.63
COL-0908-CC02-007,2026-09-08,CC02,F02007,30.9,3.92
COL-0908-CC02-008,2026-09-08,CC02,F02008,14.8,3.32
COL-0908-CC02-009,2026-09-08,CC02,F02009,15.9,3.74
COL-0908-CC02-010,2026-09-08,CC02,F02010,13.1,4.12
COL-0908-CC02-011,2026-09-08,CC02,F02011,17.7,3.86
COL-0908-CC02-012,2026-09-08,CC02,F02012,17.2,3.07
COL-0908-CC02-013,2026-09-08,CC02,F02013,42.1,4.1
COL-0908-CC02-014,2026-09-08,CC02,F02014,32.8,3.91
COL-0908-CC02-015,2026-09-08,CC02,F02015,13.8,3.72
COL-0908-CC02-016,2026-09-08,CC02,F02016,30.5,3.8
COL-0908-CC02-017,2026-09-08,CC02,F02017,27.7,3.7
COL-0908-CC02-018,2026-09-08,CC02,F02018,22.0,4.15
COL-0908-CC02-019,2026-09-08,CC02,F02019,14.3,3.79
COL-0908-CC02-020,2026-09-08,CC02,F02020,20.4,3.32
COL-0908-CC02-021,2026-09-08,CC02,F02021,73.5,3.54
COL-0908-CC02-022,2026-09-08,CC02,F02022,22.6,4.29
COL-0908-CC02-023,2026-09-08,CC02,F02023,25.3,4.14
COL-0908-CC02-024,2026-09-08,CC02,F02024,18.2,4.04
COL-0908-CC02-025,2026-09-08,CC02,F02025,28.3,3.56
COL-0908-CC02-026,2026-09-08,CC02,F02026,52.2,3.96
COL-0908-CC02-027,2026-09-08,CC02,F02027,34.5,4.11
COL-0908-CC02-028,2026-09-08,CC02,F02028,26.5,3.83
COL-0908-CC02-029,2026-09-08,CC02,F02029,30.2,4.02
COL-0908-CC02-030,2026-09-08,CC02,F02030,68.2,4.14
COL-0908-CC02-031,2026-09-08,CC02,F02031,25.3,4.11
COL-0908-CC02-032,2026-09-08,CC02,F02032,53.4,3.94
COL-0908-CC03-000,2026-09-08,CC03,F03000,64.5,3.7
COL-0908-CC03-001,2026-09-08,CC03,F03001,49.7,3.94
COL-0908-CC03-002,2026-09-08,CC03,F03002,17.0,3.82
COL-0908-CC03-003,2026-09-08,CC03,F03003,37.3,3.88
COL-0908-CC03-004,2026-09-08,CC03,F03004,18.1,3.56
COL-0908-CC03-005,2026-09-08,CC03,F03005,22.4,3.8
COL-0908-CC03-006,2026-09-08,CC03,F03006,13.1,4.23
COL-0908-CC03-007,2026-09-08,CC03,F03007,21.0,4.06
COL-0908-CC03-008,2026-09-08,CC03,F03008,11.4,3.45
COL-0908-CC03-009,2026-09-08,CC03,F03009,32.8,3.68
COL-0908-CC03-010,2026-09-08,CC03,F03010,10.6,3.5
COL-0908-CC03-011,2026-09-08,CC03,F03011,42.2,3.59
COL-0908-CC03-012,2026-09-08,CC03,F03012,9.7,3.61
COL-0908-CC03-013,2026-09-08,CC03,F03013,46.6,3.44
COL-0908-CC03-014,2026-09-08,CC03,F03014,31.7,3.95
COL-0908-CC03-015,2026-09-08,CC03,F03015,8.6,4.08
COL-0908-CC03-016,2026-09-08,CC03,F03016,36.4,3.85
COL-0908-CC03-017,2026-09-08,CC03,F03017,24.9,3.66
COL-0908-CC03-018,2026-09-08,CC03,F03018,26.5,3.85
COL-0908-CC03-019,2026-09-08,CC03,F03019,25.4,3.58
COL-0908-CC03-020,2026-09-08,CC03,F03020,23.7,4.12
COL-0908-CC03-021,2026-09-08,CC03,F03021,30.0,4.51
COL-0908-CC03-022,2026-09-08,CC03,F03022,65.4,3.0
COL-0908-CC03-023,2026-09-08,CC03,F03023,30.4,3.92
COL-0908-CC03-024,2026-09-08,CC03,F03024,54.7,3.82
COL-0908-CC03-025,2026-09-08,CC03,F03025,21.5,3.87
COL-0908-CC03-026,2026-09-08,CC03,F03026,18.6,3.72
COL-0908-CC03-027,2026-09-08,CC03,F03027,23.1,3.35
COL-0908-CC03-028,2026-09-08,CC03,F03028,27.6,3.78
COL-0908-CC04-000,2026-09-08,CC04,F04000,22.6,3.92
COL-0908-CC04-001,2026-09-08,CC04,F04001,14.2,3.56
COL-0908-CC04-002,2026-09-08,CC04,F04002,13.9,3.6
COL-0908-CC04-003,2026-09-08,CC04,F04003,60.7,3.91
COL-0908-CC04-004,2026-09-08,CC04,F04004,18.5,3.51
COL-0908-CC04-005,2026-09-08,CC04,F04005,38.8,3.86
COL-0908-CC04-006,2026-09-08,CC04,F04006,40.4,3.78
COL-0908-CC04-007,2026-09-08,CC04,F04007,22.1,3.43
COL-0908-CC04-008,2026-09-08,CC04,F04008,10.8,3.1
COL-0908-CC04-009,2026-09-08,CC04,F04009,15.2,3.57
COL-0908-CC04-010,2026-09-08,CC04,F04010,37.1,3.81
COL-0908-CC04-011,2026-09-08,CC04,F04011,37.5,3.82
COL-0908-CC04-012,2026-09-08,CC04,F04012,22.4,4.19
COL-0908-CC04-013,2026-09-08,CC04,F04013,29.4,3.82
COL-0908-CC04-014,2026-09-08,CC04,F04014,16.7,3.79
COL-0908-CC04-015,2026-09-08,CC04,F04015,99.4,3.93
COL-0908-CC04-016,2026-09-08,CC04,F04016,9.3,3.68
COL-0908-CC04-017,2026-09-08,CC04,F04017,27.6,4.33
COL-0908-CC04-018,2026-09-08,CC04,F04018,37.8,3.64
COL-0908-CC04-019,2026-09-08,CC04,F04019,19.9,3.56
COL-0908-CC04-020,2026-09-08,CC04,F04020,34.4,3.66
COL-0908-CC04-021,2026-09-08,CC04,F04021,34.3,4.18
COL-0908-CC04-022,2026-09-08,CC04,F04022,33.4,3.64
COL-0908-CC04-023,2026-09-08,CC04,F04023,8.0,3.58
COL-0908-CC04-024,2026-09-08,CC04,F04024,30.5,3.99
COL-0908-CC04-025,2026-09-08,CC04,F04025,90.6,4.16
COL-0908-CC04-026,2026-09-08,CC04,F04026,37.5,3.69
COL-0908-CC04-027,2026-09-08,CC04,F04027,36.2,4.02
COL-0908-CC04-028,2026-09-08,CC04,F04028,26.3,3.61
COL-0908-CC04-029,2026-09-08,CC04,F04029,43.6,4.23
COL-0908-CC04-030,2026-09-08,CC04,F04030,19.2,3.49
COL-0908-CC04-031,2026-09-08,CC04,F04031,51.3,3.73
COL-0908-CC04-032,2026-09-08,CC04,F04032,22.5,3.68
COL-0908-CC04-033,2026-09-08,CC04,F04033,30.9,3.53
COL-0908-CC04-034,2026-09-08,CC04,F04034,27.7,3.78
COL-0908-CC05-000,2026-09-08,CC05,F05000,35.1,3.86
COL-0908-CC05-001,2026-09-08,CC05,F05001,28.6,3.67
COL-0908-CC05-002,2026-09-08,CC05,F05002,16.7,3.84
COL-0908-CC05-003,2026-09-08,CC05,F05003,18.5,3.37
COL-0908-CC05-004,2026-09-08,CC05,F05004,40.3,4.27
COL-0908-CC05-005,2026-09-08,CC05,F05005,18.5,4.51
COL-0908-CC05-006,2026-09-08,CC05,F05006,62.7,3.81
COL-0908-CC05-007,2026-09-08,CC05,F05007,24.5,3.18
COL-0908-CC05-008,2026-09-08,CC05,F05008,16.7,3.6
COL-0908-CC05-009,2026-09-08,CC05,F05009,20.5,3.37
COL-0908-CC05-010,2026-09-08,CC05,F05010,17.1,3.24
COL-0908-CC05-011,2026-09-08,CC05,F05011,9.1,3.76
COL-0908-CC05-012,2026-09-08,CC05,F05012,74.5,3.75
COL-0908-CC05-013,2026-09-08,CC05,F05013,47.5,3.61
COL-0908-CC05-014,2026-09-08,CC05,F05014,23.3,4.13
COL-0908-CC05-015,2026-09-08,CC05,F05015,24.6,3.81
COL-0908-CC05-016,2026-09-08,CC05,F05016,16.8,3.51
COL-0908-CC05-017,2026-09-08,CC05,F05017,32.2,3.93
COL-0908-CC05-018,2026-09-08,CC05,F05018,27.6,3.42
COL-0908-CC05-019,2026-09-08,CC05,F05019,38.5,3.69
COL-0908-CC05-020,2026-09-08,CC05,F05020,53.8,3.55
COL-0908-CC05-021,2026-09-08,CC05,F05021,19.1,3.89
COL-0908-CC05-022,2026-09-08,CC05,F05022,75.5,3.72
COL-0908-CC05-023,2026-09-08,CC05,F05023,59.3,3.63
COL-0908-CC05-024,2026-09-08,CC05,F05024,12.0,3.88
COL-0908-CC05-025,2026-09-08,CC05,F05025,18.0,3.94
COL-0908-CC05-026,2026-09-08,CC05,F05026,31.0,3.87
COL-0908-CC05-027,2026-09-08,CC05,F05027,31.4,4.14
COL-0908-CC05-028,2026-09-08,CC05,F05028,28.2,3.49
COL-0908-CC05-029,2026-09-08,CC05,F05029,35.2,3.92
COL-0908-CC05-030,2026-09-08,CC05,F05030,37.8,4.3
COL-0908-CC06-000,2026-09-08,CC06,F06000,26.3,3.31
COL-0908-CC06-001,2026-09-08,CC06,F06001,33.8,3.74
COL-0908-CC06-002,2026-09-08,CC06,F06002,52.4,3.64
COL-0908-CC06-003,2026-09-08,CC06,F06003,43.2,4.26
COL-0908-CC06-004,2026-09-08,CC06,F06004,17.7,3.71
COL-0908-CC06-005,2026-09-08,CC06,F06005,61.0,3.92
COL-0908-CC06-006,2026-09-08,CC06,F06006,24.3,3.81
COL-0908-CC06-007,2026-09-08,CC06,F06007,22.0,3.27
COL-0908-CC06-008,2026-09-08,CC06,F06008,8.3,4.02
COL-0908-CC06-009,2026-09-08,CC06,F06009,15.2,3.66
COL-0908-CC06-010,2026-09-08,CC06,F06010,37.9,3.36
COL-0908-CC06-011,2026-09-08,CC06,F06011,36.7,3.92
COL-0908-CC06-012,2026-09-08,CC06,F06012,27.6,4.17
COL-0908-CC06-013,2026-09-08,CC06,F06013,32.9,3.76
COL-0908-CC06-014,2026-09-08,CC06,F06014,32.1,3.71
COL-0908-CC06-015,2026-09-08,CC06,F06015,20.5,3.6
COL-0908-CC06-016,2026-09-08,CC06,F06016,14.1,3.67
COL-0908-CC06-017,2026-09-08,CC06,F06017,16.0,4.13
COL-0908-CC06-018,2026-09-08,CC06,F06018,35.0,3.82
COL-0908-CC06-019,2026-09-08,CC06,F06019,16.5,3.92
COL-0908-CC06-020,2026-09-08,CC06,F06020,46.2,3.97
COL-0908-CC06-021,2026-09-08,CC06,F06021,10.7,2.91
COL-0908-CC06-022,2026-09-08,CC06,F06022,30.0,3.84
COL-0908-CC06-023,2026-09-08,CC06,F06023,70.5,3.96
COL-0908-CC06-024,2026-09-08,CC06,F06024,31.4,3.86
COL-0908-CC06-025,2026-09-08,CC06,F06025,36.7,3.35
COL-0908-CC06-026,2026-09-08,CC06,F06026,43.5,3.56
COL-0908-CC07-000,2026-09-08,CC07,F07000,33.3,4.06
COL-0908-CC07-001,2026-09-08,CC07,F07001,29.6,3.98
COL-0908-CC07-002,2026-09-08,CC07,F07002,44.2,4.1
COL-0908-CC07-003,2026-09-08,CC07,F07003,19.9,4.19
COL-0908-CC07-004,2026-09-08,CC07,F07004,19.9,3.27
COL-0908-CC07-005,2026-09-08,CC07,F07005,52.3,4.0
COL-0908-CC07-006,2026-09-08,CC07,F07006,13.5,3.32
COL-0908-CC07-007,2026-09-08,CC07,F07007,53.6,3.52
COL-0908-CC07-008,2026-09-08,CC07,F07008,39.6,3.48
COL-0908-CC07-009,2026-09-08,CC07,F07009,38.6,3.94
COL-0908-CC07-010,2026-09-08,CC07,F07010,36.8,3.3
COL-0908-CC07-011,2026-09-08,CC07,F07011,27.3,3.83
COL-0908-CC07-012,2026-09-08,CC07,F07012,15.7,3.35
COL-0908-CC07-013,2026-09-08,CC07,F07013,18.0,4.39
COL-0908-CC07-014,2026-09-08,CC07,F07014,48.6,3.64
COL-0908-CC07-015,2026-09-08,CC07,F07015,30.1,3.79
COL-0908-CC07-016,2026-09-08,CC07,F07016,12.8,3.45
COL-0908-CC07-017,2026-09-08,CC07,F07017,34.2,3.63
COL-0908-CC07-018,2026-09-08,CC07,F07018,19.2,4.19
COL-0908-CC07-019,2026-09-08,CC07,F07019,43.2,3.87
COL-0908-CC07-020,2026-09-08,CC07,F07020,34.5,3.45
COL-0908-CC07-021,2026-09-08,CC07,F07021,11.1,3.65
COL-0908-CC07-022,2026-09-08,CC07,F07022,24.5,3.75
COL-0908-CC07-023,2026-09-08,CC07,F07023,19.7,4.32
COL-0908-CC07-024,2026-09-08,CC07,F07024,31.3,3.76
COL-0908-CC07-025,2026-09-08,CC07,F07025,18.3,3.93
COL-0908-CC07-026,2026-09-08,CC07,F07026,56.1,4.11
COL-0908-CC07-027,2026-09-08,CC07,F07027,33.9,4.51
COL-0908-CC07-028,2026-09-08,CC07,F07028,17.3,3.99
COL-0908-CC07-029,2026-09-08,CC07,F07029,20.8,3.48
COL-0908-CC07-030,2026-09-08,CC07,F07030,41.2,3.5
COL-0908-CC07-031,2026-09-08,CC07,F07031,30.6,4.31
COL-0908-CC07-032,2026-09-08,CC07,F07032,26.2,3.92
COL-0908-CC07-033,2026-09-08,CC07,F07033,26.7,3.22
COL-0908-CC07-034,2026-09-08,CC07,F07034,12.9,3.64
COL-0908-CC07-035,2026-09-08,CC07,F07035,32.0,3.66
COL-0908-CC07-036,2026-09-08,CC07,F07036,33.7,3.69
COL-0908-CC07-037,2026-09-08,CC07,F07037,36.3,3.99
COL-0908-CC07-038,2026-09-08,CC07,F07038,73.0,4.0
COL-0908-CC07-039,2026-09-08,CC07,F07039,35.6,4.2
COL-0908-CC07-040,2026-09-08,CC07,F07040,25.3,3.23
COL-0908-CC07-041,2026-09-08,CC07,F07041,30.1,3.89
COL-0908-CC07-042,2026-09-08,CC07,F07042,45.9,3.74
COL-0908-CC07-043,2026-09-08,CC07,F07043,15.0,3.48
COL-0908-CC08-000,2026-09-08,CC08,F08000,61.4,3.44
COL-0908-CC08-001,2026-09-08,CC08,F08001,43.6,3.74
COL-0908-CC08-002,2026-09-08,CC08,F08002,13.7,3.58
COL-0908-CC08-003,2026-09-08,CC08,F08003,30.9,3.95
COL-0908-CC08-004,2026-09-08,CC08,F08004,43.4,3.87
COL-0908-CC08-005,2026-09-08,CC08,F08005,23.9,3.42
COL-0908-CC08-006,2026-09-08,CC08,F08006,31.9,3.46
COL-0908-CC08-007,2026-09-08,CC08,F08007,17.3,3.71
COL-0908-CC08-008,2026-09-08,CC08,F08008,37.4,4.18
COL-0908-CC08-009,2026-09-08,CC08,F08009,26.1,3.59
COL-0908-CC08-010,2026-09-08,CC08,F08010,36.4,3.97
COL-0908-CC08-011,2026-09-08,CC08,F08011,37.0,3.59
COL-0908-CC08-012,2026-09-08,CC08,F08012,12.0,3.92
COL-0908-CC08-013,2026-09-08,CC08,F08013,30.8,3.61
COL-0908-CC08-014,2026-09-08,CC08,F08014,44.0,3.91
COL-0908-CC08-015,2026-09-08,CC08,F08015,52.9,3.51
COL-0908-CC08-016,2026-09-08,CC08,F08016,35.2,3.56
COL-0908-CC08-017,2026-09-08,CC08,F08017,14.9,4.37
COL-0908-CC08-018,2026-09-08,CC08,F08018,27.9,4.06
COL-0908-CC08-019,2026-09-08,CC08,F08019,21.8,3.4
COL-0908-CC08-020,2026-09-08,CC08,F08020,15.4,4.14
COL-0908-CC08-021,2026-09-08,CC08,F08021,29.8,3.73
COL-0908-CC08-022,2026-09-08,CC08,F08022,26.3,4.19
COL-0908-CC08-023,2026-09-08,CC08,F08023,11.9,3.37
COL-0908-CC08-024,2026-09-08,CC08,F08024,17.1,3.75
COL-0908-CC08-025,2026-09-08,CC08,F08025,22.5,3.65
COL-0908-CC08-026,2026-09-08,CC08,F08026,111.5,3.57
COL-0908-CC08-027,2026-09-08,CC08,F08027,11.3,3.43
COL-0908-CC08-028,2026-09-08,CC08,F08028,16.1,4.37
COL-0908-CC08-029,2026-09-08,CC08,F08029,35.8,3.78
COL-0908-CC08-030,2026-09-08,CC08,F08030,64.7,3.68
COL-0908-CC08-031,2026-09-08,CC08,F08031,13.0,3.28
COL-0908-CC08-032,2026-09-08,CC08,F08032,39.8,4.12
COL-0909-CC01-000,2026-09-09,CC01,F01000,28.5,4.09
COL-0909-CC01-001,2026-09-09,CC01,F01001,73.7,3.65
COL-0909-CC01-002,2026-09-09,CC01,F01002,15.9,4.36
COL-0909-CC01-003,2026-09-09,CC01,F01003,42.3,3.65
COL-0909-CC01-004,2026-09-09,CC01,F01004,38.8,3.12
COL-0909-CC01-005,2026-09-09,CC01,F01005,23.4,4.69
COL-0909-CC01-006,2026-09-09,CC01,F01006,24.9,3.81
COL-0909-CC01-007,2026-09-09,CC01,F01007,35.4,3.77
COL-0909-CC01-008,2026-09-09,CC01,F01008,43.0,3.8
COL-0909-CC01-009,2026-09-09,CC01,F01009,6.5,3.71
COL-0909-CC01-010,2026-09-09,CC01,F01010,53.4,3.89
COL-0909-CC01-011,2026-09-09,CC01,F01011,22.7,3.57
COL-0909-CC01-012,2026-09-09,CC01,F01012,32.4,4.47
COL-0909-CC01-013,2026-09-09,CC01,F01013,20.7,3.59
COL-0909-CC01-014,2026-09-09,CC01,F01014,33.8,4.0
COL-0909-CC01-015,2026-09-09,CC01,F01015,50.9,4.21
COL-0909-CC01-016,2026-09-09,CC01,F01016,26.1,3.74
COL-0909-CC01-017,2026-09-09,CC01,F01017,66.7,4.07
COL-0909-CC01-018,2026-09-09,CC01,F01018,5.1,3.64
COL-0909-CC01-019,2026-09-09,CC01,F01019,57.5,3.5
COL-0909-CC01-020,2026-09-09,CC01,F01020,48.6,3.56
COL-0909-CC01-021,2026-09-09,CC01,F01021,20.3,4.13
COL-0909-CC01-022,2026-09-09,CC01,F01022,16.8,4.12
COL-0909-CC01-023,2026-09-09,CC01,F01023,26.5,3.53
COL-0909-CC01-024,2026-09-09,CC01,F01024,15.6,4.11
COL-0909-CC01-025,2026-09-09,CC01,F01025,23.7,3.53
COL-0909-CC01-026,2026-09-09,CC01,F01026,16.4,3.86
COL-0909-CC01-027,2026-09-09,CC01,F01027,27.3,4.01
COL-0909-CC01-028,2026-09-09,CC01,F01028,37.6,3.17
COL-0909-CC01-029,2026-09-09,CC01,F01029,33.3,3.99
COL-0909-CC01-030,2026-09-09,CC01,F01030,41.4,3.71
COL-0909-CC01-031,2026-09-09,CC01,F01031,32.6,3.35
COL-0909-CC01-032,2026-09-09,CC01,F01032,33.4,4.01
COL-0909-CC01-033,2026-09-09,CC01,F01033,20.5,3.89
COL-0909-CC01-034,2026-09-09,CC01,F01034,22.3,3.91
COL-0909-CC01-035,2026-09-09,CC01,F01035,64.3,3.71
COL-0909-CC01-036,2026-09-09,CC01,F01036,23.9,3.59
COL-0909-CC01-037,2026-09-09,CC01,F01037,23.8,3.4
COL-0909-CC01-038,2026-09-09,CC01,F01038,49.1,3.73
COL-0909-CC01-039,2026-09-09,CC01,F01039,46.1,3.48
COL-0909-CC02-000,2026-09-09,CC02,F02000,36.2,3.54
COL-0909-CC02-001,2026-09-09,CC02,F02001,25.1,3.89
COL-0909-CC02-002,2026-09-09,CC02,F02002,28.0,3.79
COL-0909-CC02-003,2026-09-09,CC02,F02003,22.8,3.91
COL-0909-CC02-004,2026-09-09,CC02,F02004,24.7,3.71
COL-0909-CC02-005,2026-09-09,CC02,F02005,70.9,3.83
COL-0909-CC02-006,2026-09-09,CC02,F02006,12.7,3.55
COL-0909-CC02-007,2026-09-09,CC02,F02007,25.5,3.51
COL-0909-CC02-008,2026-09-09,CC02,F02008,33.1,2.99
COL-0909-CC02-009,2026-09-09,CC02,F02009,34.0,3.83
COL-0909-CC02-010,2026-09-09,CC02,F02010,20.1,3.82
COL-0909-CC02-011,2026-09-09,CC02,F02011,31.2,3.48
COL-0909-CC02-012,2026-09-09,CC02,F02012,10.4,4.24
COL-0909-CC02-013,2026-09-09,CC02,F02013,18.3,4.14
COL-0909-CC02-014,2026-09-09,CC02,F02014,33.6,4.3
COL-0909-CC02-015,2026-09-09,CC02,F02015,12.7,3.74
COL-0909-CC02-016,2026-09-09,CC02,F02016,30.6,3.7
COL-0909-CC02-017,2026-09-09,CC02,F02017,24.8,3.88
COL-0909-CC02-018,2026-09-09,CC02,F02018,20.6,4.06
COL-0909-CC02-019,2026-09-09,CC02,F02019,14.9,4.24
COL-0909-CC02-020,2026-09-09,CC02,F02020,23.4,3.49
COL-0909-CC02-021,2026-09-09,CC02,F02021,26.7,3.73
COL-0909-CC02-022,2026-09-09,CC02,F02022,31.7,3.16
COL-0909-CC02-023,2026-09-09,CC02,F02023,16.8,3.7
COL-0909-CC02-024,2026-09-09,CC02,F02024,24.2,4.06
COL-0909-CC02-025,2026-09-09,CC02,F02025,30.6,3.99
COL-0909-CC02-026,2026-09-09,CC02,F02026,21.3,4.5
COL-0909-CC02-027,2026-09-09,CC02,F02027,24.5,3.99
COL-0909-CC02-028,2026-09-09,CC02,F02028,22.0,3.65
COL-0909-CC02-029,2026-09-09,CC02,F02029,19.6,3.55
COL-0909-CC02-030,2026-09-09,CC02,F02030,20.4,3.86
COL-0909-CC02-031,2026-09-09,CC02,F02031,51.6,4.29
COL-0909-CC02-032,2026-09-09,CC02,F02032,20.3,3.4
COL-0909-CC02-033,2026-09-09,CC02,F02033,13.8,3.49
COL-0909-CC02-034,2026-09-09,CC02,F02034,41.8,3.81
COL-0909-CC03-000,2026-09-09,CC03,F03000,28.3,3.76
COL-0909-CC03-001,2026-09-09,CC03,F03001,60.1,4.05
COL-0909-CC03-002,2026-09-09,CC03,F03002,55.0,4.01
COL-0909-CC03-003,2026-09-09,CC03,F03003,9.3,3.48
COL-0909-CC03-004,2026-09-09,CC03,F03004,24.3,3.63
COL-0909-CC03-005,2026-09-09,CC03,F03005,37.5,3.88
COL-0909-CC03-006,2026-09-09,CC03,F03006,30.5,3.6
COL-0909-CC03-007,2026-09-09,CC03,F03007,19.5,3.35
COL-0909-CC03-008,2026-09-09,CC03,F03008,13.4,3.84
COL-0909-CC03-009,2026-09-09,CC03,F03009,22.3,3.67
COL-0909-CC03-010,2026-09-09,CC03,F03010,17.0,3.87
COL-0909-CC03-011,2026-09-09,CC03,F03011,23.2,4.04
COL-0909-CC03-012,2026-09-09,CC03,F03012,43.2,3.63
COL-0909-CC03-013,2026-09-09,CC03,F03013,25.0,3.44
COL-0909-CC03-014,2026-09-09,CC03,F03014,21.7,3.55
COL-0909-CC03-015,2026-09-09,CC03,F03015,17.9,4.02
COL-0909-CC03-016,2026-09-09,CC03,F03016,10.8,3.81
COL-0909-CC03-017,2026-09-09,CC03,F03017,17.7,4.02
COL-0909-CC03-018,2026-09-09,CC03,F03018,54.7,3.68
COL-0909-CC03-019,2026-09-09,CC03,F03019,10.2,4.01
COL-0909-CC03-020,2026-09-09,CC03,F03020,69.9,3.64
COL-0909-CC03-021,2026-09-09,CC03,F03021,7.1,3.59
COL-0909-CC03-022,2026-09-09,CC03,F03022,45.7,3.78
COL-0909-CC03-023,2026-09-09,CC03,F03023,26.5,3.75
COL-0909-CC03-024,2026-09-09,CC03,F03024,49.9,3.71
COL-0909-CC03-025,2026-09-09,CC03,F03025,19.2,3.8
COL-0909-CC03-026,2026-09-09,CC03,F03026,19.7,4.07
COL-0909-CC03-027,2026-09-09,CC03,F03027,16.0,3.58
COL-0909-CC03-028,2026-09-09,CC03,F03028,48.5,3.25
COL-0909-CC03-029,2026-09-09,CC03,F03029,54.4,3.91
COL-0909-CC03-030,2026-09-09,CC03,F03030,9.5,4.36
COL-0909-CC03-031,2026-09-09,CC03,F03031,32.1,4.1
COL-0909-CC03-032,2026-09-09,CC03,F03032,22.9,3.42
COL-0909-CC03-033,2026-09-09,CC03,F03033,15.5,3.92
COL-0909-CC03-034,2026-09-09,CC03,F03034,65.1,4.12
COL-0909-CC03-035,2026-09-09,CC03,F03035,29.4,4.06
COL-0909-CC03-036,2026-09-09,CC03,F03036,37.9,4.34
COL-0909-CC03-037,2026-09-09,CC03,F03037,31.9,4.04
COL-0909-CC03-038,2026-09-09,CC03,F03038,60.2,2.94
COL-0909-CC03-039,2026-09-09,CC03,F03039,49.6,3.96
COL-0909-CC03-040,2026-09-09,CC03,F03040,36.6,3.55
COL-0909-CC03-041,2026-09-09,CC03,F03041,10.9,3.5
COL-0909-CC03-042,2026-09-09,CC03,F03042,16.1,3.26
COL-0909-CC03-043,2026-09-09,CC03,F03043,20.3,3.4
COL-0909-CC03-044,2026-09-09,CC03,F03044,16.0,3.67
COL-0909-CC03-045,2026-09-09,CC03,F03045,28.1,4.12
COL-0909-CC03-046,2026-09-09,CC03,F03046,19.1,4.13
COL-0909-CC04-000,2026-09-09,CC04,F04000,17.6,4.05
COL-0909-CC04-001,2026-09-09,CC04,F04001,36.3,4.25
COL-0909-CC04-002,2026-09-09,CC04,F04002,41.6,3.7
COL-0909-CC04-003,2026-09-09,CC04,F04003,60.2,3.83
COL-0909-CC04-004,2026-09-09,CC04,F04004,21.1,3.57
COL-0909-CC04-005,2026-09-09,CC04,F04005,25.7,3.98
COL-0909-CC04-006,2026-09-09,CC04,F04006,43.9,3.76
COL-0909-CC04-007,2026-09-09,CC04,F04007,29.5,3.58
COL-0909-CC04-008,2026-09-09,CC04,F04008,22.1,3.7
COL-0909-CC04-009,2026-09-09,CC04,F04009,20.8,3.99
COL-0909-CC04-010,2026-09-09,CC04,F04010,26.1,4.08
COL-0909-CC04-011,2026-09-09,CC04,F04011,34.5,4.05
COL-0909-CC04-012,2026-09-09,CC04,F04012,63.5,4.52
COL-0909-CC04-013,2026-09-09,CC04,F04013,10.6,4.04
COL-0909-CC04-014,2026-09-09,CC04,F04014,54.1,3.54
COL-0909-CC04-015,2026-09-09,CC04,F04015,27.4,4.14
COL-0909-CC04-016,2026-09-09,CC04,F04016,26.5,3.56
COL-0909-CC04-017,2026-09-09,CC04,F04017,66.1,3.49
COL-0909-CC04-018,2026-09-09,CC04,F04018,34.5,4.04
COL-0909-CC04-019,2026-09-09,CC04,F04019,46.0,3.65
COL-0909-CC04-020,2026-09-09,CC04,F04020,25.5,3.82
COL-0909-CC04-021,2026-09-09,CC04,F04021,27.4,3.67
COL-0909-CC04-022,2026-09-09,CC04,F04022,40.0,3.77
COL-0909-CC04-023,2026-09-09,CC04,F04023,19.2,3.3
COL-0909-CC04-024,2026-09-09,CC04,F04024,7.1,4.09
COL-0909-CC04-025,2026-09-09,CC04,F04025,32.2,4.19
COL-0909-CC04-026,2026-09-09,CC04,F04026,12.2,3.75
COL-0909-CC04-027,2026-09-09,CC04,F04027,21.7,4.2
COL-0909-CC04-028,2026-09-09,CC04,F04028,25.8,4.08
COL-0909-CC04-029,2026-09-09,CC04,F04029,19.6,4.19
COL-0909-CC04-030,2026-09-09,CC04,F04030,30.2,4.27
COL-0909-CC04-031,2026-09-09,CC04,F04031,42.4,3.46
COL-0909-CC04-032,2026-09-09,CC04,F04032,14.2,4.07
COL-0909-CC04-033,2026-09-09,CC04,F04033,54.5,3.78
COL-0909-CC04-034,2026-09-09,CC04,F04034,23.6,4.06
COL-0909-CC04-035,2026-09-09,CC04,F04035,35.3,3.75
COL-0909-CC04-036,2026-09-09,CC04,F04036,17.4,4.45
COL-0909-CC04-037,2026-09-09,CC04,F04037,58.2,4.33
COL-0909-CC04-038,2026-09-09,CC04,F04038,19.4,3.83
COL-0909-CC04-039,2026-09-09,CC04,F04039,30.4,3.96
COL-0909-CC05-000,2026-09-09,CC05,F05000,13.4,3.32
COL-0909-CC05-001,2026-09-09,CC05,F05001,36.8,3.69
COL-0909-CC05-002,2026-09-09,CC05,F05002,21.4,4.08
COL-0909-CC05-003,2026-09-09,CC05,F05003,26.7,3.89
COL-0909-CC05-004,2026-09-09,CC05,F05004,33.2,3.89
COL-0909-CC05-005,2026-09-09,CC05,F05005,21.3,4.17
COL-0909-CC05-006,2026-09-09,CC05,F05006,44.3,3.95
COL-0909-CC05-007,2026-09-09,CC05,F05007,20.2,3.62
COL-0909-CC05-008,2026-09-09,CC05,F05008,17.9,3.51
COL-0909-CC05-009,2026-09-09,CC05,F05009,30.4,3.71
COL-0909-CC05-010,2026-09-09,CC05,F05010,12.1,3.91
COL-0909-CC05-011,2026-09-09,CC05,F05011,26.4,3.7
COL-0909-CC05-012,2026-09-09,CC05,F05012,42.6,3.73
COL-0909-CC05-013,2026-09-09,CC05,F05013,20.5,3.63
COL-0909-CC05-014,2026-09-09,CC05,F05014,23.8,3.56
COL-0909-CC05-015,2026-09-09,CC05,F05015,59.6,3.44
COL-0909-CC05-016,2026-09-09,CC05,F05016,73.8,3.56
COL-0909-CC05-017,2026-09-09,CC05,F05017,25.0,4.34
COL-0909-CC05-018,2026-09-09,CC05,F05018,37.3,4.13
COL-0909-CC05-019,2026-09-09,CC05,F05019,33.0,4.22
COL-0909-CC05-020,2026-09-09,CC05,F05020,26.6,3.84
COL-0909-CC05-021,2026-09-09,CC05,F05021,31.9,3.76
COL-0909-CC05-022,2026-09-09,CC05,F05022,16.1,4.05
COL-0909-CC05-023,2026-09-09,CC05,F05023,76.8,3.69
COL-0909-CC05-024,2026-09-09,CC05,F05024,34.5,4.15
COL-0909-CC06-000,2026-09-09,CC06,F06000,67.4,4.05
COL-0909-CC06-001,2026-09-09,CC06,F06001,41.0,3.55
COL-0909-CC06-002,2026-09-09,CC06,F06002,20.1,3.6
COL-0909-CC06-003,2026-09-09,CC06,F06003,10.7,3.34
COL-0909-CC06-004,2026-09-09,CC06,F06004,21.2,3.59
COL-0909-CC06-005,2026-09-09,CC06,F06005,20.5,3.3
COL-0909-CC06-006,2026-09-09,CC06,F06006,30.8,4.06
COL-0909-CC06-007,2026-09-09,CC06,F06007,18.1,3.75
COL-0909-CC06-008,2026-09-09,CC06,F06008,34.3,4.07
COL-0909-CC06-009,2026-09-09,CC06,F06009,18.3,4.2
COL-0909-CC06-010,2026-09-09,CC06,F06010,19.5,3.93
COL-0909-CC06-011,2026-09-09,CC06,F06011,49.3,3.89
COL-0909-CC06-012,2026-09-09,CC06,F06012,17.3,3.83
COL-0909-CC06-013,2026-09-09,CC06,F06013,28.3,3.67
COL-0909-CC06-014,2026-09-09,CC06,F06014,23.8,3.14
COL-0909-CC06-015,2026-09-09,CC06,F06015,38.9,3.85
COL-0909-CC06-016,2026-09-09,CC06,F06016,57.1,3.58
COL-0909-CC06-017,2026-09-09,CC06,F06017,39.1,3.5
COL-0909-CC06-018,2026-09-09,CC06,F06018,20.4,3.62
COL-0909-CC06-019,2026-09-09,CC06,F06019,32.1,3.79
COL-0909-CC06-020,2026-09-09,CC06,F06020,49.4,4.0
COL-0909-CC06-021,2026-09-09,CC06,F06021,29.0,3.5
COL-0909-CC06-022,2026-09-09,CC06,F06022,42.4,3.42
COL-0909-CC06-023,2026-09-09,CC06,F06023,38.5,4.11
COL-0909-CC06-024,2026-09-09,CC06,F06024,21.9,3.96
COL-0909-CC06-025,2026-09-09,CC06,F06025,61.1,4.03
COL-0909-CC06-026,2026-09-09,CC06,F06026,31.1,3.71
COL-0909-CC06-027,2026-09-09,CC06,F06027,15.7,3.38
COL-0909-CC06-028,2026-09-09,CC06,F06028,17.7,4.19
COL-0909-CC07-000,2026-09-09,CC07,F07000,85.2,3.51
COL-0909-CC07-001,2026-09-09,CC07,F07001,38.4,3.6
COL-0909-CC07-002,2026-09-09,CC07,F07002,22.8,3.52
COL-0909-CC07-003,2026-09-09,CC07,F07003,20.3,4.23
COL-0909-CC07-004,2026-09-09,CC07,F07004,31.5,3.88
COL-0909-CC07-005,2026-09-09,CC07,F07005,16.5,4.08
COL-0909-CC07-006,2026-09-09,CC07,F07006,24.6,4.07
COL-0909-CC07-007,2026-09-09,CC07,F07007,17.3,3.72
COL-0909-CC07-008,2026-09-09,CC07,F07008,27.8,4.15
COL-0909-CC07-009,2026-09-09,CC07,F07009,19.3,3.79
COL-0909-CC07-010,2026-09-09,CC07,F07010,100.2,3.91
COL-0909-CC07-011,2026-09-09,CC07,F07011,73.7,3.21
COL-0909-CC07-012,2026-09-09,CC07,F07012,14.9,3.79
COL-0909-CC07-013,2026-09-09,CC07,F07013,48.9,3.69
COL-0909-CC07-014,2026-09-09,CC07,F07014,46.2,3.58
COL-0909-CC07-015,2026-09-09,CC07,F07015,59.6,3.87
COL-0909-CC07-016,2026-09-09,CC07,F07016,16.8,3.43
COL-0909-CC07-017,2026-09-09,CC07,F07017,30.1,3.73
COL-0909-CC07-018,2026-09-09,CC07,F07018,30.1,3.04
COL-0909-CC07-019,2026-09-09,CC07,F07019,25.8,3.74
COL-0909-CC07-020,2026-09-09,CC07,F07020,24.8,3.6
COL-0909-CC07-021,2026-09-09,CC07,F07021,32.0,4.32
COL-0909-CC07-022,2026-09-09,CC07,F07022,13.1,3.86
COL-0909-CC07-023,2026-09-09,CC07,F07023,23.6,3.98
COL-0909-CC07-024,2026-09-09,CC07,F07024,74.7,2.93
COL-0909-CC07-025,2026-09-09,CC07,F07025,45.1,3.67
COL-0909-CC07-026,2026-09-09,CC07,F07026,52.3,3.45
COL-0909-CC07-027,2026-09-09,CC07,F07027,5.4,4.19
COL-0909-CC07-028,2026-09-09,CC07,F07028,28.9,4.09
COL-0909-CC07-029,2026-09-09,CC07,F07029,28.1,3.83
COL-0909-CC07-030,2026-09-09,CC07,F07030,39.4,3.85
COL-0909-CC07-031,2026-09-09,CC07,F07031,85.9,3.83
COL-0909-CC07-032,2026-09-09,CC07,F07032,7.5,3.78
COL-0909-CC07-033,2026-09-09,CC07,F07033,38.8,3.99
COL-0909-CC07-034,2026-09-09,CC07,F07034,23.0,3.97
COL-0909-CC07-035,2026-09-09,CC07,F07035,19.3,3.75
COL-0909-CC07-036,2026-09-09,CC07,F07036,42.4,3.58
COL-0909-CC07-037,2026-09-09,CC07,F07037,43.5,4.28
COL-0909-CC07-038,2026-09-09,CC07,F07038,32.1,3.67
COL-0909-CC07-039,2026-09-09,CC07,F07039,52.4,3.58
COL-0909-CC07-040,2026-09-09,CC07,F07040,19.9,4.49
COL-0909-CC07-041,2026-09-09,CC07,F07041,53.2,3.83
COL-0909-CC08-000,2026-09-09,CC08,F08000,55.9,3.68
COL-0909-CC08-001,2026-09-09,CC08,F08001,51.1,4.15
COL-0909-CC08-002,2026-09-09,CC08,F08002,44.3,4.04
COL-0909-CC08-003,2026-09-09,CC08,F08003,24.1,3.69
COL-0909-CC08-004,2026-09-09,CC08,F08004,56.3,3.58
COL-0909-CC08-005,2026-09-09,CC08,F08005,30.1,3.78
COL-0909-CC08-006,2026-09-09,CC08,F08006,17.3,3.41
COL-0909-CC08-007,2026-09-09,CC08,F08007,45.3,3.87
COL-0909-CC08-008,2026-09-09,CC08,F08008,41.4,3.31
COL-0909-CC08-009,2026-09-09,CC08,F08009,28.4,3.57
COL-0909-CC08-010,2026-09-09,CC08,F08010,23.6,4.05
COL-0909-CC08-011,2026-09-09,CC08,F08011,46.0,3.8
COL-0909-CC08-012,2026-09-09,CC08,F08012,12.8,3.6
COL-0909-CC08-013,2026-09-09,CC08,F08013,23.9,3.84
COL-0909-CC08-014,2026-09-09,CC08,F08014,26.7,3.72
COL-0909-CC08-015,2026-09-09,CC08,F08015,39.0,3.87
COL-0909-CC08-016,2026-09-09,CC08,F08016,50.6,4.12
COL-0909-CC08-017,2026-09-09,CC08,F08017,53.2,3.77
COL-0909-CC08-018,2026-09-09,CC08,F08018,36.2,3.29
COL-0909-CC08-019,2026-09-09,CC08,F08019,14.1,3.92
COL-0909-CC08-020,2026-09-09,CC08,F08020,7.6,3.56
COL-0909-CC08-021,2026-09-09,CC08,F08021,32.5,4.14
COL-0909-CC08-022,2026-09-09,CC08,F08022,23.3,4.09
COL-0909-CC08-023,2026-09-09,CC08,F08023,25.6,3.79
COL-0909-CC08-024,2026-09-09,CC08,F08024,71.4,3.93
COL-0909-CC08-025,2026-09-09,CC08,F08025,47.5,3.36
COL-0909-CC08-026,2026-09-09,CC08,F08026,40.4,3.28
COL-0909-CC08-027,2026-09-09,CC08,F08027,27.2,3.7
COL-0909-CC08-028,2026-09-09,CC08,F08028,23.5,3.9
COL-0909-CC08-029,2026-09-09,CC08,F08029,41.1,4.2
COL-0909-CC08-030,2026-09-09,CC08,F08030,5.1,3.6
COL-0909-CC08-031,2026-09-09,CC08,F08031,54.8,3.52
COL-0909-CC08-032,2026-09-09,CC08,F08032,40.0,3.55
COL-0909-CC08-033,2026-09-09,CC08,F08033,12.1,3.58
COL-0909-CC08-034,2026-09-09,CC08,F08034,6.6,3.85
COL-0909-CC08-035,2026-09-09,CC08,F08035,24.1,3.38
COL-0909-CC08-036,2026-09-09,CC08,F08036,29.4,4.02
COL-0910-CC01-000,2026-09-10,CC01,F01000,10.7,3.82
COL-0910-CC01-001,2026-09-10,CC01,F01001,8.9,3.71
COL-0910-CC01-002,2026-09-10,CC01,F01002,20.6,4.1
COL-0910-CC01-003,2026-09-10,CC01,F01003,37.6,3.82
COL-0910-CC01-004,2026-09-10,CC01,F01004,54.7,3.96
COL-0910-CC01-005,2026-09-10,CC01,F01005,42.0,3.65
COL-0910-CC01-006,2026-09-10,CC01,F01006,15.3,3.6
COL-0910-CC01-007,2026-09-10,CC01,F01007,34.5,4.28
COL-0910-CC01-008,2026-09-10,CC01,F01008,28.5,3.3
COL-0910-CC01-009,2026-09-10,CC01,F01009,45.2,4.13
COL-0910-CC01-010,2026-09-10,CC01,F01010,13.6,3.57
COL-0910-CC01-011,2026-09-10,CC01,F01011,22.9,3.98
COL-0910-CC01-012,2026-09-10,CC01,F01012,13.5,3.41
COL-0910-CC01-013,2026-09-10,CC01,F01013,68.2,3.93
COL-0910-CC01-014,2026-09-10,CC01,F01014,41.9,3.88
COL-0910-CC01-015,2026-09-10,CC01,F01015,38.8,3.16
COL-0910-CC01-016,2026-09-10,CC01,F01016,28.1,3.6
COL-0910-CC01-017,2026-09-10,CC01,F01017,41.3,3.98
COL-0910-CC01-018,2026-09-10,CC01,F01018,37.4,4.09
COL-0910-CC01-019,2026-09-10,CC01,F01019,28.8,3.88
COL-0910-CC01-020,2026-09-10,CC01,F01020,37.1,3.62
COL-0910-CC01-021,2026-09-10,CC01,F01021,39.2,3.77
COL-0910-CC01-022,2026-09-10,CC01,F01022,32.9,3.4
COL-0910-CC01-023,2026-09-10,CC01,F01023,12.1,3.49
COL-0910-CC01-024,2026-09-10,CC01,F01024,43.6,3.85
COL-0910-CC01-025,2026-09-10,CC01,F01025,7.9,3.79
COL-0910-CC01-026,2026-09-10,CC01,F01026,21.1,4.0
COL-0910-CC01-027,2026-09-10,CC01,F01027,33.5,3.84
COL-0910-CC01-028,2026-09-10,CC01,F01028,30.1,3.96
COL-0910-CC01-029,2026-09-10,CC01,F01029,83.5,3.76
COL-0910-CC01-030,2026-09-10,CC01,F01030,33.5,3.97
COL-0910-CC01-031,2026-09-10,CC01,F01031,35.0,4.51
COL-0910-CC01-032,2026-09-10,CC01,F01032,21.0,3.5
COL-0910-CC01-033,2026-09-10,CC01,F01033,20.2,3.83
COL-0910-CC01-034,2026-09-10,CC01,F01034,28.1,3.65
COL-0910-CC01-035,2026-09-10,CC01,F01035,43.8,3.94
COL-0910-CC01-036,2026-09-10,CC01,F01036,51.8,3.93
COL-0910-CC01-037,2026-09-10,CC01,F01037,30.6,3.55
COL-0910-CC01-038,2026-09-10,CC01,F01038,19.8,3.84
COL-0910-CC01-039,2026-09-10,CC01,F01039,8.5,3.86
COL-0910-CC01-040,2026-09-10,CC01,F01040,43.5,3.76
COL-0910-CC01-041,2026-09-10,CC01,F01041,16.3,3.89
COL-0910-CC01-042,2026-09-10,CC01,F01042,16.5,4.2
COL-0910-CC01-043,2026-09-10,CC01,F01043,18.7,3.98
COL-0910-CC01-044,2026-09-10,CC01,F01044,19.9,3.72
COL-0910-CC01-045,2026-09-10,CC01,F01045,26.4,3.87
COL-0910-CC01-046,2026-09-10,CC01,F01046,25.4,4.39
COL-0910-CC01-047,2026-09-10,CC01,F01047,14.5,3.62
COL-0910-CC02-000,2026-09-10,CC02,F02000,20.1,3.64
COL-0910-CC02-001,2026-09-10,CC02,F02001,25.9,4.52
COL-0910-CC02-002,2026-09-10,CC02,F02002,19.0,3.62
COL-0910-CC02-003,2026-09-10,CC02,F02003,16.0,3.48
COL-0910-CC02-004,2026-09-10,CC02,F02004,33.8,4.02
COL-0910-CC02-005,2026-09-10,CC02,F02005,45.1,3.65
COL-0910-CC02-006,2026-09-10,CC02,F02006,29.1,3.69
COL-0910-CC02-007,2026-09-10,CC02,F02007,32.1,3.73
COL-0910-CC02-008,2026-09-10,CC02,F02008,39.2,3.61
COL-0910-CC02-009,2026-09-10,CC02,F02009,26.5,3.68
COL-0910-CC02-010,2026-09-10,CC02,F02010,34.4,3.16
COL-0910-CC02-011,2026-09-10,CC02,F02011,44.9,3.77
COL-0910-CC02-012,2026-09-10,CC02,F02012,17.3,3.99
COL-0910-CC02-013,2026-09-10,CC02,F02013,16.1,4.36
COL-0910-CC02-014,2026-09-10,CC02,F02014,34.7,3.83
COL-0910-CC02-015,2026-09-10,CC02,F02015,39.8,4.05
COL-0910-CC02-016,2026-09-10,CC02,F02016,28.3,3.59
COL-0910-CC02-017,2026-09-10,CC02,F02017,12.0,4.24
COL-0910-CC02-018,2026-09-10,CC02,F02018,9.3,4.47
COL-0910-CC02-019,2026-09-10,CC02,F02019,79.8,3.91
COL-0910-CC02-020,2026-09-10,CC02,F02020,40.0,3.71
COL-0910-CC02-021,2026-09-10,CC02,F02021,25.9,3.82
COL-0910-CC02-022,2026-09-10,CC02,F02022,70.5,4.27
COL-0910-CC02-023,2026-09-10,CC02,F02023,20.9,3.44
COL-0910-CC02-024,2026-09-10,CC02,F02024,28.1,4.19
COL-0910-CC02-025,2026-09-10,CC02,F02025,20.5,3.52
COL-0910-CC02-026,2026-09-10,CC02,F02026,23.4,3.57
COL-0910-CC02-027,2026-09-10,CC02,F02027,45.4,3.89
COL-0910-CC02-028,2026-09-10,CC02,F02028,30.5,4.0
COL-0910-CC02-029,2026-09-10,CC02,F02029,16.9,4.1
COL-0910-CC02-030,2026-09-10,CC02,F02030,22.4,4.23
COL-0910-CC02-031,2026-09-10,CC02,F02031,29.6,3.48
COL-0910-CC02-032,2026-09-10,CC02,F02032,22.9,3.83
COL-0910-CC02-033,2026-09-10,CC02,F02033,35.1,4.04
COL-0910-CC02-034,2026-09-10,CC02,F02034,36.5,3.89
COL-0910-CC02-035,2026-09-10,CC02,F02035,35.5,4.14
COL-0910-CC02-036,2026-09-10,CC02,F02036,22.7,3.82
COL-0910-CC02-037,2026-09-10,CC02,F02037,30.4,3.73
COL-0910-CC02-038,2026-09-10,CC02,F02038,71.9,3.15
COL-0910-CC02-039,2026-09-10,CC02,F02039,15.4,3.26
COL-0910-CC03-000,2026-09-10,CC03,F03000,28.2,3.59
COL-0910-CC03-001,2026-09-10,CC03,F03001,21.1,3.86
COL-0910-CC03-002,2026-09-10,CC03,F03002,28.1,3.83
COL-0910-CC03-003,2026-09-10,CC03,F03003,8.6,3.6
COL-0910-CC03-004,2026-09-10,CC03,F03004,62.2,3.97
COL-0910-CC03-005,2026-09-10,CC03,F03005,37.7,3.88
COL-0910-CC03-006,2026-09-10,CC03,F03006,45.8,3.66
COL-0910-CC03-007,2026-09-10,CC03,F03007,54.7,3.59
COL-0910-CC03-008,2026-09-10,CC03,F03008,22.8,4.01
COL-0910-CC03-009,2026-09-10,CC03,F03009,19.7,3.76
COL-0910-CC03-010,2026-09-10,CC03,F03010,41.3,4.16
COL-0910-CC03-011,2026-09-10,CC03,F03011,43.2,4.06
COL-0910-CC03-012,2026-09-10,CC03,F03012,14.8,3.44
COL-0910-CC03-013,2026-09-10,CC03,F03013,40.5,3.17
COL-0910-CC03-014,2026-09-10,CC03,F03014,11.3,3.81
COL-0910-CC03-015,2026-09-10,CC03,F03015,16.5,3.6
COL-0910-CC03-016,2026-09-10,CC03,F03016,8.9,3.49
COL-0910-CC03-017,2026-09-10,CC03,F03017,16.6,3.58
COL-0910-CC03-018,2026-09-10,CC03,F03018,30.1,4.23
COL-0910-CC03-019,2026-09-10,CC03,F03019,21.4,3.73
COL-0910-CC03-020,2026-09-10,CC03,F03020,5.8,4.37
COL-0910-CC03-021,2026-09-10,CC03,F03021,34.8,4.03
COL-0910-CC03-022,2026-09-10,CC03,F03022,13.1,3.28
COL-0910-CC03-023,2026-09-10,CC03,F03023,45.5,3.93
COL-0910-CC03-024,2026-09-10,CC03,F03024,58.1,4.25
COL-0910-CC03-025,2026-09-10,CC03,F03025,43.4,3.26
COL-0910-CC03-026,2026-09-10,CC03,F03026,13.6,3.42
COL-0910-CC03-027,2026-09-10,CC03,F03027,29.0,3.77
COL-0910-CC03-028,2026-09-10,CC03,F03028,15.6,3.63
COL-0910-CC03-029,2026-09-10,CC03,F03029,37.4,4.31
COL-0910-CC03-030,2026-09-10,CC03,F03030,24.9,3.54
COL-0910-CC03-031,2026-09-10,CC03,F03031,20.9,4.31
COL-0910-CC03-032,2026-09-10,CC03,F03032,32.1,3.38
COL-0910-CC03-033,2026-09-10,CC03,F03033,30.4,3.54
COL-0910-CC03-034,2026-09-10,CC03,F03034,20.9,3.9
COL-0910-CC03-035,2026-09-10,CC03,F03035,21.0,3.96
COL-0910-CC03-036,2026-09-10,CC03,F03036,23.4,3.85
COL-0910-CC03-037,2026-09-10,CC03,F03037,30.8,4.28
COL-0910-CC03-038,2026-09-10,CC03,F03038,59.5,4.35
COL-0910-CC03-039,2026-09-10,CC03,F03039,25.9,4.39
COL-0910-CC03-040,2026-09-10,CC03,F03040,31.2,3.77
COL-0910-CC03-041,2026-09-10,CC03,F03041,81.0,4.07
COL-0910-CC04-000,2026-09-10,CC04,F04000,20.6,3.88
COL-0910-CC04-001,2026-09-10,CC04,F04001,22.6,3.39
COL-0910-CC04-002,2026-09-10,CC04,F04002,12.8,4.23
COL-0910-CC04-003,2026-09-10,CC04,F04003,14.6,3.85
COL-0910-CC04-004,2026-09-10,CC04,F04004,17.6,3.86
COL-0910-CC04-005,2026-09-10,CC04,F04005,45.6,3.76
COL-0910-CC04-006,2026-09-10,CC04,F04006,36.0,3.79
COL-0910-CC04-007,2026-09-10,CC04,F04007,29.0,3.11
COL-0910-CC04-008,2026-09-10,CC04,F04008,43.7,4.19
COL-0910-CC04-009,2026-09-10,CC04,F04009,20.9,3.54
COL-0910-CC04-010,2026-09-10,CC04,F04010,30.3,4.05
COL-0910-CC04-011,2026-09-10,CC04,F04011,36.4,3.76
COL-0910-CC04-012,2026-09-10,CC04,F04012,33.3,3.74
COL-0910-CC04-013,2026-09-10,CC04,F04013,57.9,3.95
COL-0910-CC04-014,2026-09-10,CC04,F04014,50.7,4.31
COL-0910-CC04-015,2026-09-10,CC04,F04015,43.7,3.78
COL-0910-CC04-016,2026-09-10,CC04,F04016,46.6,3.63
COL-0910-CC04-017,2026-09-10,CC04,F04017,45.1,3.95
COL-0910-CC04-018,2026-09-10,CC04,F04018,67.1,3.06
COL-0910-CC04-019,2026-09-10,CC04,F04019,11.3,3.55
COL-0910-CC04-020,2026-09-10,CC04,F04020,61.4,3.51
COL-0910-CC04-021,2026-09-10,CC04,F04021,18.6,3.7
COL-0910-CC04-022,2026-09-10,CC04,F04022,37.2,3.39
COL-0910-CC04-023,2026-09-10,CC04,F04023,52.1,4.06
COL-0910-CC04-024,2026-09-10,CC04,F04024,45.9,3.71
COL-0910-CC04-025,2026-09-10,CC04,F04025,38.6,3.85
COL-0910-CC04-026,2026-09-10,CC04,F04026,26.5,3.81
COL-0910-CC04-027,2026-09-10,CC04,F04027,47.2,3.71
COL-0910-CC04-028,2026-09-10,CC04,F04028,23.0,3.61
COL-0910-CC05-000,2026-09-10,CC05,F05000,34.0,4.06
COL-0910-CC05-001,2026-09-10,CC05,F05001,24.8,3.79
COL-0910-CC05-002,2026-09-10,CC05,F05002,10.9,4.06
COL-0910-CC05-003,2026-09-10,CC05,F05003,17.5,4.01
COL-0910-CC05-004,2026-09-10,CC05,F05004,36.7,3.89
COL-0910-CC05-005,2026-09-10,CC05,F05005,36.3,3.98
COL-0910-CC05-006,2026-09-10,CC05,F05006,48.0,3.38
COL-0910-CC05-007,2026-09-10,CC05,F05007,39.2,4.27
COL-0910-CC05-008,2026-09-10,CC05,F05008,60.3,4.39
COL-0910-CC05-009,2026-09-10,CC05,F05009,10.8,4.0
COL-0910-CC05-010,2026-09-10,CC05,F05010,52.3,3.65
COL-0910-CC05-011,2026-09-10,CC05,F05011,21.3,4.02
COL-0910-CC05-012,2026-09-10,CC05,F05012,26.2,3.71
COL-0910-CC05-013,2026-09-10,CC05,F05013,7.6,4.3
COL-0910-CC05-014,2026-09-10,CC05,F05014,30.0,3.68
COL-0910-CC05-015,2026-09-10,CC05,F05015,29.2,3.46
COL-0910-CC05-016,2026-09-10,CC05,F05016,20.1,3.56
COL-0910-CC05-017,2026-09-10,CC05,F05017,23.7,3.59
COL-0910-CC05-018,2026-09-10,CC05,F05018,32.9,4.03
COL-0910-CC05-019,2026-09-10,CC05,F05019,29.9,3.8
COL-0910-CC05-020,2026-09-10,CC05,F05020,20.0,3.89
COL-0910-CC05-021,2026-09-10,CC05,F05021,46.4,3.71
COL-0910-CC05-022,2026-09-10,CC05,F05022,30.6,4.21
COL-0910-CC05-023,2026-09-10,CC05,F05023,42.8,3.81
COL-0910-CC05-024,2026-09-10,CC05,F05024,26.2,3.88
COL-0910-CC05-025,2026-09-10,CC05,F05025,34.6,4.28
COL-0910-CC05-026,2026-09-10,CC05,F05026,45.5,3.9
COL-0910-CC05-027,2026-09-10,CC05,F05027,65.7,3.65
COL-0910-CC05-028,2026-09-10,CC05,F05028,16.6,3.74
COL-0910-CC05-029,2026-09-10,CC05,F05029,27.7,4.15
COL-0910-CC05-030,2026-09-10,CC05,F05030,35.7,3.93
COL-0910-CC05-031,2026-09-10,CC05,F05031,34.9,3.58
COL-0910-CC05-032,2026-09-10,CC05,F05032,19.7,4.16
COL-0910-CC05-033,2026-09-10,CC05,F05033,25.5,3.37
COL-0910-CC05-034,2026-09-10,CC05,F05034,32.7,3.17
COL-0910-CC06-000,2026-09-10,CC06,F06000,30.4,3.8
COL-0910-CC06-001,2026-09-10,CC06,F06001,21.9,4.29
COL-0910-CC06-002,2026-09-10,CC06,F06002,46.7,4.4
COL-0910-CC06-003,2026-09-10,CC06,F06003,42.6,3.58
COL-0910-CC06-004,2026-09-10,CC06,F06004,28.8,3.96
COL-0910-CC06-005,2026-09-10,CC06,F06005,11.6,3.59
COL-0910-CC06-006,2026-09-10,CC06,F06006,38.4,3.88
COL-0910-CC06-007,2026-09-10,CC06,F06007,7.9,2.95
COL-0910-CC06-008,2026-09-10,CC06,F06008,27.8,3.61
COL-0910-CC06-009,2026-09-10,CC06,F06009,24.9,3.26
COL-0910-CC06-010,2026-09-10,CC06,F06010,19.2,4.24
COL-0910-CC06-011,2026-09-10,CC06,F06011,39.4,3.69
COL-0910-CC06-012,2026-09-10,CC06,F06012,24.7,3.94
COL-0910-CC06-013,2026-09-10,CC06,F06013,17.0,3.81
COL-0910-CC06-014,2026-09-10,CC06,F06014,55.3,3.4
COL-0910-CC06-015,2026-09-10,CC06,F06015,35.9,3.99
COL-0910-CC06-016,2026-09-10,CC06,F06016,44.3,4.13
COL-0910-CC06-017,2026-09-10,CC06,F06017,10.4,3.87
COL-0910-CC06-018,2026-09-10,CC06,F06018,21.2,3.97
COL-0910-CC06-019,2026-09-10,CC06,F06019,56.3,4.14
COL-0910-CC06-020,2026-09-10,CC06,F06020,53.4,3.97
COL-0910-CC06-021,2026-09-10,CC06,F06021,10.7,3.77
COL-0910-CC06-022,2026-09-10,CC06,F06022,11.7,3.31
COL-0910-CC06-023,2026-09-10,CC06,F06023,38.7,3.55
COL-0910-CC06-024,2026-09-10,CC06,F06024,13.3,3.57
COL-0910-CC06-025,2026-09-10,CC06,F06025,37.8,4.03
COL-0910-CC06-026,2026-09-10,CC06,F06026,49.9,4.21
COL-0910-CC06-027,2026-09-10,CC06,F06027,20.0,3.81
COL-0910-CC07-000,2026-09-10,CC07,F07000,46.7,3.54
COL-0910-CC07-001,2026-09-10,CC07,F07001,50.8,3.84
COL-0910-CC07-002,2026-09-10,CC07,F07002,51.3,4.36
COL-0910-CC07-003,2026-09-10,CC07,F07003,22.7,3.29
COL-0910-CC07-004,2026-09-10,CC07,F07004,25.4,3.79
COL-0910-CC07-005,2026-09-10,CC07,F07005,40.6,3.96
COL-0910-CC07-006,2026-09-10,CC07,F07006,35.7,3.65
COL-0910-CC07-007,2026-09-10,CC07,F07007,41.1,3.89
COL-0910-CC07-008,2026-09-10,CC07,F07008,87.6,3.79
COL-0910-CC07-009,2026-09-10,CC07,F07009,37.5,4.05
COL-0910-CC07-010,2026-09-10,CC07,F07010,41.1,4.31
COL-0910-CC07-011,2026-09-10,CC07,F07011,20.7,3.72
COL-0910-CC07-012,2026-09-10,CC07,F07012,9.3,3.91
COL-0910-CC07-013,2026-09-10,CC07,F07013,63.4,3.95
COL-0910-CC07-014,2026-09-10,CC07,F07014,24.6,3.86
COL-0910-CC07-015,2026-09-10,CC07,F07015,26.1,3.82
COL-0910-CC07-016,2026-09-10,CC07,F07016,24.9,3.18
COL-0910-CC07-017,2026-09-10,CC07,F07017,33.4,3.84
COL-0910-CC07-018,2026-09-10,CC07,F07018,43.5,3.5
COL-0910-CC07-019,2026-09-10,CC07,F07019,55.5,3.68
COL-0910-CC07-020,2026-09-10,CC07,F07020,51.3,3.94
COL-0910-CC07-021,2026-09-10,CC07,F07021,21.7,3.98
COL-0910-CC07-022,2026-09-10,CC07,F07022,66.1,3.68
COL-0910-CC07-023,2026-09-10,CC07,F07023,34.6,3.67
COL-0910-CC07-024,2026-09-10,CC07,F07024,24.9,3.73
COL-0910-CC07-025,2026-09-10,CC07,F07025,22.8,3.5
COL-0910-CC07-026,2026-09-10,CC07,F07026,11.3,4.27
COL-0910-CC07-027,2026-09-10,CC07,F07027,22.7,4.33
COL-0910-CC07-028,2026-09-10,CC07,F07028,18.0,3.75
COL-0910-CC07-029,2026-09-10,CC07,F07029,60.2,4.29
COL-0910-CC07-030,2026-09-10,CC07,F07030,37.0,4.04
COL-0910-CC07-031,2026-09-10,CC07,F07031,35.2,3.49
COL-0910-CC07-032,2026-09-10,CC07,F07032,32.0,4.08
COL-0910-CC07-033,2026-09-10,CC07,F07033,21.5,4.01
COL-0910-CC07-034,2026-09-10,CC07,F07034,69.7,3.85
COL-0910-CC07-035,2026-09-10,CC07,F07035,33.9,3.37
COL-0910-CC07-036,2026-09-10,CC07,F07036,40.6,3.63
COL-0910-CC07-037,2026-09-10,CC07,F07037,32.3,3.12
COL-0910-CC08-000,2026-09-10,CC08,F08000,14.3,3.81
COL-0910-CC08-001,2026-09-10,CC08,F08001,11.9,3.33
COL-0910-CC08-002,2026-09-10,CC08,F08002,31.2,3.48
COL-0910-CC08-003,2026-09-10,CC08,F08003,11.1,3.32
COL-0910-CC08-004,2026-09-10,CC08,F08004,53.0,3.75
COL-0910-CC08-005,2026-09-10,CC08,F08005,12.8,3.19
COL-0910-CC08-006,2026-09-10,CC08,F08006,20.1,3.39
COL-0910-CC08-007,2026-09-10,CC08,F08007,59.7,3.56
COL-0910-CC08-008,2026-09-10,CC08,F08008,45.4,4.07
COL-0910-CC08-009,2026-09-10,CC08,F08009,39.9,3.97
COL-0910-CC08-010,2026-09-10,CC08,F08010,42.2,3.69
COL-0910-CC08-011,2026-09-10,CC08,F08011,31.4,3.87
COL-0910-CC08-012,2026-09-10,CC08,F08012,49.6,3.73
COL-0910-CC08-013,2026-09-10,CC08,F08013,50.8,4.61
COL-0910-CC08-014,2026-09-10,CC08,F08014,47.4,3.31
COL-0910-CC08-015,2026-09-10,CC08,F08015,35.0,3.2
COL-0910-CC08-016,2026-09-10,CC08,F08016,30.8,3.23
COL-0910-CC08-017,2026-09-10,CC08,F08017,50.3,3.38
COL-0910-CC08-018,2026-09-10,CC08,F08018,43.1,3.7
COL-0910-CC08-019,2026-09-10,CC08,F08019,32.6,4.08
COL-0910-CC08-020,2026-09-10,CC08,F08020,36.4,3.73
COL-0910-CC08-021,2026-09-10,CC08,F08021,34.8,3.72
COL-0910-CC08-022,2026-09-10,CC08,F08022,43.3,3.75
COL-0910-CC08-023,2026-09-10,CC08,F08023,30.2,3.85
COL-0910-CC08-024,2026-09-10,CC08,F08024,22.9,3.52
COL-0910-CC08-025,2026-09-10,CC08,F08025,24.4,3.98
COL-0910-CC08-026,2026-09-10,CC08,F08026,33.1,3.78
COL-0910-CC08-027,2026-09-10,CC08,F08027,34.8,3.86
COL-0910-CC08-028,2026-09-10,CC08,F08028,24.2,3.95
COL-0910-CC08-029,2026-09-10,CC08,F08029,45.3,3.96
COL-0910-CC08-030,2026-09-10,CC08,F08030,11.7,4.02
COL-0910-CC08-031,2026-09-10,CC08,F08031,35.4,3.53
COL-0910-CC08-032,2026-09-10,CC08,F08032,30.1,3.93
COL-0911-CC01-000,2026-09-11,CC01,F01000,36.4,4.19
COL-0911-CC01-001,2026-09-11,CC01,F01001,43.1,4.05
COL-0911-CC01-002,2026-09-11,CC01,F01002,21.2,3.86
COL-0911-CC01-003,2026-09-11,CC01,F01003,18.2,3.94
COL-0911-CC01-004,2026-09-11,CC01,F01004,38.0,3.77
COL-0911-CC01-005,2026-09-11,CC01,F01005,30.3,3.77
COL-0911-CC01-006,2026-09-11,CC01,F01006,29.7,3.91
COL-0911-CC01-007,2026-09-11,CC01,F01007,50.6,3.85
COL-0911-CC01-008,2026-09-11,CC01,F01008,17.2,4.54
COL-0911-CC01-009,2026-09-11,CC01,F01009,53.7,3.87
COL-0911-CC01-010,2026-09-11,CC01,F01010,43.2,3.92
COL-0911-CC01-011,2026-09-11,CC01,F01011,39.7,4.42
COL-0911-CC01-012,2026-09-11,CC01,F01012,15.0,3.53
COL-0911-CC01-013,2026-09-11,CC01,F01013,13.9,3.83
COL-0911-CC01-014,2026-09-11,CC01,F01014,39.2,4.17
COL-0911-CC01-015,2026-09-11,CC01,F01015,15.5,3.86
COL-0911-CC01-016,2026-09-11,CC01,F01016,38.3,3.79
COL-0911-CC01-017,2026-09-11,CC01,F01017,60.6,3.56
COL-0911-CC01-018,2026-09-11,CC01,F01018,64.8,3.81
COL-0911-CC01-019,2026-09-11,CC01,F01019,50.9,3.6
COL-0911-CC01-020,2026-09-11,CC01,F01020,29.7,4.11
COL-0911-CC01-021,2026-09-11,CC01,F01021,38.0,3.97
COL-0911-CC01-022,2026-09-11,CC01,F01022,34.2,3.72
COL-0911-CC01-023,2026-09-11,CC01,F01023,16.8,4.14
COL-0911-CC01-024,2026-09-11,CC01,F01024,27.0,3.51
COL-0911-CC01-025,2026-09-11,CC01,F01025,23.7,3.55
COL-0911-CC01-026,2026-09-11,CC01,F01026,17.8,4.02
COL-0911-CC01-027,2026-09-11,CC01,F01027,10.5,3.89
COL-0911-CC01-028,2026-09-11,CC01,F01028,19.6,3.47
COL-0911-CC01-029,2026-09-11,CC01,F01029,65.4,3.59
COL-0911-CC01-030,2026-09-11,CC01,F01030,55.1,3.74
COL-0911-CC01-031,2026-09-11,CC01,F01031,32.4,3.62
COL-0911-CC01-032,2026-09-11,CC01,F01032,9.6,3.86
COL-0911-CC01-033,2026-09-11,CC01,F01033,23.3,3.77
COL-0911-CC01-034,2026-09-11,CC01,F01034,75.3,3.95
COL-0911-CC01-035,2026-09-11,CC01,F01035,11.3,3.78
COL-0911-CC01-036,2026-09-11,CC01,F01036,36.4,3.91
COL-0911-CC01-037,2026-09-11,CC01,F01037,21.9,3.68
COL-0911-CC01-038,2026-09-11,CC01,F01038,30.2,3.91
COL-0911-CC01-039,2026-09-11,CC01,F01039,29.4,3.9
COL-0911-CC02-000,2026-09-11,CC02,F02000,28.5,3.92
COL-0911-CC02-001,2026-09-11,CC02,F02001,25.7,3.74
COL-0911-CC02-002,2026-09-11,CC02,F02002,59.9,3.47
COL-0911-CC02-003,2026-09-11,CC02,F02003,40.9,4.09
COL-0911-CC02-004,2026-09-11,CC02,F02004,12.6,3.67
COL-0911-CC02-005,2026-09-11,CC02,F02005,18.0,3.85
COL-0911-CC02-006,2026-09-11,CC02,F02006,73.6,3.4
COL-0911-CC02-007,2026-09-11,CC02,F02007,10.8,3.92
COL-0911-CC02-008,2026-09-11,CC02,F02008,33.3,4.2
COL-0911-CC02-009,2026-09-11,CC02,F02009,44.8,3.77
COL-0911-CC02-010,2026-09-11,CC02,F02010,22.7,4.06
COL-0911-CC02-011,2026-09-11,CC02,F02011,21.9,3.75
COL-0911-CC02-012,2026-09-11,CC02,F02012,20.0,3.85
COL-0911-CC02-013,2026-09-11,CC02,F02013,19.8,3.66
COL-0911-CC02-014,2026-09-11,CC02,F02014,49.0,3.03
COL-0911-CC02-015,2026-09-11,CC02,F02015,16.5,3.9
COL-0911-CC02-016,2026-09-11,CC02,F02016,48.8,3.94
COL-0911-CC02-017,2026-09-11,CC02,F02017,57.5,3.96
COL-0911-CC02-018,2026-09-11,CC02,F02018,55.7,4.29
COL-0911-CC02-019,2026-09-11,CC02,F02019,10.7,4.06
COL-0911-CC02-020,2026-09-11,CC02,F02020,26.0,3.93
COL-0911-CC02-021,2026-09-11,CC02,F02021,19.7,3.61
COL-0911-CC02-022,2026-09-11,CC02,F02022,20.6,4.64
COL-0911-CC02-023,2026-09-11,CC02,F02023,47.8,3.41
COL-0911-CC02-024,2026-09-11,CC02,F02024,48.7,3.69
COL-0911-CC03-000,2026-09-11,CC03,F03000,47.5,3.87
COL-0911-CC03-001,2026-09-11,CC03,F03001,14.5,4.17
COL-0911-CC03-002,2026-09-11,CC03,F03002,21.5,3.82
COL-0911-CC03-003,2026-09-11,CC03,F03003,35.0,4.17
COL-0911-CC03-004,2026-09-11,CC03,F03004,28.8,3.76
COL-0911-CC03-005,2026-09-11,CC03,F03005,25.8,3.19
COL-0911-CC03-006,2026-09-11,CC03,F03006,21.9,3.89
COL-0911-CC03-007,2026-09-11,CC03,F03007,37.9,4.1
COL-0911-CC03-008,2026-09-11,CC03,F03008,31.5,3.97
COL-0911-CC03-009,2026-09-11,CC03,F03009,11.2,4.13
COL-0911-CC03-010,2026-09-11,CC03,F03010,45.1,3.53
COL-0911-CC03-011,2026-09-11,CC03,F03011,11.2,3.72
COL-0911-CC03-012,2026-09-11,CC03,F03012,55.3,3.81
COL-0911-CC03-013,2026-09-11,CC03,F03013,29.9,3.91
COL-0911-CC03-014,2026-09-11,CC03,F03014,49.9,3.97
COL-0911-CC03-015,2026-09-11,CC03,F03015,28.2,4.09
COL-0911-CC03-016,2026-09-11,CC03,F03016,33.8,3.68
COL-0911-CC03-017,2026-09-11,CC03,F03017,34.0,3.49
COL-0911-CC03-018,2026-09-11,CC03,F03018,16.1,3.67
COL-0911-CC03-019,2026-09-11,CC03,F03019,21.3,3.75
COL-0911-CC03-020,2026-09-11,CC03,F03020,17.8,3.67
COL-0911-CC03-021,2026-09-11,CC03,F03021,26.9,3.53
COL-0911-CC03-022,2026-09-11,CC03,F03022,41.5,4.06
COL-0911-CC03-023,2026-09-11,CC03,F03023,3.7,4.09
COL-0911-CC03-024,2026-09-11,CC03,F03024,6.3,4.09
COL-0911-CC03-025,2026-09-11,CC03,F03025,92.5,4.03
COL-0911-CC03-026,2026-09-11,CC03,F03026,33.5,3.96
COL-0911-CC03-027,2026-09-11,CC03,F03027,15.0,3.67
COL-0911-CC04-000,2026-09-11,CC04,F04000,33.4,3.52
COL-0911-CC04-001,2026-09-11,CC04,F04001,66.7,3.89
COL-0911-CC04-002,2026-09-11,CC04,F04002,21.0,3.95
COL-0911-CC04-003,2026-09-11,CC04,F04003,22.5,3.64
COL-0911-CC04-004,2026-09-11,CC04,F04004,49.7,3.73
COL-0911-CC04-005,2026-09-11,CC04,F04005,22.7,3.51
COL-0911-CC04-006,2026-09-11,CC04,F04006,33.9,3.65
COL-0911-CC04-007,2026-09-11,CC04,F04007,11.8,3.91
COL-0911-CC04-008,2026-09-11,CC04,F04008,11.9,4.22
COL-0911-CC04-009,2026-09-11,CC04,F04009,20.0,3.96
COL-0911-CC04-010,2026-09-11,CC04,F04010,17.6,4.06
COL-0911-CC04-011,2026-09-11,CC04,F04011,30.1,3.82
COL-0911-CC04-012,2026-09-11,CC04,F04012,21.6,3.95
COL-0911-CC04-013,2026-09-11,CC04,F04013,31.7,4.08
COL-0911-CC04-014,2026-09-11,CC04,F04014,49.8,3.53
COL-0911-CC04-015,2026-09-11,CC04,F04015,69.7,4.09
COL-0911-CC04-016,2026-09-11,CC04,F04016,25.1,3.98
COL-0911-CC04-017,2026-09-11,CC04,F04017,28.4,4.1
COL-0911-CC04-018,2026-09-11,CC04,F04018,76.4,3.93
COL-0911-CC04-019,2026-09-11,CC04,F04019,34.1,3.6
COL-0911-CC04-020,2026-09-11,CC04,F04020,19.0,3.67
COL-0911-CC04-021,2026-09-11,CC04,F04021,37.6,3.81
COL-0911-CC04-022,2026-09-11,CC04,F04022,30.3,3.05
COL-0911-CC04-023,2026-09-11,CC04,F04023,13.8,3.55
COL-0911-CC04-024,2026-09-11,CC04,F04024,27.5,3.62
COL-0911-CC04-025,2026-09-11,CC04,F04025,30.4,3.63
COL-0911-CC04-026,2026-09-11,CC04,F04026,58.2,3.5
COL-0911-CC04-027,2026-09-11,CC04,F04027,28.0,3.48
COL-0911-CC04-028,2026-09-11,CC04,F04028,20.7,3.71
COL-0911-CC04-029,2026-09-11,CC04,F04029,10.2,3.61
COL-0911-CC04-030,2026-09-11,CC04,F04030,25.8,4.18
COL-0911-CC04-031,2026-09-11,CC04,F04031,75.6,3.79
COL-0911-CC04-032,2026-09-11,CC04,F04032,52.7,3.77
COL-0911-CC04-033,2026-09-11,CC04,F04033,45.5,4.03
COL-0911-CC04-034,2026-09-11,CC04,F04034,26.2,3.77
COL-0911-CC04-035,2026-09-11,CC04,F04035,45.8,3.78
COL-0911-CC04-036,2026-09-11,CC04,F04036,8.6,4.13
COL-0911-CC04-037,2026-09-11,CC04,F04037,37.6,4.07
COL-0911-CC04-038,2026-09-11,CC04,F04038,22.2,3.73
COL-0911-CC04-039,2026-09-11,CC04,F04039,22.6,3.41
COL-0911-CC04-040,2026-09-11,CC04,F04040,5.9,3.61
COL-0911-CC04-041,2026-09-11,CC04,F04041,36.2,3.95
COL-0911-CC04-042,2026-09-11,CC04,F04042,57.2,3.31
COL-0911-CC04-043,2026-09-11,CC04,F04043,49.9,3.7
COL-0911-CC05-000,2026-09-11,CC05,F05000,11.7,3.26
COL-0911-CC05-001,2026-09-11,CC05,F05001,35.8,3.72
COL-0911-CC05-002,2026-09-11,CC05,F05002,33.6,3.57
COL-0911-CC05-003,2026-09-11,CC05,F05003,26.3,3.82
COL-0911-CC05-004,2026-09-11,CC05,F05004,52.7,4.09
COL-0911-CC05-005,2026-09-11,CC05,F05005,29.5,3.85
COL-0911-CC05-006,2026-09-11,CC05,F05006,26.4,3.83
COL-0911-CC05-007,2026-09-11,CC05,F05007,40.2,3.59
COL-0911-CC05-008,2026-09-11,CC05,F05008,52.8,3.88
COL-0911-CC05-009,2026-09-11,CC05,F05009,48.2,3.86
COL-0911-CC05-010,2026-09-11,CC05,F05010,28.0,3.5
COL-0911-CC05-011,2026-09-11,CC05,F05011,35.3,3.97
COL-0911-CC05-012,2026-09-11,CC05,F05012,39.3,3.66
COL-0911-CC05-013,2026-09-11,CC05,F05013,19.1,3.18
COL-0911-CC05-014,2026-09-11,CC05,F05014,19.4,3.73
COL-0911-CC05-015,2026-09-11,CC05,F05015,32.3,3.93
COL-0911-CC05-016,2026-09-11,CC05,F05016,27.8,3.92
COL-0911-CC05-017,2026-09-11,CC05,F05017,38.0,3.83
COL-0911-CC05-018,2026-09-11,CC05,F05018,25.7,3.77
COL-0911-CC05-019,2026-09-11,CC05,F05019,59.2,3.98
COL-0911-CC05-020,2026-09-11,CC05,F05020,31.1,3.95
COL-0911-CC05-021,2026-09-11,CC05,F05021,26.6,3.26
COL-0911-CC05-022,2026-09-11,CC05,F05022,33.5,3.58
COL-0911-CC05-023,2026-09-11,CC05,F05023,21.3,3.81
COL-0911-CC05-024,2026-09-11,CC05,F05024,34.7,3.77
COL-0911-CC05-025,2026-09-11,CC05,F05025,24.6,4.02
COL-0911-CC05-026,2026-09-11,CC05,F05026,12.6,4.08
COL-0911-CC05-027,2026-09-11,CC05,F05027,15.5,3.83
COL-0911-CC05-028,2026-09-11,CC05,F05028,20.3,3.68
COL-0911-CC05-029,2026-09-11,CC05,F05029,40.8,4.28
COL-0911-CC05-030,2026-09-11,CC05,F05030,43.2,3.54
COL-0911-CC05-031,2026-09-11,CC05,F05031,34.2,3.76
COL-0911-CC05-032,2026-09-11,CC05,F05032,38.2,4.37
COL-0911-CC05-033,2026-09-11,CC05,F05033,24.3,3.97
COL-0911-CC05-034,2026-09-11,CC05,F05034,42.9,3.96
COL-0911-CC05-035,2026-09-11,CC05,F05035,21.7,3.79
COL-0911-CC05-036,2026-09-11,CC05,F05036,10.7,4.14
COL-0911-CC05-037,2026-09-11,CC05,F05037,21.1,4.63
COL-0911-CC05-038,2026-09-11,CC05,F05038,38.0,3.88
COL-0911-CC05-039,2026-09-11,CC05,F05039,19.2,3.73
COL-0911-CC05-040,2026-09-11,CC05,F05040,11.3,4.13
COL-0911-CC05-041,2026-09-11,CC05,F05041,22.2,4.34
COL-0911-CC05-042,2026-09-11,CC05,F05042,39.7,3.9
COL-0911-CC05-043,2026-09-11,CC05,F05043,25.3,3.55
COL-0911-CC05-044,2026-09-11,CC05,F05044,32.0,3.89
COL-0911-CC06-000,2026-09-11,CC06,F06000,37.4,3.4
COL-0911-CC06-001,2026-09-11,CC06,F06001,42.9,3.66
COL-0911-CC06-002,2026-09-11,CC06,F06002,34.2,4.0
COL-0911-CC06-003,2026-09-11,CC06,F06003,48.1,3.82
COL-0911-CC06-004,2026-09-11,CC06,F06004,12.6,4.05
COL-0911-CC06-005,2026-09-11,CC06,F06005,20.6,3.59
COL-0911-CC06-006,2026-09-11,CC06,F06006,22.2,3.67
COL-0911-CC06-007,2026-09-11,CC06,F06007,23.0,3.76
COL-0911-CC06-008,2026-09-11,CC06,F06008,20.7,4.05
COL-0911-CC06-009,2026-09-11,CC06,F06009,15.4,4.13
COL-0911-CC06-010,2026-09-11,CC06,F06010,10.2,4.16
COL-0911-CC06-011,2026-09-11,CC06,F06011,13.2,3.84
COL-0911-CC06-012,2026-09-11,CC06,F06012,26.9,3.59
COL-0911-CC06-013,2026-09-11,CC06,F06013,13.8,3.68
COL-0911-CC06-014,2026-09-11,CC06,F06014,37.8,3.81
COL-0911-CC06-015,2026-09-11,CC06,F06015,19.3,3.36
COL-0911-CC06-016,2026-09-11,CC06,F06016,48.9,3.53
COL-0911-CC06-017,2026-09-11,CC06,F06017,52.6,3.3
COL-0911-CC06-018,2026-09-11,CC06,F06018,52.9,3.89
COL-0911-CC06-019,2026-09-11,CC06,F06019,34.0,3.87
COL-0911-CC06-020,2026-09-11,CC06,F06020,49.3,3.54
COL-0911-CC06-021,2026-09-11,CC06,F06021,14.7,4.08
COL-0911-CC06-022,2026-09-11,CC06,F06022,40.4,3.83
COL-0911-CC06-023,2026-09-11,CC06,F06023,20.8,3.77
COL-0911-CC06-024,2026-09-11,CC06,F06024,38.2,4.0
COL-0911-CC06-025,2026-09-11,CC06,F06025,26.4,3.9
COL-0911-CC06-026,2026-09-11,CC06,F06026,53.4,3.5
COL-0911-CC06-027,2026-09-11,CC06,F06027,78.8,3.61
COL-0911-CC06-028,2026-09-11,CC06,F06028,17.1,3.39
COL-0911-CC07-000,2026-09-11,CC07,F07000,15.1,3.73
COL-0911-CC07-001,2026-09-11,CC07,F07001,43.8,4.23
COL-0911-CC07-002,2026-09-11,CC07,F07002,48.2,3.79
COL-0911-CC07-003,2026-09-11,CC07,F07003,58.3,4.17
COL-0911-CC07-004,2026-09-11,CC07,F07004,21.3,3.74
COL-0911-CC07-005,2026-09-11,CC07,F07005,27.1,4.03
COL-0911-CC07-006,2026-09-11,CC07,F07006,40.7,4.43
COL-0911-CC07-007,2026-09-11,CC07,F07007,42.2,3.53
COL-0911-CC07-008,2026-09-11,CC07,F07008,13.2,3.95
COL-0911-CC07-009,2026-09-11,CC07,F07009,41.4,3.48
COL-0911-CC07-010,2026-09-11,CC07,F07010,15.7,3.79
COL-0911-CC07-011,2026-09-11,CC07,F07011,43.5,3.61
COL-0911-CC07-012,2026-09-11,CC07,F07012,19.1,3.84
COL-0911-CC07-013,2026-09-11,CC07,F07013,65.0,3.45
COL-0911-CC07-014,2026-09-11,CC07,F07014,23.6,3.18
COL-0911-CC07-015,2026-09-11,CC07,F07015,21.6,3.97
COL-0911-CC07-016,2026-09-11,CC07,F07016,40.9,3.83
COL-0911-CC07-017,2026-09-11,CC07,F07017,21.5,4.18
COL-0911-CC07-018,2026-09-11,CC07,F07018,29.3,3.86
COL-0911-CC07-019,2026-09-11,CC07,F07019,28.7,3.83
COL-0911-CC07-020,2026-09-11,CC07,F07020,54.5,3.55
COL-0911-CC07-021,2026-09-11,CC07,F07021,31.0,3.4
COL-0911-CC07-022,2026-09-11,CC07,F07022,32.6,3.84
COL-0911-CC07-023,2026-09-11,CC07,F07023,28.2,3.46
COL-0911-CC07-024,2026-09-11,CC07,F07024,23.6,4.2
COL-0911-CC07-025,2026-09-11,CC07,F07025,32.0,4.22
COL-0911-CC07-026,2026-09-11,CC07,F07026,44.6,3.96
COL-0911-CC07-027,2026-09-11,CC07,F07027,22.5,4.16
COL-0911-CC07-028,2026-09-11,CC07,F07028,22.3,3.78
COL-0911-CC07-029,2026-09-11,CC07,F07029,26.9,3.64
COL-0911-CC07-030,2026-09-11,CC07,F07030,20.7,4.51
COL-0911-CC07-031,2026-09-11,CC07,F07031,27.8,3.73
COL-0911-CC07-032,2026-09-11,CC07,F07032,50.5,4.17
COL-0911-CC08-000,2026-09-11,CC08,F08000,10.7,3.58
COL-0911-CC08-001,2026-09-11,CC08,F08001,19.9,3.87
COL-0911-CC08-002,2026-09-11,CC08,F08002,30.1,3.89
COL-0911-CC08-003,2026-09-11,CC08,F08003,19.5,4.02
COL-0911-CC08-004,2026-09-11,CC08,F08004,16.3,4.14
COL-0911-CC08-005,2026-09-11,CC08,F08005,22.1,4.1
COL-0911-CC08-006,2026-09-11,CC08,F08006,14.9,3.92
COL-0911-CC08-007,2026-09-11,CC08,F08007,11.1,3.9
COL-0911-CC08-008,2026-09-11,CC08,F08008,35.6,3.74
COL-0911-CC08-009,2026-09-11,CC08,F08009,21.7,4.17
COL-0911-CC08-010,2026-09-11,CC08,F08010,42.8,3.58
COL-0911-CC08-011,2026-09-11,CC08,F08011,24.3,3.56
COL-0911-CC08-012,2026-09-11,CC08,F08012,34.0,3.9
COL-0911-CC08-013,2026-09-11,CC08,F08013,16.9,3.37
COL-0911-CC08-014,2026-09-11,CC08,F08014,111.3,3.71
COL-0911-CC08-015,2026-09-11,CC08,F08015,34.8,3.35
COL-0911-CC08-016,2026-09-11,CC08,F08016,11.7,3.55
COL-0911-CC08-017,2026-09-11,CC08,F08017,42.1,4.84
COL-0911-CC08-018,2026-09-11,CC08,F08018,49.1,3.31
COL-0911-CC08-019,2026-09-11,CC08,F08019,38.4,4.1
COL-0911-CC08-020,2026-09-11,CC08,F08020,38.1,3.62
COL-0911-CC08-021,2026-09-11,CC08,F08021,49.1,3.46
COL-0911-CC08-022,2026-09-11,CC08,F08022,26.1,3.36
COL-0911-CC08-023,2026-09-11,CC08,F08023,29.2,3.98
COL-0911-CC08-024,2026-09-11,CC08,F08024,30.5,3.69
COL-0911-CC08-025,2026-09-11,CC08,F08025,20.0,3.8
COL-0911-CC08-026,2026-09-11,CC08,F08026,24.6,4.29
COL-0911-CC08-027,2026-09-11,CC08,F08027,24.1,3.39
COL-0911-CC08-028,2026-09-11,CC08,F08028,39.2,3.16
COL-0911-CC08-029,2026-09-11,CC08,F08029,11.0,3.84
COL-0911-CC08-030,2026-09-11,CC08,F08030,14.1,4.21
COL-0911-CC08-031,2026-09-11,CC08,F08031,41.3,3.85
COL-0911-CC08-032,2026-09-11,CC08,F08032,21.9,4.22
COL-0911-CC08-033,2026-09-11,CC08,F08033,54.0,4.14
COL-0911-CC08-034,2026-09-11,CC08,F08034,20.6,3.9
COL-0911-CC08-035,2026-09-11,CC08,F08035,26.6,3.58
COL-0911-CC08-036,2026-09-11,CC08,F08036,89.1,3.85
COL-0911-CC08-037,2026-09-11,CC08,F08037,39.7,4.14
COL-0911-CC08-038,2026-09-11,CC08,F08038,38.9,3.95
COL-0911-CC08-039,2026-09-11,CC08,F08039,21.2,3.8
COL-0911-CC08-040,2026-09-11,CC08,F08040,11.3,3.92
COL-0911-CC08-041,2026-09-11,CC08,F08041,21.9,3.8
COL-0911-CC08-042,2026-09-11,CC08,F08042,21.9,4.05
COL-0911-CC08-043,2026-09-11,CC08,F08043,21.4,3.74
COL-0911-CC08-044,2026-09-11,CC08,F08044,41.1,4.29
COL-0911-CC08-045,2026-09-11,CC08,F08045,24.9,3.93
COL-0912-CC01-000,2026-09-12,CC01,F01000,23.4,3.78
COL-0912-CC01-001,2026-09-12,CC01,F01001,19.7,4.47
COL-0912-CC01-002,2026-09-12,CC01,F01002,43.7,3.08
COL-0912-CC01-003,2026-09-12,CC01,F01003,30.9,3.7
COL-0912-CC01-004,2026-09-12,CC01,F01004,4.1,4.1
COL-0912-CC01-005,2026-09-12,CC01,F01005,27.1,4.37
COL-0912-CC01-006,2026-09-12,CC01,F01006,25.3,4.18
COL-0912-CC01-007,2026-09-12,CC01,F01007,29.8,3.67
COL-0912-CC01-008,2026-09-12,CC01,F01008,29.8,4.3
COL-0912-CC01-009,2026-09-12,CC01,F01009,46.1,4.28
COL-0912-CC01-010,2026-09-12,CC01,F01010,20.1,3.7
COL-0912-CC01-011,2026-09-12,CC01,F01011,31.0,3.83
COL-0912-CC01-012,2026-09-12,CC01,F01012,59.5,3.53
COL-0912-CC01-013,2026-09-12,CC01,F01013,20.6,3.71
COL-0912-CC01-014,2026-09-12,CC01,F01014,10.5,4.22
COL-0912-CC01-015,2026-09-12,CC01,F01015,24.0,3.45
COL-0912-CC01-016,2026-09-12,CC01,F01016,66.3,4.16
COL-0912-CC01-017,2026-09-12,CC01,F01017,27.6,3.91
COL-0912-CC01-018,2026-09-12,CC01,F01018,111.4,3.92
COL-0912-CC01-019,2026-09-12,CC01,F01019,8.3,3.63
COL-0912-CC01-020,2026-09-12,CC01,F01020,27.7,4.03
COL-0912-CC01-021,2026-09-12,CC01,F01021,27.8,3.76
COL-0912-CC01-022,2026-09-12,CC01,F01022,29.3,3.75
COL-0912-CC01-023,2026-09-12,CC01,F01023,21.1,3.32
COL-0912-CC01-024,2026-09-12,CC01,F01024,15.6,3.81
COL-0912-CC01-025,2026-09-12,CC01,F01025,52.5,3.69
COL-0912-CC01-026,2026-09-12,CC01,F01026,28.0,4.06
COL-0912-CC01-027,2026-09-12,CC01,F01027,52.8,3.84
COL-0912-CC01-028,2026-09-12,CC01,F01028,13.4,3.78
COL-0912-CC01-029,2026-09-12,CC01,F01029,6.4,3.64
COL-0912-CC01-030,2026-09-12,CC01,F01030,51.0,3.62
COL-0912-CC01-031,2026-09-12,CC01,F01031,28.3,3.58
COL-0912-CC01-032,2026-09-12,CC01,F01032,27.5,4.01
COL-0912-CC01-033,2026-09-12,CC01,F01033,27.7,3.36
COL-0912-CC01-034,2026-09-12,CC01,F01034,37.5,3.36
COL-0912-CC01-035,2026-09-12,CC01,F01035,38.9,3.88
COL-0912-CC01-036,2026-09-12,CC01,F01036,25.5,4.23
COL-0912-CC01-037,2026-09-12,CC01,F01037,21.0,3.9
COL-0912-CC01-038,2026-09-12,CC01,F01038,17.1,3.74
COL-0912-CC01-039,2026-09-12,CC01,F01039,24.3,4.43
COL-0912-CC01-040,2026-09-12,CC01,F01040,18.1,3.89
COL-0912-CC01-041,2026-09-12,CC01,F01041,31.9,3.63
COL-0912-CC01-042,2026-09-12,CC01,F01042,35.8,3.85
COL-0912-CC01-043,2026-09-12,CC01,F01043,36.7,4.1
COL-0912-CC02-000,2026-09-12,CC02,F02000,31.3,3.77
COL-0912-CC02-001,2026-09-12,CC02,F02001,5.3,3.55
COL-0912-CC02-002,2026-09-12,CC02,F02002,38.7,3.78
COL-0912-CC02-003,2026-09-12,CC02,F02003,31.5,3.8
COL-0912-CC02-004,2026-09-12,CC02,F02004,54.1,4.55
COL-0912-CC02-005,2026-09-12,CC02,F02005,43.5,3.76
COL-0912-CC02-006,2026-09-12,CC02,F02006,69.6,3.46
COL-0912-CC02-007,2026-09-12,CC02,F02007,32.8,3.65
COL-0912-CC02-008,2026-09-12,CC02,F02008,16.8,3.72
COL-0912-CC02-009,2026-09-12,CC02,F02009,18.2,3.15
COL-0912-CC02-010,2026-09-12,CC02,F02010,28.2,3.78
COL-0912-CC02-011,2026-09-12,CC02,F02011,31.0,3.84
COL-0912-CC02-012,2026-09-12,CC02,F02012,12.9,3.83
COL-0912-CC02-013,2026-09-12,CC02,F02013,42.7,3.48
COL-0912-CC02-014,2026-09-12,CC02,F02014,4.1,3.71
COL-0912-CC02-015,2026-09-12,CC02,F02015,22.3,3.87
COL-0912-CC02-016,2026-09-12,CC02,F02016,39.3,4.04
COL-0912-CC02-017,2026-09-12,CC02,F02017,21.5,3.88
COL-0912-CC02-018,2026-09-12,CC02,F02018,25.7,3.39
COL-0912-CC02-019,2026-09-12,CC02,F02019,15.7,4.0
COL-0912-CC02-020,2026-09-12,CC02,F02020,22.9,4.26
COL-0912-CC02-021,2026-09-12,CC02,F02021,11.6,3.71
COL-0912-CC02-022,2026-09-12,CC02,F02022,13.7,3.01
COL-0912-CC02-023,2026-09-12,CC02,F02023,8.4,4.05
COL-0912-CC02-024,2026-09-12,CC02,F02024,16.3,4.11
COL-0912-CC02-025,2026-09-12,CC02,F02025,9.9,3.8
COL-0912-CC02-026,2026-09-12,CC02,F02026,72.3,3.67
COL-0912-CC02-027,2026-09-12,CC02,F02027,10.6,4.15
COL-0912-CC02-028,2026-09-12,CC02,F02028,26.5,4.05
COL-0912-CC02-029,2026-09-12,CC02,F02029,27.8,3.8
COL-0912-CC02-030,2026-09-12,CC02,F02030,62.1,3.75
COL-0912-CC02-031,2026-09-12,CC02,F02031,55.4,3.86
COL-0912-CC02-032,2026-09-12,CC02,F02032,81.4,4.12
COL-0912-CC02-033,2026-09-12,CC02,F02033,15.0,3.85
COL-0912-CC02-034,2026-09-12,CC02,F02034,42.8,3.45
COL-0912-CC02-035,2026-09-12,CC02,F02035,10.9,3.62
COL-0912-CC02-036,2026-09-12,CC02,F02036,35.3,3.85
COL-0912-CC02-037,2026-09-12,CC02,F02037,24.5,3.92
COL-0912-CC02-038,2026-09-12,CC02,F02038,10.2,3.63
COL-0912-CC02-039,2026-09-12,CC02,F02039,37.4,4.03
COL-0912-CC03-000,2026-09-12,CC03,F03000,30.9,3.68
COL-0912-CC03-001,2026-09-12,CC03,F03001,7.2,3.7
COL-0912-CC03-002,2026-09-12,CC03,F03002,17.6,3.87
COL-0912-CC03-003,2026-09-12,CC03,F03003,22.6,3.67
COL-0912-CC03-004,2026-09-12,CC03,F03004,27.6,3.88
COL-0912-CC03-005,2026-09-12,CC03,F03005,26.6,3.72
COL-0912-CC03-006,2026-09-12,CC03,F03006,33.8,3.68
COL-0912-CC03-007,2026-09-12,CC03,F03007,24.5,3.71
COL-0912-CC03-008,2026-09-12,CC03,F03008,44.7,4.27
COL-0912-CC03-009,2026-09-12,CC03,F03009,21.5,3.41
COL-0912-CC03-010,2026-09-12,CC03,F03010,22.8,3.72
COL-0912-CC03-011,2026-09-12,CC03,F03011,35.0,3.97
COL-0912-CC03-012,2026-09-12,CC03,F03012,30.0,3.93
COL-0912-CC03-013,2026-09-12,CC03,F03013,29.8,3.48
COL-0912-CC03-014,2026-09-12,CC03,F03014,16.0,3.45
COL-0912-CC03-015,2026-09-12,CC03,F03015,22.9,3.75
COL-0912-CC03-016,2026-09-12,CC03,F03016,12.0,4.11
COL-0912-CC03-017,2026-09-12,CC03,F03017,34.7,3.99
COL-0912-CC03-018,2026-09-12,CC03,F03018,35.7,3.75
COL-0912-CC03-019,2026-09-12,CC03,F03019,31.3,3.67
COL-0912-CC03-020,2026-09-12,CC03,F03020,32.4,3.7
COL-0912-CC03-021,2026-09-12,CC03,F03021,37.3,3.72
COL-0912-CC03-022,2026-09-12,CC03,F03022,20.6,3.36
COL-0912-CC03-023,2026-09-12,CC03,F03023,16.8,3.36
COL-0912-CC03-024,2026-09-12,CC03,F03024,17.7,3.75
COL-0912-CC03-025,2026-09-12,CC03,F03025,22.8,4.32
COL-0912-CC04-000,2026-09-12,CC04,F04000,26.7,3.52
COL-0912-CC04-001,2026-09-12,CC04,F04001,31.2,3.85
COL-0912-CC04-002,2026-09-12,CC04,F04002,17.9,3.68
COL-0912-CC04-003,2026-09-12,CC04,F04003,34.3,3.74
COL-0912-CC04-004,2026-09-12,CC04,F04004,33.9,4.18
COL-0912-CC04-005,2026-09-12,CC04,F04005,26.0,3.88
COL-0912-CC04-006,2026-09-12,CC04,F04006,15.6,4.03
COL-0912-CC04-007,2026-09-12,CC04,F04007,22.4,3.33
COL-0912-CC04-008,2026-09-12,CC04,F04008,19.3,3.99
COL-0912-CC04-009,2026-09-12,CC04,F04009,31.1,3.59
COL-0912-CC04-010,2026-09-12,CC04,F04010,17.0,4.29
COL-0912-CC04-011,2026-09-12,CC04,F04011,16.6,3.4
COL-0912-CC04-012,2026-09-12,CC04,F04012,54.5,3.61
COL-0912-CC04-013,2026-09-12,CC04,F04013,47.8,4.06
COL-0912-CC04-014,2026-09-12,CC04,F04014,56.3,4.42
COL-0912-CC04-015,2026-09-12,CC04,F04015,37.7,3.41
COL-0912-CC04-016,2026-09-12,CC04,F04016,59.6,3.77
COL-0912-CC04-017,2026-09-12,CC04,F04017,22.6,3.61
COL-0912-CC04-018,2026-09-12,CC04,F04018,19.0,4.29
COL-0912-CC04-019,2026-09-12,CC04,F04019,23.8,4.42
COL-0912-CC04-020,2026-09-12,CC04,F04020,48.1,3.92
COL-0912-CC04-021,2026-09-12,CC04,F04021,17.2,4.1
COL-0912-CC04-022,2026-09-12,CC04,F04022,48.4,3.66
COL-0912-CC04-023,2026-09-12,CC04,F04023,39.7,3.52
COL-0912-CC04-024,2026-09-12,CC04,F04024,20.8,3.99
COL-0912-CC04-025,2026-09-12,CC04,F04025,16.9,3.72
COL-0912-CC04-026,2026-09-12,CC04,F04026,47.1,4.06
COL-0912-CC04-027,2026-09-12,CC04,F04027,27.3,3.77
COL-0912-CC04-028,2026-09-12,CC04,F04028,25.8,4.22
COL-0912-CC04-029,2026-09-12,CC04,F04029,30.5,3.8
COL-0912-CC04-030,2026-09-12,CC04,F04030,35.1,3.84
COL-0912-CC04-031,2026-09-12,CC04,F04031,21.7,4.12
COL-0912-CC04-032,2026-09-12,CC04,F04032,43.9,3.89
COL-0912-CC04-033,2026-09-12,CC04,F04033,39.4,4.23
COL-0912-CC04-034,2026-09-12,CC04,F04034,46.3,3.67
COL-0912-CC04-035,2026-09-12,CC04,F04035,27.4,3.57
COL-0912-CC04-036,2026-09-12,CC04,F04036,18.6,4.1
COL-0912-CC05-000,2026-09-12,CC05,F05000,30.3,3.59
COL-0912-CC05-001,2026-09-12,CC05,F05001,17.1,3.57
COL-0912-CC05-002,2026-09-12,CC05,F05002,39.4,4.08
COL-0912-CC05-003,2026-09-12,CC05,F05003,59.3,4.11
COL-0912-CC05-004,2026-09-12,CC05,F05004,16.9,3.49
COL-0912-CC05-005,2026-09-12,CC05,F05005,25.8,3.58
COL-0912-CC05-006,2026-09-12,CC05,F05006,45.8,3.87
COL-0912-CC05-007,2026-09-12,CC05,F05007,28.0,3.7
COL-0912-CC05-008,2026-09-12,CC05,F05008,12.3,3.98
COL-0912-CC05-009,2026-09-12,CC05,F05009,71.7,3.56
COL-0912-CC05-010,2026-09-12,CC05,F05010,13.1,3.59
COL-0912-CC05-011,2026-09-12,CC05,F05011,15.9,4.66
COL-0912-CC05-012,2026-09-12,CC05,F05012,41.1,4.1
COL-0912-CC05-013,2026-09-12,CC05,F05013,29.5,4.25
COL-0912-CC05-014,2026-09-12,CC05,F05014,40.3,3.9
COL-0912-CC05-015,2026-09-12,CC05,F05015,18.7,3.6
COL-0912-CC05-016,2026-09-12,CC05,F05016,44.8,4.13
COL-0912-CC05-017,2026-09-12,CC05,F05017,27.6,4.23
COL-0912-CC05-018,2026-09-12,CC05,F05018,24.8,3.74
COL-0912-CC05-019,2026-09-12,CC05,F05019,15.7,3.71
COL-0912-CC05-020,2026-09-12,CC05,F05020,13.1,3.95
COL-0912-CC05-021,2026-09-12,CC05,F05021,25.9,3.76
COL-0912-CC05-022,2026-09-12,CC05,F05022,21.9,3.35
COL-0912-CC05-023,2026-09-12,CC05,F05023,22.0,3.99
COL-0912-CC05-024,2026-09-12,CC05,F05024,26.9,4.02
COL-0912-CC05-025,2026-09-12,CC05,F05025,20.1,3.27
COL-0912-CC05-026,2026-09-12,CC05,F05026,23.5,4.31
COL-0912-CC05-027,2026-09-12,CC05,F05027,29.5,3.46
COL-0912-CC05-028,2026-09-12,CC05,F05028,35.7,3.42
COL-0912-CC05-029,2026-09-12,CC05,F05029,10.3,3.52
COL-0912-CC05-030,2026-09-12,CC05,F05030,17.2,3.77
COL-0912-CC05-031,2026-09-12,CC05,F05031,33.9,3.75
COL-0912-CC05-032,2026-09-12,CC05,F05032,26.4,3.28
COL-0912-CC05-033,2026-09-12,CC05,F05033,8.4,3.81
COL-0912-CC05-034,2026-09-12,CC05,F05034,23.3,3.9
COL-0912-CC05-035,2026-09-12,CC05,F05035,19.3,3.57
COL-0912-CC05-036,2026-09-12,CC05,F05036,32.9,3.1
COL-0912-CC06-000,2026-09-12,CC06,F06000,21.5,3.54
COL-0912-CC06-001,2026-09-12,CC06,F06001,92.4,3.13
COL-0912-CC06-002,2026-09-12,CC06,F06002,25.2,3.5
COL-0912-CC06-003,2026-09-12,CC06,F06003,50.4,3.65
COL-0912-CC06-004,2026-09-12,CC06,F06004,28.6,3.83
COL-0912-CC06-005,2026-09-12,CC06,F06005,8.4,4.0
COL-0912-CC06-006,2026-09-12,CC06,F06006,23.2,3.83
COL-0912-CC06-007,2026-09-12,CC06,F06007,11.3,3.77
COL-0912-CC06-008,2026-09-12,CC06,F06008,21.4,3.62
COL-0912-CC06-009,2026-09-12,CC06,F06009,62.8,3.77
COL-0912-CC06-010,2026-09-12,CC06,F06010,12.6,3.44
COL-0912-CC06-011,2026-09-12,CC06,F06011,25.4,3.99
COL-0912-CC06-012,2026-09-12,CC06,F06012,19.8,3.78
COL-0912-CC06-013,2026-09-12,CC06,F06013,25.6,4.09
COL-0912-CC06-014,2026-09-12,CC06,F06014,24.9,3.95
COL-0912-CC06-015,2026-09-12,CC06,F06015,29.1,3.67
COL-0912-CC06-016,2026-09-12,CC06,F06016,15.7,3.75
COL-0912-CC06-017,2026-09-12,CC06,F06017,11.7,3.77
COL-0912-CC06-018,2026-09-12,CC06,F06018,35.0,3.79
COL-0912-CC06-019,2026-09-12,CC06,F06019,26.3,3.02
COL-0912-CC06-020,2026-09-12,CC06,F06020,33.8,3.5
COL-0912-CC06-021,2026-09-12,CC06,F06021,14.7,4.36
COL-0912-CC06-022,2026-09-12,CC06,F06022,21.5,3.81
COL-0912-CC06-023,2026-09-12,CC06,F06023,25.9,4.21
COL-0912-CC06-024,2026-09-12,CC06,F06024,24.5,3.63
COL-0912-CC06-025,2026-09-12,CC06,F06025,20.5,3.33
COL-0912-CC06-026,2026-09-12,CC06,F06026,31.5,3.7
COL-0912-CC06-027,2026-09-12,CC06,F06027,53.7,3.68
COL-0912-CC06-028,2026-09-12,CC06,F06028,33.2,3.55
COL-0912-CC06-029,2026-09-12,CC06,F06029,28.9,4.14
COL-0912-CC06-030,2026-09-12,CC06,F06030,35.4,4.22
COL-0912-CC06-031,2026-09-12,CC06,F06031,5.7,3.58
COL-0912-CC06-032,2026-09-12,CC06,F06032,26.1,4.37
COL-0912-CC06-033,2026-09-12,CC06,F06033,39.3,4.07
COL-0912-CC06-034,2026-09-12,CC06,F06034,9.4,3.44
COL-0912-CC07-000,2026-09-12,CC07,F07000,36.1,3.63
COL-0912-CC07-001,2026-09-12,CC07,F07001,65.3,3.86
COL-0912-CC07-002,2026-09-12,CC07,F07002,11.7,4.18
COL-0912-CC07-003,2026-09-12,CC07,F07003,14.6,3.64
COL-0912-CC07-004,2026-09-12,CC07,F07004,17.2,3.8
COL-0912-CC07-005,2026-09-12,CC07,F07005,16.4,3.56
COL-0912-CC07-006,2026-09-12,CC07,F07006,31.3,3.64
COL-0912-CC07-007,2026-09-12,CC07,F07007,40.8,3.38
COL-0912-CC07-008,2026-09-12,CC07,F07008,56.3,4.16
COL-0912-CC07-009,2026-09-12,CC07,F07009,10.8,3.61
COL-0912-CC07-010,2026-09-12,CC07,F07010,34.3,3.84
COL-0912-CC07-011,2026-09-12,CC07,F07011,33.8,3.96
COL-0912-CC07-012,2026-09-12,CC07,F07012,43.5,3.72
COL-0912-CC07-013,2026-09-12,CC07,F07013,51.5,3.48
COL-0912-CC07-014,2026-09-12,CC07,F07014,33.6,3.62
COL-0912-CC07-015,2026-09-12,CC07,F07015,11.4,3.48
COL-0912-CC07-016,2026-09-12,CC07,F07016,15.9,3.84
COL-0912-CC07-017,2026-09-12,CC07,F07017,24.9,3.61
COL-0912-CC07-018,2026-09-12,CC07,F07018,27.9,4.14
COL-0912-CC07-019,2026-09-12,CC07,F07019,37.1,3.69
COL-0912-CC07-020,2026-09-12,CC07,F07020,26.9,3.95
COL-0912-CC07-021,2026-09-12,CC07,F07021,21.9,3.52
COL-0912-CC07-022,2026-09-12,CC07,F07022,33.7,3.26
COL-0912-CC07-023,2026-09-12,CC07,F07023,67.4,3.69
COL-0912-CC07-024,2026-09-12,CC07,F07024,33.3,4.08
COL-0912-CC07-025,2026-09-12,CC07,F07025,28.3,4.09
COL-0912-CC07-026,2026-09-12,CC07,F07026,71.6,4.15
COL-0912-CC07-027,2026-09-12,CC07,F07027,62.8,3.67
COL-0912-CC07-028,2026-09-12,CC07,F07028,75.7,3.69
COL-0912-CC08-000,2026-09-12,CC08,F08000,43.7,4.04
COL-0912-CC08-001,2026-09-12,CC08,F08001,18.5,3.82
COL-0912-CC08-002,2026-09-12,CC08,F08002,8.6,3.72
COL-0912-CC08-003,2026-09-12,CC08,F08003,21.3,3.57
COL-0912-CC08-004,2026-09-12,CC08,F08004,24.7,3.77
COL-0912-CC08-005,2026-09-12,CC08,F08005,18.5,3.27
COL-0912-CC08-006,2026-09-12,CC08,F08006,14.7,4.24
COL-0912-CC08-007,2026-09-12,CC08,F08007,34.5,3.46
COL-0912-CC08-008,2026-09-12,CC08,F08008,14.4,3.88
COL-0912-CC08-009,2026-09-12,CC08,F08009,62.6,3.91
COL-0912-CC08-010,2026-09-12,CC08,F08010,24.5,3.77
COL-0912-CC08-011,2026-09-12,CC08,F08011,55.3,3.79
COL-0912-CC08-012,2026-09-12,CC08,F08012,50.9,3.56
COL-0912-CC08-013,2026-09-12,CC08,F08013,37.1,3.67
COL-0912-CC08-014,2026-09-12,CC08,F08014,54.3,4.02
COL-0912-CC08-015,2026-09-12,CC08,F08015,33.9,4.01
COL-0912-CC08-016,2026-09-12,CC08,F08016,20.8,3.4
COL-0912-CC08-017,2026-09-12,CC08,F08017,22.3,3.78
COL-0912-CC08-018,2026-09-12,CC08,F08018,90.7,3.27
COL-0912-CC08-019,2026-09-12,CC08,F08019,35.0,3.77
COL-0912-CC08-020,2026-09-12,CC08,F08020,65.6,3.82
COL-0912-CC08-021,2026-09-12,CC08,F08021,22.2,3.39
COL-0912-CC08-022,2026-09-12,CC08,F08022,28.6,4.23
COL-0912-CC08-023,2026-09-12,CC08,F08023,38.1,3.39
COL-0912-CC08-024,2026-09-12,CC08,F08024,45.6,4.16
COL-0912-CC08-025,2026-09-12,CC08,F08025,23.8,3.3
COL-0912-CC08-026,2026-09-12,CC08,F08026,37.8,4.01
COL-0912-CC08-027,2026-09-12,CC08,F08027,25.0,3.22
COL-0912-CC08-028,2026-09-12,CC08,F08028,22.3,3.64
COL-0912-CC08-029,2026-09-12,CC08,F08029,44.0,3.4
COL-0912-CC08-030,2026-09-12,CC08,F08030,18.0,3.88
COL-0912-CC08-031,2026-09-12,CC08,F08031,42.5,3.54
COL-0912-CC08-032,2026-09-12,CC08,F08032,38.5,3.72
COL-0913-CC01-000,2026-09-13,CC01,F01000,16.4,3.16
COL-0913-CC01-001,2026-09-13,CC01,F01001,9.2,3.69
COL-0913-CC01-002,2026-09-13,CC01,F01002,48.5,3.62
COL-0913-CC01-003,2026-09-13,CC01,F01003,18.0,3.53
COL-0913-CC01-004,2026-09-13,CC01,F01004,37.7,3.78
COL-0913-CC01-005,2026-09-13,CC01,F01005,47.6,3.44
COL-0913-CC01-006,2026-09-13,CC01,F01006,14.7,4.0
COL-0913-CC01-007,2026-09-13,CC01,F01007,26.0,3.65
COL-0913-CC01-008,2026-09-13,CC01,F01008,26.1,3.44
COL-0913-CC01-009,2026-09-13,CC01,F01009,21.7,3.87
COL-0913-CC01-010,2026-09-13,CC01,F01010,28.7,3.78
COL-0913-CC01-011,2026-09-13,CC01,F01011,27.4,4.17
COL-0913-CC01-012,2026-09-13,CC01,F01012,28.7,3.79
COL-0913-CC01-013,2026-09-13,CC01,F01013,43.4,3.63
COL-0913-CC01-014,2026-09-13,CC01,F01014,8.6,4.32
COL-0913-CC01-015,2026-09-13,CC01,F01015,37.2,3.81
COL-0913-CC01-016,2026-09-13,CC01,F01016,26.2,3.85
COL-0913-CC01-017,2026-09-13,CC01,F01017,34.5,4.18
COL-0913-CC01-018,2026-09-13,CC01,F01018,54.2,3.58
COL-0913-CC01-019,2026-09-13,CC01,F01019,28.7,3.71
COL-0913-CC01-020,2026-09-13,CC01,F01020,47.7,3.51
COL-0913-CC01-021,2026-09-13,CC01,F01021,17.1,4.33
COL-0913-CC01-022,2026-09-13,CC01,F01022,12.7,3.48
COL-0913-CC01-023,2026-09-13,CC01,F01023,14.9,3.41
COL-0913-CC01-024,2026-09-13,CC01,F01024,22.0,3.4
COL-0913-CC01-025,2026-09-13,CC01,F01025,32.9,4.28
COL-0913-CC02-000,2026-09-13,CC02,F02000,75.5,3.3
COL-0913-CC02-001,2026-09-13,CC02,F02001,27.1,4.14
COL-0913-CC02-002,2026-09-13,CC02,F02002,80.8,4.3
COL-0913-CC02-003,2026-09-13,CC02,F02003,10.9,4.03
COL-0913-CC02-004,2026-09-13,CC02,F02004,31.0,4.23
COL-0913-CC02-005,2026-09-13,CC02,F02005,17.5,3.67
COL-0913-CC02-006,2026-09-13,CC02,F02006,15.7,3.62
COL-0913-CC02-007,2026-09-13,CC02,F02007,9.3,4.17
COL-0913-CC02-008,2026-09-13,CC02,F02008,75.8,4.01
COL-0913-CC02-009,2026-09-13,CC02,F02009,32.9,3.95
COL-0913-CC02-010,2026-09-13,CC02,F02010,50.5,3.97
COL-0913-CC02-011,2026-09-13,CC02,F02011,37.0,3.78
COL-0913-CC02-012,2026-09-13,CC02,F02012,7.0,3.29
COL-0913-CC02-013,2026-09-13,CC02,F02013,17.6,4.13
COL-0913-CC02-014,2026-09-13,CC02,F02014,12.7,3.86
COL-0913-CC02-015,2026-09-13,CC02,F02015,37.8,3.57
COL-0913-CC02-016,2026-09-13,CC02,F02016,16.3,3.64
COL-0913-CC02-017,2026-09-13,CC02,F02017,30.1,4.05
COL-0913-CC02-018,2026-09-13,CC02,F02018,15.1,3.59
COL-0913-CC02-019,2026-09-13,CC02,F02019,33.1,3.45
COL-0913-CC02-020,2026-09-13,CC02,F02020,42.6,3.91
COL-0913-CC02-021,2026-09-13,CC02,F02021,29.3,4.04
COL-0913-CC02-022,2026-09-13,CC02,F02022,11.9,4.07
COL-0913-CC02-023,2026-09-13,CC02,F02023,23.7,4.04
COL-0913-CC02-024,2026-09-13,CC02,F02024,21.8,3.88
COL-0913-CC02-025,2026-09-13,CC02,F02025,25.3,3.74
COL-0913-CC02-026,2026-09-13,CC02,F02026,46.4,3.22
COL-0913-CC02-027,2026-09-13,CC02,F02027,22.7,3.75
COL-0913-CC03-000,2026-09-13,CC03,F03000,42.9,3.9
COL-0913-CC03-001,2026-09-13,CC03,F03001,14.6,3.95
COL-0913-CC03-002,2026-09-13,CC03,F03002,51.4,4.1
COL-0913-CC03-003,2026-09-13,CC03,F03003,30.1,4.13
COL-0913-CC03-004,2026-09-13,CC03,F03004,18.4,3.7
COL-0913-CC03-005,2026-09-13,CC03,F03005,30.4,3.89
COL-0913-CC03-006,2026-09-13,CC03,F03006,21.6,3.78
COL-0913-CC03-007,2026-09-13,CC03,F03007,14.7,3.65
COL-0913-CC03-008,2026-09-13,CC03,F03008,31.6,3.64
COL-0913-CC03-009,2026-09-13,CC03,F03009,83.7,3.47
COL-0913-CC03-010,2026-09-13,CC03,F03010,31.5,3.84
COL-0913-CC03-011,2026-09-13,CC03,F03011,25.7,4.07
COL-0913-CC03-012,2026-09-13,CC03,F03012,26.5,3.66
COL-0913-CC03-013,2026-09-13,CC03,F03013,52.3,3.64
COL-0913-CC03-014,2026-09-13,CC03,F03014,19.3,3.51
COL-0913-CC03-015,2026-09-13,CC03,F03015,38.1,3.39
COL-0913-CC03-016,2026-09-13,CC03,F03016,33.3,3.46
COL-0913-CC03-017,2026-09-13,CC03,F03017,54.2,3.84
COL-0913-CC03-018,2026-09-13,CC03,F03018,37.5,3.29
COL-0913-CC03-019,2026-09-13,CC03,F03019,36.9,4.26
COL-0913-CC03-020,2026-09-13,CC03,F03020,37.4,4.02
COL-0913-CC03-021,2026-09-13,CC03,F03021,34.5,3.8
COL-0913-CC03-022,2026-09-13,CC03,F03022,58.9,3.6
COL-0913-CC03-023,2026-09-13,CC03,F03023,26.9,4.05
COL-0913-CC03-024,2026-09-13,CC03,F03024,8.5,3.68
COL-0913-CC03-025,2026-09-13,CC03,F03025,28.2,4.36
COL-0913-CC03-026,2026-09-13,CC03,F03026,26.5,3.74
COL-0913-CC04-000,2026-09-13,CC04,F04000,36.7,3.86
COL-0913-CC04-001,2026-09-13,CC04,F04001,61.9,4.26
COL-0913-CC04-002,2026-09-13,CC04,F04002,9.0,3.54
COL-0913-CC04-003,2026-09-13,CC04,F04003,19.5,3.45
COL-0913-CC04-004,2026-09-13,CC04,F04004,23.5,4.08
COL-0913-CC04-005,2026-09-13,CC04,F04005,48.2,4.26
COL-0913-CC04-006,2026-09-13,CC04,F04006,51.5,4.04
COL-0913-CC04-007,2026-09-13,CC04,F04007,16.5,3.93
COL-0913-CC04-008,2026-09-13,CC04,F04008,43.9,3.64
COL-0913-CC04-009,2026-09-13,CC04,F04009,16.3,3.9
COL-0913-CC04-010,2026-09-13,CC04,F04010,35.5,4.05
COL-0913-CC04-011,2026-09-13,CC04,F04011,29.6,3.68
COL-0913-CC04-012,2026-09-13,CC04,F04012,28.5,3.32
COL-0913-CC04-013,2026-09-13,CC04,F04013,62.3,4.12
COL-0913-CC04-014,2026-09-13,CC04,F04014,35.1,3.45
COL-0913-CC04-015,2026-09-13,CC04,F04015,33.2,3.4
COL-0913-CC04-016,2026-09-13,CC04,F04016,70.8,3.66
COL-0913-CC04-017,2026-09-13,CC04,F04017,28.4,4.11
COL-0913-CC04-018,2026-09-13,CC04,F04018,30.5,3.42
COL-0913-CC04-019,2026-09-13,CC04,F04019,27.8,3.81
COL-0913-CC04-020,2026-09-13,CC04,F04020,21.1,4.34
COL-0913-CC04-021,2026-09-13,CC04,F04021,19.9,3.91
COL-0913-CC04-022,2026-09-13,CC04,F04022,25.8,3.73
COL-0913-CC04-023,2026-09-13,CC04,F04023,35.1,3.56
COL-0913-CC04-024,2026-09-13,CC04,F04024,61.9,3.34
COL-0913-CC04-025,2026-09-13,CC04,F04025,34.9,4.2
COL-0913-CC04-026,2026-09-13,CC04,F04026,18.5,3.4
COL-0913-CC04-027,2026-09-13,CC04,F04027,17.0,3.83
COL-0913-CC04-028,2026-09-13,CC04,F04028,9.0,4.08
COL-0913-CC04-029,2026-09-13,CC04,F04029,39.0,3.62
COL-0913-CC04-030,2026-09-13,CC04,F04030,23.5,3.73
COL-0913-CC04-031,2026-09-13,CC04,F04031,43.0,4.09
COL-0913-CC04-032,2026-09-13,CC04,F04032,28.1,3.83
COL-0913-CC04-033,2026-09-13,CC04,F04033,27.2,4.15
COL-0913-CC04-034,2026-09-13,CC04,F04034,39.9,4.12
COL-0913-CC04-035,2026-09-13,CC04,F04035,67.9,4.23
COL-0913-CC04-036,2026-09-13,CC04,F04036,29.1,3.38
COL-0913-CC04-037,2026-09-13,CC04,F04037,28.4,3.88
COL-0913-CC04-038,2026-09-13,CC04,F04038,29.5,3.82
COL-0913-CC04-039,2026-09-13,CC04,F04039,26.7,3.74
COL-0913-CC04-040,2026-09-13,CC04,F04040,41.7,3.3
COL-0913-CC04-041,2026-09-13,CC04,F04041,24.4,3.75
COL-0913-CC04-042,2026-09-13,CC04,F04042,73.9,4.16
COL-0913-CC04-043,2026-09-13,CC04,F04043,65.0,4.07
COL-0913-CC05-000,2026-09-13,CC05,F05000,20.0,4.31
COL-0913-CC05-001,2026-09-13,CC05,F05001,12.6,4.08
COL-0913-CC05-002,2026-09-13,CC05,F05002,66.8,3.09
COL-0913-CC05-003,2026-09-13,CC05,F05003,38.9,3.93
COL-0913-CC05-004,2026-09-13,CC05,F05004,15.3,4.12
COL-0913-CC05-005,2026-09-13,CC05,F05005,57.8,3.51
COL-0913-CC05-006,2026-09-13,CC05,F05006,26.3,3.81
COL-0913-CC05-007,2026-09-13,CC05,F05007,20.2,3.59
COL-0913-CC05-008,2026-09-13,CC05,F05008,21.0,3.59
COL-0913-CC05-009,2026-09-13,CC05,F05009,32.8,4.32
COL-0913-CC05-010,2026-09-13,CC05,F05010,17.6,4.1
COL-0913-CC05-011,2026-09-13,CC05,F05011,19.3,3.57
COL-0913-CC05-012,2026-09-13,CC05,F05012,49.7,3.45
COL-0913-CC05-013,2026-09-13,CC05,F05013,7.4,4.03
COL-0913-CC05-014,2026-09-13,CC05,F05014,42.0,3.88
COL-0913-CC05-015,2026-09-13,CC05,F05015,42.8,3.72
COL-0913-CC05-016,2026-09-13,CC05,F05016,47.7,3.88
COL-0913-CC05-017,2026-09-13,CC05,F05017,14.0,3.43
COL-0913-CC05-018,2026-09-13,CC05,F05018,22.5,3.59
COL-0913-CC05-019,2026-09-13,CC05,F05019,45.9,3.6
COL-0913-CC05-020,2026-09-13,CC05,F05020,18.8,4.18
COL-0913-CC05-021,2026-09-13,CC05,F05021,14.8,3.81
COL-0913-CC05-022,2026-09-13,CC05,F05022,13.6,3.52
COL-0913-CC05-023,2026-09-13,CC05,F05023,43.6,3.6
COL-0913-CC05-024,2026-09-13,CC05,F05024,27.5,4.13
COL-0913-CC05-025,2026-09-13,CC05,F05025,29.5,3.92
COL-0913-CC05-026,2026-09-13,CC05,F05026,32.4,3.66
COL-0913-CC05-027,2026-09-13,CC05,F05027,41.0,3.71
COL-0913-CC05-028,2026-09-13,CC05,F05028,16.9,4.04
COL-0913-CC05-029,2026-09-13,CC05,F05029,65.2,3.73
COL-0913-CC05-030,2026-09-13,CC05,F05030,46.1,3.74
COL-0913-CC05-031,2026-09-13,CC05,F05031,38.5,3.62
COL-0913-CC05-032,2026-09-13,CC05,F05032,23.2,3.1
COL-0913-CC05-033,2026-09-13,CC05,F05033,13.3,3.99
COL-0913-CC05-034,2026-09-13,CC05,F05034,15.7,3.77
COL-0913-CC06-000,2026-09-13,CC06,F06000,107.2,4.11
COL-0913-CC06-001,2026-09-13,CC06,F06001,40.2,4.37
COL-0913-CC06-002,2026-09-13,CC06,F06002,20.2,3.75
COL-0913-CC06-003,2026-09-13,CC06,F06003,24.8,3.65
COL-0913-CC06-004,2026-09-13,CC06,F06004,65.4,3.89
COL-0913-CC06-005,2026-09-13,CC06,F06005,22.3,4.04
COL-0913-CC06-006,2026-09-13,CC06,F06006,18.3,3.41
COL-0913-CC06-007,2026-09-13,CC06,F06007,33.8,4.01
COL-0913-CC06-008,2026-09-13,CC06,F06008,12.6,3.73
COL-0913-CC06-009,2026-09-13,CC06,F06009,37.6,3.96
COL-0913-CC06-010,2026-09-13,CC06,F06010,41.0,3.91
COL-0913-CC06-011,2026-09-13,CC06,F06011,10.4,3.74
COL-0913-CC06-012,2026-09-13,CC06,F06012,25.6,3.59
COL-0913-CC06-013,2026-09-13,CC06,F06013,42.7,3.74
COL-0913-CC06-014,2026-09-13,CC06,F06014,52.2,4.15
COL-0913-CC06-015,2026-09-13,CC06,F06015,64.4,3.31
COL-0913-CC06-016,2026-09-13,CC06,F06016,24.2,3.87
COL-0913-CC06-017,2026-09-13,CC06,F06017,36.0,3.78
COL-0913-CC06-018,2026-09-13,CC06,F06018,19.3,3.76
COL-0913-CC06-019,2026-09-13,CC06,F06019,31.7,3.88
COL-0913-CC06-020,2026-09-13,CC06,F06020,25.5,3.95
COL-0913-CC06-021,2026-09-13,CC06,F06021,26.6,3.82
COL-0913-CC06-022,2026-09-13,CC06,F06022,40.8,4.21
COL-0913-CC06-023,2026-09-13,CC06,F06023,80.4,3.73
COL-0913-CC06-024,2026-09-13,CC06,F06024,27.8,4.46
COL-0913-CC06-025,2026-09-13,CC06,F06025,29.9,3.26
COL-0913-CC06-026,2026-09-13,CC06,F06026,13.9,4.29
COL-0913-CC06-027,2026-09-13,CC06,F06027,21.2,3.71
COL-0913-CC06-028,2026-09-13,CC06,F06028,24.1,3.46
COL-0913-CC06-029,2026-09-13,CC06,F06029,53.5,3.55
COL-0913-CC06-030,2026-09-13,CC06,F06030,18.6,3.67
COL-0913-CC06-031,2026-09-13,CC06,F06031,26.8,3.86
COL-0913-CC06-032,2026-09-13,CC06,F06032,29.2,3.79
COL-0913-CC06-033,2026-09-13,CC06,F06033,30.8,4.2
COL-0913-CC06-034,2026-09-13,CC06,F06034,30.8,3.77
COL-0913-CC06-035,2026-09-13,CC06,F06035,39.4,3.73
COL-0913-CC06-036,2026-09-13,CC06,F06036,25.0,3.71
COL-0913-CC06-037,2026-09-13,CC06,F06037,63.6,3.97
COL-0913-CC06-038,2026-09-13,CC06,F06038,54.0,3.83
COL-0913-CC06-039,2026-09-13,CC06,F06039,27.2,4.27
COL-0913-CC06-040,2026-09-13,CC06,F06040,58.8,3.65
COL-0913-CC06-041,2026-09-13,CC06,F06041,47.4,3.71
COL-0913-CC06-042,2026-09-13,CC06,F06042,43.3,3.67
COL-0913-CC06-043,2026-09-13,CC06,F06043,71.3,3.58
COL-0913-CC06-044,2026-09-13,CC06,F06044,45.9,3.68
COL-0913-CC06-045,2026-09-13,CC06,F06045,29.2,3.54
COL-0913-CC06-046,2026-09-13,CC06,F06046,17.7,3.15
COL-0913-CC06-047,2026-09-13,CC06,F06047,25.2,3.29
COL-0913-CC06-048,2026-09-13,CC06,F06048,27.6,3.45
COL-0913-CC07-000,2026-09-13,CC07,F07000,10.2,3.32
COL-0913-CC07-001,2026-09-13,CC07,F07001,20.2,3.65
COL-0913-CC07-002,2026-09-13,CC07,F07002,36.4,3.5
COL-0913-CC07-003,2026-09-13,CC07,F07003,31.0,3.87
COL-0913-CC07-004,2026-09-13,CC07,F07004,43.0,4.09
COL-0913-CC07-005,2026-09-13,CC07,F07005,86.2,3.76
COL-0913-CC07-006,2026-09-13,CC07,F07006,31.0,4.48
COL-0913-CC07-007,2026-09-13,CC07,F07007,20.8,3.53
COL-0913-CC07-008,2026-09-13,CC07,F07008,31.5,3.86
COL-0913-CC07-009,2026-09-13,CC07,F07009,58.9,3.61
COL-0913-CC07-010,2026-09-13,CC07,F07010,45.4,3.39
COL-0913-CC07-011,2026-09-13,CC07,F07011,26.2,3.68
COL-0913-CC07-012,2026-09-13,CC07,F07012,39.3,3.83
COL-0913-CC07-013,2026-09-13,CC07,F07013,25.8,3.6
COL-0913-CC07-014,2026-09-13,CC07,F07014,7.9,3.61
COL-0913-CC07-015,2026-09-13,CC07,F07015,12.6,3.8
COL-0913-CC07-016,2026-09-13,CC07,F07016,27.3,3.61
COL-0913-CC07-017,2026-09-13,CC07,F07017,35.6,4.1
COL-0913-CC07-018,2026-09-13,CC07,F07018,60.2,4.0
COL-0913-CC07-019,2026-09-13,CC07,F07019,50.6,3.83
COL-0913-CC07-020,2026-09-13,CC07,F07020,47.2,4.13
COL-0913-CC07-021,2026-09-13,CC07,F07021,15.7,3.14
COL-0913-CC07-022,2026-09-13,CC07,F07022,14.5,3.52
COL-0913-CC07-023,2026-09-13,CC07,F07023,62.0,4.2
COL-0913-CC07-024,2026-09-13,CC07,F07024,24.2,3.54
COL-0913-CC07-025,2026-09-13,CC07,F07025,44.0,4.11
COL-0913-CC07-026,2026-09-13,CC07,F07026,26.2,3.95
COL-0913-CC07-027,2026-09-13,CC07,F07027,62.2,3.85
COL-0913-CC07-028,2026-09-13,CC07,F07028,55.3,3.76
COL-0913-CC07-029,2026-09-13,CC07,F07029,10.0,3.46
COL-0913-CC07-030,2026-09-13,CC07,F07030,24.3,3.35
COL-0913-CC07-031,2026-09-13,CC07,F07031,16.1,3.29
COL-0913-CC07-032,2026-09-13,CC07,F07032,16.1,3.95
COL-0913-CC07-033,2026-09-13,CC07,F07033,25.9,3.8
COL-0913-CC07-034,2026-09-13,CC07,F07034,59.6,3.91
COL-0913-CC07-035,2026-09-13,CC07,F07035,19.4,3.47
COL-0913-CC07-036,2026-09-13,CC07,F07036,35.0,3.82
COL-0913-CC08-000,2026-09-13,CC08,F08000,24.4,3.72
COL-0913-CC08-001,2026-09-13,CC08,F08001,51.4,3.47
COL-0913-CC08-002,2026-09-13,CC08,F08002,93.9,3.7
COL-0913-CC08-003,2026-09-13,CC08,F08003,35.2,3.97
COL-0913-CC08-004,2026-09-13,CC08,F08004,31.5,3.93
COL-0913-CC08-005,2026-09-13,CC08,F08005,22.4,4.03
COL-0913-CC08-006,2026-09-13,CC08,F08006,31.6,3.57
COL-0913-CC08-007,2026-09-13,CC08,F08007,34.9,3.1
COL-0913-CC08-008,2026-09-13,CC08,F08008,13.6,3.99
COL-0913-CC08-009,2026-09-13,CC08,F08009,43.2,3.76
COL-0913-CC08-010,2026-09-13,CC08,F08010,56.4,3.98
COL-0913-CC08-011,2026-09-13,CC08,F08011,28.4,4.34
COL-0913-CC08-012,2026-09-13,CC08,F08012,17.1,4.1
COL-0913-CC08-013,2026-09-13,CC08,F08013,28.1,3.13
COL-0913-CC08-014,2026-09-13,CC08,F08014,32.4,3.62
COL-0913-CC08-015,2026-09-13,CC08,F08015,41.1,3.67
COL-0913-CC08-016,2026-09-13,CC08,F08016,33.1,4.26
COL-0913-CC08-017,2026-09-13,CC08,F08017,37.0,3.54
COL-0913-CC08-018,2026-09-13,CC08,F08018,25.0,3.67
COL-0913-CC08-019,2026-09-13,CC08,F08019,12.9,4.11
COL-0913-CC08-020,2026-09-13,CC08,F08020,31.3,3.22
COL-0913-CC08-021,2026-09-13,CC08,F08021,28.9,3.6
COL-0913-CC08-022,2026-09-13,CC08,F08022,41.0,3.34
COL-0913-CC08-023,2026-09-13,CC08,F08023,32.4,3.43
COL-0913-CC08-024,2026-09-13,CC08,F08024,31.7,3.91
COL-0913-CC08-025,2026-09-13,CC08,F08025,35.6,3.78
COL-0913-CC08-026,2026-09-13,CC08,F08026,40.9,3.72
COL-0913-CC08-027,2026-09-13,CC08,F08027,32.2,3.75
COL-0913-CC08-028,2026-09-13,CC08,F08028,21.1,3.63
COL-0913-CC08-029,2026-09-13,CC08,F08029,51.3,3.75
COL-0913-CC08-030,2026-09-13,CC08,F08030,38.9,3.92
COL-0914-CC01-000,2026-09-14,CC01,F01000,51.2,4.12
COL-0914-CC01-001,2026-09-14,CC01,F01001,47.1,3.7
COL-0914-CC01-002,2026-09-14,CC01,F01002,23.7,4.05
COL-0914-CC01-003,2026-09-14,CC01,F01003,24.3,4.08
COL-0914-CC01-004,2026-09-14,CC01,F01004,26.2,3.69
COL-0914-CC01-005,2026-09-14,CC01,F01005,15.8,3.39
COL-0914-CC01-006,2026-09-14,CC01,F01006,83.4,3.74
COL-0914-CC01-007,2026-09-14,CC01,F01007,10.9,3.82
COL-0914-CC01-008,2026-09-14,CC01,F01008,19.3,4.03
COL-0914-CC01-009,2026-09-14,CC01,F01009,91.6,3.22
COL-0914-CC01-010,2026-09-14,CC01,F01010,28.1,4.26
COL-0914-CC01-011,2026-09-14,CC01,F01011,24.6,4.0
COL-0914-CC01-012,2026-09-14,CC01,F01012,43.9,3.73
COL-0914-CC01-013,2026-09-14,CC01,F01013,15.1,3.49
COL-0914-CC01-014,2026-09-14,CC01,F01014,43.3,3.62
COL-0914-CC01-015,2026-09-14,CC01,F01015,11.5,3.94
COL-0914-CC01-016,2026-09-14,CC01,F01016,47.6,3.94
COL-0914-CC01-017,2026-09-14,CC01,F01017,60.4,3.92
COL-0914-CC01-018,2026-09-14,CC01,F01018,58.9,3.32
COL-0914-CC01-019,2026-09-14,CC01,F01019,35.4,3.67
COL-0914-CC01-020,2026-09-14,CC01,F01020,31.4,3.8
COL-0914-CC01-021,2026-09-14,CC01,F01021,19.6,3.74
COL-0914-CC01-022,2026-09-14,CC01,F01022,34.7,3.61
COL-0914-CC01-023,2026-09-14,CC01,F01023,20.5,3.85
COL-0914-CC01-024,2026-09-14,CC01,F01024,10.7,4.18
COL-0914-CC01-025,2026-09-14,CC01,F01025,36.7,3.41
COL-0914-CC01-026,2026-09-14,CC01,F01026,30.1,4.18
COL-0914-CC01-027,2026-09-14,CC01,F01027,14.5,3.51
COL-0914-CC01-028,2026-09-14,CC01,F01028,40.6,3.52
COL-0914-CC01-029,2026-09-14,CC01,F01029,24.0,3.5
COL-0914-CC01-030,2026-09-14,CC01,F01030,14.8,4.04
COL-0914-CC01-031,2026-09-14,CC01,F01031,35.7,3.95
COL-0914-CC01-032,2026-09-14,CC01,F01032,46.0,4.13
COL-0914-CC01-033,2026-09-14,CC01,F01033,39.8,3.57
COL-0914-CC01-034,2026-09-14,CC01,F01034,69.6,3.45
COL-0914-CC01-035,2026-09-14,CC01,F01035,28.2,4.45
COL-0914-CC01-036,2026-09-14,CC01,F01036,39.8,3.97
COL-0914-CC01-037,2026-09-14,CC01,F01037,63.8,3.05
COL-0914-CC01-038,2026-09-14,CC01,F01038,44.8,3.49
COL-0914-CC01-039,2026-09-14,CC01,F01039,65.3,3.82
COL-0914-CC01-040,2026-09-14,CC01,F01040,27.0,4.25
COL-0914-CC01-041,2026-09-14,CC01,F01041,28.6,4.38
COL-0914-CC01-042,2026-09-14,CC01,F01042,9.7,3.48
COL-0914-CC01-043,2026-09-14,CC01,F01043,54.7,4.01
COL-0914-CC02-000,2026-09-14,CC02,F02000,14.3,3.71
COL-0914-CC02-001,2026-09-14,CC02,F02001,24.4,4.14
COL-0914-CC02-002,2026-09-14,CC02,F02002,12.7,4.07
COL-0914-CC02-003,2026-09-14,CC02,F02003,24.1,4.27
COL-0914-CC02-004,2026-09-14,CC02,F02004,16.8,4.45
COL-0914-CC02-005,2026-09-14,CC02,F02005,50.8,3.41
COL-0914-CC02-006,2026-09-14,CC02,F02006,8.3,3.79
COL-0914-CC02-007,2026-09-14,CC02,F02007,10.7,4.1
COL-0914-CC02-008,2026-09-14,CC02,F02008,43.5,4.13
COL-0914-CC02-009,2026-09-14,CC02,F02009,24.6,3.99
COL-0914-CC02-010,2026-09-14,CC02,F02010,28.4,3.62
COL-0914-CC02-011,2026-09-14,CC02,F02011,36.6,4.45
COL-0914-CC02-012,2026-09-14,CC02,F02012,9.8,3.55
COL-0914-CC02-013,2026-09-14,CC02,F02013,67.1,4.12
COL-0914-CC02-014,2026-09-14,CC02,F02014,26.8,3.7
COL-0914-CC02-015,2026-09-14,CC02,F02015,22.1,3.75
COL-0914-CC02-016,2026-09-14,CC02,F02016,43.1,4.1
COL-0914-CC02-017,2026-09-14,CC02,F02017,33.4,3.58
COL-0914-CC02-018,2026-09-14,CC02,F02018,30.9,4.07
COL-0914-CC02-019,2026-09-14,CC02,F02019,21.7,3.86
COL-0914-CC02-020,2026-09-14,CC02,F02020,45.8,3.52
COL-0914-CC02-021,2026-09-14,CC02,F02021,42.7,3.81
COL-0914-CC02-022,2026-09-14,CC02,F02022,28.5,3.9
COL-0914-CC02-023,2026-09-14,CC02,F02023,37.3,4.04
COL-0914-CC02-024,2026-09-14,CC02,F02024,8.4,4.17
COL-0914-CC02-025,2026-09-14,CC02,F02025,20.8,3.41
COL-0914-CC02-026,2026-09-14,CC02,F02026,31.3,3.59
COL-0914-CC02-027,2026-09-14,CC02,F02027,20.7,3.6
COL-0914-CC02-028,2026-09-14,CC02,F02028,10.2,3.39
COL-0914-CC02-029,2026-09-14,CC02,F02029,26.3,4.42
COL-0914-CC02-030,2026-09-14,CC02,F02030,38.1,3.68
COL-0914-CC02-031,2026-09-14,CC02,F02031,16.6,3.73
COL-0914-CC02-032,2026-09-14,CC02,F02032,27.0,3.7
COL-0914-CC03-000,2026-09-14,CC03,F03000,25.5,4.15
COL-0914-CC03-001,2026-09-14,CC03,F03001,35.3,4.0
COL-0914-CC03-002,2026-09-14,CC03,F03002,55.1,4.31
COL-0914-CC03-003,2026-09-14,CC03,F03003,17.2,3.35
COL-0914-CC03-004,2026-09-14,CC03,F03004,32.2,3.46
COL-0914-CC03-005,2026-09-14,CC03,F03005,35.2,3.79
COL-0914-CC03-006,2026-09-14,CC03,F03006,29.4,3.78
COL-0914-CC03-007,2026-09-14,CC03,F03007,18.6,3.68
COL-0914-CC03-008,2026-09-14,CC03,F03008,19.1,3.94
COL-0914-CC03-009,2026-09-14,CC03,F03009,43.4,3.68
COL-0914-CC03-010,2026-09-14,CC03,F03010,32.4,4.28
COL-0914-CC03-011,2026-09-14,CC03,F03011,34.6,3.8
COL-0914-CC03-012,2026-09-14,CC03,F03012,21.6,3.06
COL-0914-CC03-013,2026-09-14,CC03,F03013,37.3,3.65
COL-0914-CC03-014,2026-09-14,CC03,F03014,29.9,3.56
COL-0914-CC03-015,2026-09-14,CC03,F03015,18.5,3.34
COL-0914-CC03-016,2026-09-14,CC03,F03016,32.3,4.07
COL-0914-CC03-017,2026-09-14,CC03,F03017,20.8,3.48
COL-0914-CC03-018,2026-09-14,CC03,F03018,61.0,3.21
COL-0914-CC03-019,2026-09-14,CC03,F03019,43.5,3.65
COL-0914-CC03-020,2026-09-14,CC03,F03020,16.6,4.34
COL-0914-CC03-021,2026-09-14,CC03,F03021,35.8,3.79
COL-0914-CC03-022,2026-09-14,CC03,F03022,24.5,4.36
COL-0914-CC03-023,2026-09-14,CC03,F03023,16.3,3.98
COL-0914-CC03-024,2026-09-14,CC03,F03024,8.1,4.35
COL-0914-CC03-025,2026-09-14,CC03,F03025,22.9,3.99
COL-0914-CC03-026,2026-09-14,CC03,F03026,24.8,3.97
COL-0914-CC03-027,2026-09-14,CC03,F03027,12.9,2.88
COL-0914-CC03-028,2026-09-14,CC03,F03028,35.6,3.36
COL-0914-CC03-029,2026-09-14,CC03,F03029,43.9,3.35
COL-0914-CC03-030,2026-09-14,CC03,F03030,10.4,3.68
COL-0914-CC03-031,2026-09-14,CC03,F03031,23.9,4.07
COL-0914-CC03-032,2026-09-14,CC03,F03032,30.8,4.0
COL-0914-CC03-033,2026-09-14,CC03,F03033,36.6,3.96
COL-0914-CC03-034,2026-09-14,CC03,F03034,51.9,3.18
COL-0914-CC04-000,2026-09-14,CC04,F04000,30.0,3.98
COL-0914-CC04-001,2026-09-14,CC04,F04001,10.9,3.72
COL-0914-CC04-002,2026-09-14,CC04,F04002,15.1,3.84
COL-0914-CC04-003,2026-09-14,CC04,F04003,27.7,4.24
COL-0914-CC04-004,2026-09-14,CC04,F04004,17.7,3.57
COL-0914-CC04-005,2026-09-14,CC04,F04005,24.7,3.82
COL-0914-CC04-006,2026-09-14,CC04,F04006,29.9,3.55
COL-0914-CC04-007,2026-09-14,CC04,F04007,22.0,4.01
COL-0914-CC04-008,2026-09-14,CC04,F04008,74.6,3.42
COL-0914-CC04-009,2026-09-14,CC04,F04009,20.5,3.5
COL-0914-CC04-010,2026-09-14,CC04,F04010,20.0,3.99
COL-0914-CC04-011,2026-09-14,CC04,F04011,15.6,3.16
COL-0914-CC04-012,2026-09-14,CC04,F04012,56.9,4.35
COL-0914-CC04-013,2026-09-14,CC04,F04013,66.0,3.98
COL-0914-CC04-014,2026-09-14,CC04,F04014,31.9,3.73
COL-0914-CC04-015,2026-09-14,CC04,F04015,39.1,3.68
COL-0914-CC04-016,2026-09-14,CC04,F04016,31.5,3.94
COL-0914-CC04-017,2026-09-14,CC04,F04017,22.2,3.91
COL-0914-CC04-018,2026-09-14,CC04,F04018,18.8,3.48
COL-0914-CC04-019,2026-09-14,CC04,F04019,39.7,3.83
COL-0914-CC04-020,2026-09-14,CC04,F04020,13.3,3.52
COL-0914-CC04-021,2026-09-14,CC04,F04021,63.2,3.63
COL-0914-CC04-022,2026-09-14,CC04,F04022,34.9,3.78
COL-0914-CC04-023,2026-09-14,CC04,F04023,15.5,3.81
COL-0914-CC04-024,2026-09-14,CC04,F04024,45.4,3.69
COL-0914-CC04-025,2026-09-14,CC04,F04025,20.6,3.76
COL-0914-CC04-026,2026-09-14,CC04,F04026,3.7,3.66
COL-0914-CC04-027,2026-09-14,CC04,F04027,48.9,3.69
COL-0914-CC04-028,2026-09-14,CC04,F04028,65.1,4.27
COL-0914-CC04-029,2026-09-14,CC04,F04029,12.0,4.23
COL-0914-CC04-030,2026-09-14,CC04,F04030,16.2,3.51
COL-0914-CC04-031,2026-09-14,CC04,F04031,22.9,3.12
COL-0914-CC05-000,2026-09-14,CC05,F05000,29.5,4.0
COL-0914-CC05-001,2026-09-14,CC05,F05001,21.9,3.85
COL-0914-CC05-002,2026-09-14,CC05,F05002,25.7,3.78
COL-0914-CC05-003,2026-09-14,CC05,F05003,32.1,4.14
COL-0914-CC05-004,2026-09-14,CC05,F05004,50.4,3.55
COL-0914-CC05-005,2026-09-14,CC05,F05005,32.7,3.88
COL-0914-CC05-006,2026-09-14,CC05,F05006,7.7,3.83
COL-0914-CC05-007,2026-09-14,CC05,F05007,22.5,3.35
COL-0914-CC05-008,2026-09-14,CC05,F05008,51.4,3.73
COL-0914-CC05-009,2026-09-14,CC05,F05009,24.9,3.83
COL-0914-CC05-010,2026-09-14,CC05,F05010,59.1,4.12
COL-0914-CC05-011,2026-09-14,CC05,F05011,3.4,3.96
COL-0914-CC05-012,2026-09-14,CC05,F05012,8.7,3.79
COL-0914-CC05-013,2026-09-14,CC05,F05013,61.0,4.02
COL-0914-CC05-014,2026-09-14,CC05,F05014,11.2,3.15
COL-0914-CC05-015,2026-09-14,CC05,F05015,24.4,3.66
COL-0914-CC05-016,2026-09-14,CC05,F05016,57.6,3.56
COL-0914-CC05-017,2026-09-14,CC05,F05017,26.0,3.95
COL-0914-CC05-018,2026-09-14,CC05,F05018,39.2,4.32
COL-0914-CC05-019,2026-09-14,CC05,F05019,54.2,4.01
COL-0914-CC05-020,2026-09-14,CC05,F05020,19.8,4.09
COL-0914-CC05-021,2026-09-14,CC05,F05021,32.8,4.04
COL-0914-CC05-022,2026-09-14,CC05,F05022,17.0,4.28
COL-0914-CC05-023,2026-09-14,CC05,F05023,38.1,3.45
COL-0914-CC05-024,2026-09-14,CC05,F05024,37.2,3.94
COL-0914-CC05-025,2026-09-14,CC05,F05025,56.1,3.54
COL-0914-CC05-026,2026-09-14,CC05,F05026,33.7,3.65
COL-0914-CC05-027,2026-09-14,CC05,F05027,27.8,4.01
COL-0914-CC05-028,2026-09-14,CC05,F05028,17.7,4.05
COL-0914-CC05-029,2026-09-14,CC05,F05029,37.7,3.76
COL-0914-CC05-030,2026-09-14,CC05,F05030,15.0,4.13
COL-0914-CC05-031,2026-09-14,CC05,F05031,54.0,3.79
COL-0914-CC05-032,2026-09-14,CC05,F05032,31.9,3.76
COL-0914-CC05-033,2026-09-14,CC05,F05033,54.5,3.81
COL-0914-CC05-034,2026-09-14,CC05,F05034,31.4,3.82
COL-0914-CC06-000,2026-09-14,CC06,F06000,26.5,3.74
COL-0914-CC06-001,2026-09-14,CC06,F06001,38.3,3.96
COL-0914-CC06-002,2026-09-14,CC06,F06002,37.3,4.2
COL-0914-CC06-003,2026-09-14,CC06,F06003,33.8,3.62
COL-0914-CC06-004,2026-09-14,CC06,F06004,16.0,4.18
COL-0914-CC06-005,2026-09-14,CC06,F06005,24.4,3.44
COL-0914-CC06-006,2026-09-14,CC06,F06006,37.0,3.9
COL-0914-CC06-007,2026-09-14,CC06,F06007,38.1,3.67
COL-0914-CC06-008,2026-09-14,CC06,F06008,28.3,3.72
COL-0914-CC06-009,2026-09-14,CC06,F06009,47.0,4.17
COL-0914-CC06-010,2026-09-14,CC06,F06010,48.2,3.69
COL-0914-CC06-011,2026-09-14,CC06,F06011,16.8,3.83
COL-0914-CC06-012,2026-09-14,CC06,F06012,44.6,4.32
COL-0914-CC06-013,2026-09-14,CC06,F06013,49.9,3.88
COL-0914-CC06-014,2026-09-14,CC06,F06014,38.9,3.39
COL-0914-CC06-015,2026-09-14,CC06,F06015,18.7,3.48
COL-0914-CC06-016,2026-09-14,CC06,F06016,39.6,3.65
COL-0914-CC06-017,2026-09-14,CC06,F06017,29.5,3.87
COL-0914-CC06-018,2026-09-14,CC06,F06018,21.0,3.89
COL-0914-CC06-019,2026-09-14,CC06,F06019,17.2,3.29
COL-0914-CC06-020,2026-09-14,CC06,F06020,16.8,3.46
COL-0914-CC06-021,2026-09-14,CC06,F06021,36.2,3.41
COL-0914-CC06-022,2026-09-14,CC06,F06022,9.7,3.79
COL-0914-CC06-023,2026-09-14,CC06,F06023,51.3,3.91
COL-0914-CC06-024,2026-09-14,CC06,F06024,12.9,3.74
COL-0914-CC06-025,2026-09-14,CC06,F06025,37.3,3.95
COL-0914-CC06-026,2026-09-14,CC06,F06026,49.5,3.74
COL-0914-CC06-027,2026-09-14,CC06,F06027,13.4,3.82
COL-0914-CC06-028,2026-09-14,CC06,F06028,41.4,4.24
COL-0914-CC06-029,2026-09-14,CC06,F06029,40.8,4.04
COL-0914-CC06-030,2026-09-14,CC06,F06030,22.1,3.64
COL-0914-CC06-031,2026-09-14,CC06,F06031,40.7,3.7
COL-0914-CC06-032,2026-09-14,CC06,F06032,28.4,4.14
COL-0914-CC06-033,2026-09-14,CC06,F06033,59.9,3.79
COL-0914-CC06-034,2026-09-14,CC06,F06034,12.7,3.6
COL-0914-CC07-000,2026-09-14,CC07,F07000,35.1,3.92
COL-0914-CC07-001,2026-09-14,CC07,F07001,33.6,4.65
COL-0914-CC07-002,2026-09-14,CC07,F07002,10.2,4.12
COL-0914-CC07-003,2026-09-14,CC07,F07003,25.4,3.32
COL-0914-CC07-004,2026-09-14,CC07,F07004,21.7,4.14
COL-0914-CC07-005,2026-09-14,CC07,F07005,15.2,3.86
COL-0914-CC07-006,2026-09-14,CC07,F07006,37.3,3.68
COL-0914-CC07-007,2026-09-14,CC07,F07007,54.9,3.89
COL-0914-CC07-008,2026-09-14,CC07,F07008,15.2,3.99
COL-0914-CC07-009,2026-09-14,CC07,F07009,23.2,3.69
COL-0914-CC07-010,2026-09-14,CC07,F07010,17.2,3.51
COL-0914-CC07-011,2026-09-14,CC07,F07011,20.3,3.98
COL-0914-CC07-012,2026-09-14,CC07,F07012,9.3,3.91
COL-0914-CC07-013,2026-09-14,CC07,F07013,23.4,3.44
COL-0914-CC07-014,2026-09-14,CC07,F07014,22.2,4.19
COL-0914-CC07-015,2026-09-14,CC07,F07015,30.7,3.71
COL-0914-CC07-016,2026-09-14,CC07,F07016,16.5,4.37
COL-0914-CC07-017,2026-09-14,CC07,F07017,22.8,4.24
COL-0914-CC07-018,2026-09-14,CC07,F07018,15.0,3.75
COL-0914-CC07-019,2026-09-14,CC07,F07019,46.2,4.04
COL-0914-CC07-020,2026-09-14,CC07,F07020,33.5,3.48
COL-0914-CC07-021,2026-09-14,CC07,F07021,5.7,3.85
COL-0914-CC07-022,2026-09-14,CC07,F07022,18.9,3.22
COL-0914-CC07-023,2026-09-14,CC07,F07023,31.0,3.45
COL-0914-CC07-024,2026-09-14,CC07,F07024,45.7,3.77
COL-0914-CC07-025,2026-09-14,CC07,F07025,10.6,3.98
COL-0914-CC08-000,2026-09-14,CC08,F08000,22.4,4.0
COL-0914-CC08-001,2026-09-14,CC08,F08001,18.4,3.59
COL-0914-CC08-002,2026-09-14,CC08,F08002,29.5,3.48
COL-0914-CC08-003,2026-09-14,CC08,F08003,18.2,4.01
COL-0914-CC08-004,2026-09-14,CC08,F08004,31.7,4.18
COL-0914-CC08-005,2026-09-14,CC08,F08005,40.8,3.56
COL-0914-CC08-006,2026-09-14,CC08,F08006,28.1,3.52
COL-0914-CC08-007,2026-09-14,CC08,F08007,15.9,3.75
COL-0914-CC08-008,2026-09-14,CC08,F08008,30.7,3.62
COL-0914-CC08-009,2026-09-14,CC08,F08009,58.6,4.09
COL-0914-CC08-010,2026-09-14,CC08,F08010,34.2,4.11
COL-0914-CC08-011,2026-09-14,CC08,F08011,44.3,4.04
COL-0914-CC08-012,2026-09-14,CC08,F08012,27.9,3.61
COL-0914-CC08-013,2026-09-14,CC08,F08013,18.6,3.52
COL-0914-CC08-014,2026-09-14,CC08,F08014,61.7,3.69
COL-0914-CC08-015,2026-09-14,CC08,F08015,5.8,3.83
COL-0914-CC08-016,2026-09-14,CC08,F08016,24.4,4.06
COL-0914-CC08-017,2026-09-14,CC08,F08017,61.7,3.93
COL-0914-CC08-018,2026-09-14,CC08,F08018,41.0,3.69
COL-0914-CC08-019,2026-09-14,CC08,F08019,45.3,3.97
COL-0914-CC08-020,2026-09-14,CC08,F08020,13.1,4.04
COL-0914-CC08-021,2026-09-14,CC08,F08021,19.4,3.76
COL-0914-CC08-022,2026-09-14,CC08,F08022,8.0,3.5
COL-0914-CC08-023,2026-09-14,CC08,F08023,25.0,3.94
COL-0914-CC08-024,2026-09-14,CC08,F08024,20.2,4.1
COL-0914-CC08-025,2026-09-14,CC08,F08025,27.6,4.01
COL-0914-CC08-026,2026-09-14,CC08,F08026,13.4,3.49
COL-0914-CC08-027,2026-09-14,CC08,F08027,53.2,3.93
COL-0914-CC08-028,2026-09-14,CC08,F08028,18.5,3.83
COL-0914-CC08-029,2026-09-14,CC08,F08029,26.6,3.73
COL-0914-CC08-030,2026-09-14,CC08,F08030,48.7,3.76
COL-0914-CC08-031,2026-09-14,CC08,F08031,29.5,3.64
COL-0914-CC08-032,2026-09-14,CC08,F08032,34.1,3.6
COL-0914-CC08-033,2026-09-14,CC08,F08033,16.5,3.9
COL-0914-CC08-034,2026-09-14,CC08,F08034,71.2,3.8
COL-0914-CC08-035,2026-09-14,CC08,F08035,57.7,3.84
COL-0914-CC08-036,2026-09-14,CC08,F08036,38.4,3.45
COL-0914-CC08-037,2026-09-14,CC08,F08037,39.4,3.87
COL-0914-CC08-038,2026-09-14,CC08,F08038,36.9,4.29
COL-0915-CC01-000,2026-09-15,CC01,F01000,42.6,3.85
COL-0915-CC01-001,2026-09-15,CC01,F01001,45.7,3.46
COL-0915-CC01-002,2026-09-15,CC01,F01002,25.3,4.14
COL-0915-CC01-003,2026-09-15,CC01,F01003,53.3,4.22
COL-0915-CC01-004,2026-09-15,CC01,F01004,27.1,4.17
COL-0915-CC01-005,2026-09-15,CC01,F01005,30.2,3.69
COL-0915-CC01-006,2026-09-15,CC01,F01006,86.4,3.97
COL-0915-CC01-007,2026-09-15,CC01,F01007,45.1,3.6
COL-0915-CC01-008,2026-09-15,CC01,F01008,34.7,4.18
COL-0915-CC01-009,2026-09-15,CC01,F01009,73.0,3.68
COL-0915-CC01-010,2026-09-15,CC01,F01010,32.0,3.45
COL-0915-CC01-011,2026-09-15,CC01,F01011,29.2,3.75
COL-0915-CC01-012,2026-09-15,CC01,F01012,35.6,3.98
COL-0915-CC01-013,2026-09-15,CC01,F01013,21.9,3.78
COL-0915-CC01-014,2026-09-15,CC01,F01014,8.7,3.76
COL-0915-CC01-015,2026-09-15,CC01,F01015,41.5,3.52
COL-0915-CC01-016,2026-09-15,CC01,F01016,33.7,3.84
COL-0915-CC01-017,2026-09-15,CC01,F01017,31.7,3.78
COL-0915-CC01-018,2026-09-15,CC01,F01018,22.2,3.83
COL-0915-CC01-019,2026-09-15,CC01,F01019,24.7,3.76
COL-0915-CC01-020,2026-09-15,CC01,F01020,37.6,3.79
COL-0915-CC01-021,2026-09-15,CC01,F01021,18.2,3.56
COL-0915-CC01-022,2026-09-15,CC01,F01022,26.2,4.36
COL-0915-CC01-023,2026-09-15,CC01,F01023,63.8,3.31
COL-0915-CC01-024,2026-09-15,CC01,F01024,16.1,3.88
COL-0915-CC01-025,2026-09-15,CC01,F01025,62.3,4.16
COL-0915-CC01-026,2026-09-15,CC01,F01026,12.6,3.28
COL-0915-CC01-027,2026-09-15,CC01,F01027,24.6,3.3
COL-0915-CC01-028,2026-09-15,CC01,F01028,20.4,4.03
COL-0915-CC01-029,2026-09-15,CC01,F01029,44.7,4.59
COL-0915-CC01-030,2026-09-15,CC01,F01030,95.3,4.13
COL-0915-CC01-031,2026-09-15,CC01,F01031,30.8,3.69
COL-0915-CC01-032,2026-09-15,CC01,F01032,30.2,3.64
COL-0915-CC01-033,2026-09-15,CC01,F01033,29.3,3.63
COL-0915-CC01-034,2026-09-15,CC01,F01034,19.9,3.41
COL-0915-CC01-035,2026-09-15,CC01,F01035,29.1,3.61
COL-0915-CC01-036,2026-09-15,CC01,F01036,38.0,4.07
COL-0915-CC02-000,2026-09-15,CC02,F02000,20.3,3.22
COL-0915-CC02-001,2026-09-15,CC02,F02001,32.3,3.77
COL-0915-CC02-002,2026-09-15,CC02,F02002,30.9,4.06
COL-0915-CC02-003,2026-09-15,CC02,F02003,29.9,4.21
COL-0915-CC02-004,2026-09-15,CC02,F02004,33.9,3.97
COL-0915-CC02-005,2026-09-15,CC02,F02005,29.0,4.25
COL-0915-CC02-006,2026-09-15,CC02,F02006,30.3,3.92
COL-0915-CC02-007,2026-09-15,CC02,F02007,21.3,3.76
COL-0915-CC02-008,2026-09-15,CC02,F02008,26.8,3.9
COL-0915-CC02-009,2026-09-15,CC02,F02009,33.1,4.53
COL-0915-CC02-010,2026-09-15,CC02,F02010,48.0,4.45
COL-0915-CC02-011,2026-09-15,CC02,F02011,22.3,3.92
COL-0915-CC02-012,2026-09-15,CC02,F02012,33.3,3.95
COL-0915-CC02-013,2026-09-15,CC02,F02013,46.5,3.96
COL-0915-CC02-014,2026-09-15,CC02,F02014,37.6,3.36
COL-0915-CC02-015,2026-09-15,CC02,F02015,25.3,3.65
COL-0915-CC02-016,2026-09-15,CC02,F02016,19.8,3.85
COL-0915-CC02-017,2026-09-15,CC02,F02017,34.4,3.57
COL-0915-CC02-018,2026-09-15,CC02,F02018,15.9,3.74
COL-0915-CC02-019,2026-09-15,CC02,F02019,31.2,3.44
COL-0915-CC02-020,2026-09-15,CC02,F02020,30.3,3.77
COL-0915-CC02-021,2026-09-15,CC02,F02021,41.6,4.09
COL-0915-CC02-022,2026-09-15,CC02,F02022,37.1,3.81
COL-0915-CC02-023,2026-09-15,CC02,F02023,31.5,4.04
COL-0915-CC02-024,2026-09-15,CC02,F02024,26.2,3.75
COL-0915-CC02-025,2026-09-15,CC02,F02025,26.7,3.56
COL-0915-CC02-026,2026-09-15,CC02,F02026,40.3,3.83
COL-0915-CC02-027,2026-09-15,CC02,F02027,26.7,3.27
COL-0915-CC02-028,2026-09-15,CC02,F02028,4.1,3.57
COL-0915-CC02-029,2026-09-15,CC02,F02029,26.8,3.7
COL-0915-CC02-030,2026-09-15,CC02,F02030,39.4,3.63
COL-0915-CC02-031,2026-09-15,CC02,F02031,23.1,3.9
COL-0915-CC03-000,2026-09-15,CC03,F03000,20.1,4.12
COL-0915-CC03-001,2026-09-15,CC03,F03001,39.3,3.72
COL-0915-CC03-002,2026-09-15,CC03,F03002,91.7,3.87
COL-0915-CC03-003,2026-09-15,CC03,F03003,55.7,3.95
COL-0915-CC03-004,2026-09-15,CC03,F03004,27.9,3.76
COL-0915-CC03-005,2026-09-15,CC03,F03005,5.7,3.66
COL-0915-CC03-006,2026-09-15,CC03,F03006,23.0,3.61
COL-0915-CC03-007,2026-09-15,CC03,F03007,34.9,3.73
COL-0915-CC03-008,2026-09-15,CC03,F03008,38.4,3.8
COL-0915-CC03-009,2026-09-15,CC03,F03009,19.9,4.08
COL-0915-CC03-010,2026-09-15,CC03,F03010,18.9,3.81
COL-0915-CC03-011,2026-09-15,CC03,F03011,48.6,3.63
COL-0915-CC03-012,2026-09-15,CC03,F03012,32.8,3.47
COL-0915-CC03-013,2026-09-15,CC03,F03013,40.3,3.56
COL-0915-CC03-014,2026-09-15,CC03,F03014,39.4,3.91
COL-0915-CC03-015,2026-09-15,CC03,F03015,43.5,3.82
COL-0915-CC03-016,2026-09-15,CC03,F03016,33.5,4.19
COL-0915-CC03-017,2026-09-15,CC03,F03017,46.1,3.75
COL-0915-CC03-018,2026-09-15,CC03,F03018,24.0,3.67
COL-0915-CC03-019,2026-09-15,CC03,F03019,13.6,4.21
COL-0915-CC03-020,2026-09-15,CC03,F03020,20.5,4.08
COL-0915-CC03-021,2026-09-15,CC03,F03021,30.0,4.15
COL-0915-CC03-022,2026-09-15,CC03,F03022,28.6,3.43
COL-0915-CC03-023,2026-09-15,CC03,F03023,46.4,3.78
COL-0915-CC03-024,2026-09-15,CC03,F03024,40.8,3.86
COL-0915-CC03-025,2026-09-15,CC03,F03025,17.9,3.85
COL-0915-CC03-026,2026-09-15,CC03,F03026,53.1,3.1
COL-0915-CC03-027,2026-09-15,CC03,F03027,7.7,3.81
COL-0915-CC03-028,2026-09-15,CC03,F03028,37.6,3.79
COL-0915-CC04-000,2026-09-15,CC04,F04000,26.4,3.82
COL-0915-CC04-001,2026-09-15,CC04,F04001,39.7,4.26
COL-0915-CC04-002,2026-09-15,CC04,F04002,16.8,4.44
COL-0915-CC04-003,2026-09-15,CC04,F04003,63.0,3.73
COL-0915-CC04-004,2026-09-15,CC04,F04004,13.6,3.37
COL-0915-CC04-005,2026-09-15,CC04,F04005,16.9,3.67
COL-0915-CC04-006,2026-09-15,CC04,F04006,16.0,3.86
COL-0915-CC04-007,2026-09-15,CC04,F04007,36.2,3.17
COL-0915-CC04-008,2026-09-15,CC04,F04008,26.0,3.58
COL-0915-CC04-009,2026-09-15,CC04,F04009,37.9,3.83
COL-0915-CC04-010,2026-09-15,CC04,F04010,18.6,3.91
COL-0915-CC04-011,2026-09-15,CC04,F04011,15.2,3.21
COL-0915-CC04-012,2026-09-15,CC04,F04012,30.4,3.77
COL-0915-CC04-013,2026-09-15,CC04,F04013,48.7,3.82
COL-0915-CC04-014,2026-09-15,CC04,F04014,32.5,4.12
COL-0915-CC04-015,2026-09-15,CC04,F04015,11.2,3.88
COL-0915-CC04-016,2026-09-15,CC04,F04016,49.9,4.11
COL-0915-CC04-017,2026-09-15,CC04,F04017,48.6,3.96
COL-0915-CC04-018,2026-09-15,CC04,F04018,17.4,3.53
COL-0915-CC04-019,2026-09-15,CC04,F04019,60.0,4.63
COL-0915-CC04-020,2026-09-15,CC04,F04020,37.2,3.99
COL-0915-CC04-021,2026-09-15,CC04,F04021,45.0,3.87
COL-0915-CC04-022,2026-09-15,CC04,F04022,18.9,3.67
COL-0915-CC04-023,2026-09-15,CC04,F04023,20.8,4.27
COL-0915-CC04-024,2026-09-15,CC04,F04024,45.2,3.82
COL-0915-CC05-000,2026-09-15,CC05,F05000,20.8,3.63
COL-0915-CC05-001,2026-09-15,CC05,F05001,32.8,3.89
COL-0915-CC05-002,2026-09-15,CC05,F05002,17.1,4.65
COL-0915-CC05-003,2026-09-15,CC05,F05003,22.7,3.66
COL-0915-CC05-004,2026-09-15,CC05,F05004,57.5,3.5
COL-0915-CC05-005,2026-09-15,CC05,F05005,63.7,3.27
COL-0915-CC05-006,2026-09-15,CC05,F05006,26.0,3.17
COL-0915-CC05-007,2026-09-15,CC05,F05007,6.5,3.92
COL-0915-CC05-008,2026-09-15,CC05,F05008,8.9,3.9
COL-0915-CC05-009,2026-09-15,CC05,F05009,17.0,3.61
COL-0915-CC05-010,2026-09-15,CC05,F05010,51.2,3.92
COL-0915-CC05-011,2026-09-15,CC05,F05011,41.9,3.98
COL-0915-CC05-012,2026-09-15,CC05,F05012,37.2,3.56
COL-0915-CC05-013,2026-09-15,CC05,F05013,51.8,3.88
COL-0915-CC05-014,2026-09-15,CC05,F05014,27.7,4.06
COL-0915-CC05-015,2026-09-15,CC05,F05015,5.2,3.34
COL-0915-CC05-016,2026-09-15,CC05,F05016,38.0,3.75
COL-0915-CC05-017,2026-09-15,CC05,F05017,31.4,3.82
COL-0915-CC05-018,2026-09-15,CC05,F05018,14.5,3.24
COL-0915-CC05-019,2026-09-15,CC05,F05019,33.8,4.55
COL-0915-CC05-020,2026-09-15,CC05,F05020,13.9,4.13
COL-0915-CC05-021,2026-09-15,CC05,F05021,27.9,4.39
COL-0915-CC05-022,2026-09-15,CC05,F05022,14.1,3.35
COL-0915-CC05-023,2026-09-15,CC05,F05023,48.4,3.78
COL-0915-CC05-024,2026-09-15,CC05,F05024,23.6,4.16
COL-0915-CC05-025,2026-09-15,CC05,F05025,73.5,3.65
COL-0915-CC05-026,2026-09-15,CC05,F05026,64.6,4.45
COL-0915-CC05-027,2026-09-15,CC05,F05027,23.0,3.46
COL-0915-CC05-028,2026-09-15,CC05,F05028,18.1,3.79
COL-0915-CC05-029,2026-09-15,CC05,F05029,28.7,3.69
COL-0915-CC05-030,2026-09-15,CC05,F05030,48.8,3.29
COL-0915-CC05-031,2026-09-15,CC05,F05031,46.5,3.73
COL-0915-CC05-032,2026-09-15,CC05,F05032,27.6,3.8
COL-0915-CC05-033,2026-09-15,CC05,F05033,46.9,3.47
COL-0915-CC05-034,2026-09-15,CC05,F05034,37.8,3.65
COL-0915-CC05-035,2026-09-15,CC05,F05035,12.1,4.1
COL-0915-CC05-036,2026-09-15,CC05,F05036,33.8,4.07
COL-0915-CC05-037,2026-09-15,CC05,F05037,32.2,3.94
COL-0915-CC05-038,2026-09-15,CC05,F05038,19.0,4.02
COL-0915-CC05-039,2026-09-15,CC05,F05039,42.4,4.21
COL-0915-CC05-040,2026-09-15,CC05,F05040,24.7,3.75
COL-0915-CC05-041,2026-09-15,CC05,F05041,11.5,3.58
COL-0915-CC05-042,2026-09-15,CC05,F05042,51.9,3.84
COL-0915-CC06-000,2026-09-15,CC06,F06000,34.8,4.12
COL-0915-CC06-001,2026-09-15,CC06,F06001,17.0,4.18
COL-0915-CC06-002,2026-09-15,CC06,F06002,26.6,4.17
COL-0915-CC06-003,2026-09-15,CC06,F06003,50.5,3.89
COL-0915-CC06-004,2026-09-15,CC06,F06004,31.6,4.1
COL-0915-CC06-005,2026-09-15,CC06,F06005,45.2,3.49
COL-0915-CC06-006,2026-09-15,CC06,F06006,15.6,3.68
COL-0915-CC06-007,2026-09-15,CC06,F06007,47.3,4.01
COL-0915-CC06-008,2026-09-15,CC06,F06008,31.4,3.12
COL-0915-CC06-009,2026-09-15,CC06,F06009,46.7,3.31
COL-0915-CC06-010,2026-09-15,CC06,F06010,40.2,4.02
COL-0915-CC06-011,2026-09-15,CC06,F06011,33.1,3.86
COL-0915-CC06-012,2026-09-15,CC06,F06012,12.1,3.72
COL-0915-CC06-013,2026-09-15,CC06,F06013,16.2,3.74
COL-0915-CC06-014,2026-09-15,CC06,F06014,55.9,4.26
COL-0915-CC06-015,2026-09-15,CC06,F06015,24.9,3.94
COL-0915-CC06-016,2026-09-15,CC06,F06016,17.9,3.69
COL-0915-CC06-017,2026-09-15,CC06,F06017,46.4,3.35
COL-0915-CC06-018,2026-09-15,CC06,F06018,23.9,3.84
COL-0915-CC06-019,2026-09-15,CC06,F06019,22.3,3.45
COL-0915-CC06-020,2026-09-15,CC06,F06020,29.3,3.74
COL-0915-CC06-021,2026-09-15,CC06,F06021,60.9,3.57
COL-0915-CC06-022,2026-09-15,CC06,F06022,14.6,4.19
COL-0915-CC06-023,2026-09-15,CC06,F06023,50.3,3.58
COL-0915-CC06-024,2026-09-15,CC06,F06024,44.8,3.79
COL-0915-CC06-025,2026-09-15,CC06,F06025,15.9,4.24
COL-0915-CC06-026,2026-09-15,CC06,F06026,25.1,3.11
COL-0915-CC06-027,2026-09-15,CC06,F06027,55.5,3.64
COL-0915-CC06-028,2026-09-15,CC06,F06028,9.8,3.31
COL-0915-CC06-029,2026-09-15,CC06,F06029,19.6,4.29
COL-0915-CC06-030,2026-09-15,CC06,F06030,25.5,3.94
COL-0915-CC06-031,2026-09-15,CC06,F06031,18.3,3.78
COL-0915-CC06-032,2026-09-15,CC06,F06032,24.7,3.85
COL-0915-CC06-033,2026-09-15,CC06,F06033,63.4,4.04
COL-0915-CC06-034,2026-09-15,CC06,F06034,24.8,3.99
COL-0915-CC06-035,2026-09-15,CC06,F06035,38.0,3.84
COL-0915-CC06-036,2026-09-15,CC06,F06036,14.5,4.1
COL-0915-CC06-037,2026-09-15,CC06,F06037,21.1,3.93
COL-0915-CC06-038,2026-09-15,CC06,F06038,32.9,4.42
COL-0915-CC06-039,2026-09-15,CC06,F06039,12.1,3.47
COL-0915-CC06-040,2026-09-15,CC06,F06040,35.3,3.71
COL-0915-CC06-041,2026-09-15,CC06,F06041,47.1,4.05
COL-0915-CC06-042,2026-09-15,CC06,F06042,32.1,4.07
COL-0915-CC06-043,2026-09-15,CC06,F06043,39.0,3.65
COL-0915-CC06-044,2026-09-15,CC06,F06044,78.1,4.22
COL-0915-CC06-045,2026-09-15,CC06,F06045,36.6,4.1
COL-0915-CC07-000,2026-09-15,CC07,F07000,36.4,3.96
COL-0915-CC07-001,2026-09-15,CC07,F07001,23.8,3.94
COL-0915-CC07-002,2026-09-15,CC07,F07002,68.3,4.54
COL-0915-CC07-003,2026-09-15,CC07,F07003,40.0,3.37
COL-0915-CC07-004,2026-09-15,CC07,F07004,61.6,3.87
COL-0915-CC07-005,2026-09-15,CC07,F07005,16.6,3.96
COL-0915-CC07-006,2026-09-15,CC07,F07006,22.1,4.0
COL-0915-CC07-007,2026-09-15,CC07,F07007,41.9,3.61
COL-0915-CC07-008,2026-09-15,CC07,F07008,21.0,3.69
COL-0915-CC07-009,2026-09-15,CC07,F07009,9.4,3.37
COL-0915-CC07-010,2026-09-15,CC07,F07010,25.6,3.65
COL-0915-CC07-011,2026-09-15,CC07,F07011,51.9,3.23
COL-0915-CC07-012,2026-09-15,CC07,F07012,29.1,4.04
COL-0915-CC07-013,2026-09-15,CC07,F07013,29.2,3.75
COL-0915-CC07-014,2026-09-15,CC07,F07014,36.1,3.49
COL-0915-CC07-015,2026-09-15,CC07,F07015,32.2,4.23
COL-0915-CC07-016,2026-09-15,CC07,F07016,11.1,3.8
COL-0915-CC07-017,2026-09-15,CC07,F07017,26.4,3.5
COL-0915-CC07-018,2026-09-15,CC07,F07018,20.8,3.94
COL-0915-CC07-019,2026-09-15,CC07,F07019,16.8,3.65
COL-0915-CC07-020,2026-09-15,CC07,F07020,25.5,3.21
COL-0915-CC07-021,2026-09-15,CC07,F07021,92.5,3.82
COL-0915-CC07-022,2026-09-15,CC07,F07022,27.9,4.26
COL-0915-CC07-023,2026-09-15,CC07,F07023,30.2,3.28
COL-0915-CC07-024,2026-09-15,CC07,F07024,30.7,3.67
COL-0915-CC07-025,2026-09-15,CC07,F07025,29.6,4.01
COL-0915-CC07-026,2026-09-15,CC07,F07026,48.0,3.89
COL-0915-CC08-000,2026-09-15,CC08,F08000,29.7,3.57
COL-0915-CC08-001,2026-09-15,CC08,F08001,36.1,3.91
COL-0915-CC08-002,2026-09-15,CC08,F08002,24.8,3.53
COL-0915-CC08-003,2026-09-15,CC08,F08003,18.4,3.83
COL-0915-CC08-004,2026-09-15,CC08,F08004,13.1,3.67
COL-0915-CC08-005,2026-09-15,CC08,F08005,34.4,3.59
COL-0915-CC08-006,2026-09-15,CC08,F08006,23.0,3.62
COL-0915-CC08-007,2026-09-15,CC08,F08007,16.3,3.63
COL-0915-CC08-008,2026-09-15,CC08,F08008,21.1,4.04
COL-0915-CC08-009,2026-09-15,CC08,F08009,16.9,3.58
COL-0915-CC08-010,2026-09-15,CC08,F08010,31.6,3.91
COL-0915-CC08-011,2026-09-15,CC08,F08011,60.8,3.96
COL-0915-CC08-012,2026-09-15,CC08,F08012,30.1,4.46
COL-0915-CC08-013,2026-09-15,CC08,F08013,33.4,4.1
COL-0915-CC08-014,2026-09-15,CC08,F08014,28.6,3.52
COL-0915-CC08-015,2026-09-15,CC08,F08015,29.7,3.44
COL-0915-CC08-016,2026-09-15,CC08,F08016,11.4,3.83
COL-0915-CC08-017,2026-09-15,CC08,F08017,62.0,3.95
COL-0915-CC08-018,2026-09-15,CC08,F08018,55.0,3.61
COL-0915-CC08-019,2026-09-15,CC08,F08019,19.1,4.09
COL-0915-CC08-020,2026-09-15,CC08,F08020,35.1,3.23
COL-0915-CC08-021,2026-09-15,CC08,F08021,18.4,3.19
COL-0915-CC08-022,2026-09-15,CC08,F08022,58.3,3.58
COL-0915-CC08-023,2026-09-15,CC08,F08023,44.7,3.99
COL-0915-CC08-024,2026-09-15,CC08,F08024,37.3,4.08
COL-0915-CC08-025,2026-09-15,CC08,F08025,33.9,3.83
COL-0915-CC08-026,2026-09-15,CC08,F08026,35.8,4.24
COL-0915-CC08-027,2026-09-15,CC08,F08027,31.2,3.95
COL-0916-CC01-000,2026-09-16,CC01,F01000,35.0,4.13
COL-0916-CC01-001,2026-09-16,CC01,F01001,50.3,4.38
COL-0916-CC01-002,2026-09-16,CC01,F01002,9.8,3.77
COL-0916-CC01-003,2026-09-16,CC01,F01003,36.4,4.34
COL-0916-CC01-004,2026-09-16,CC01,F01004,32.4,4.31
COL-0916-CC01-005,2026-09-16,CC01,F01005,29.3,3.64
COL-0916-CC01-006,2026-09-16,CC01,F01006,49.8,3.72
COL-0916-CC01-007,2026-09-16,CC01,F01007,29.7,3.66
COL-0916-CC01-008,2026-09-16,CC01,F01008,25.4,4.11
COL-0916-CC01-009,2026-09-16,CC01,F01009,31.2,4.22
COL-0916-CC01-010,2026-09-16,CC01,F01010,19.2,3.67
COL-0916-CC01-011,2026-09-16,CC01,F01011,21.3,3.36
COL-0916-CC01-012,2026-09-16,CC01,F01012,53.6,3.84
COL-0916-CC01-013,2026-09-16,CC01,F01013,51.5,4.21
COL-0916-CC01-014,2026-09-16,CC01,F01014,19.5,3.94
COL-0916-CC01-015,2026-09-16,CC01,F01015,55.6,3.82
COL-0916-CC01-016,2026-09-16,CC01,F01016,35.2,3.33
COL-0916-CC01-017,2026-09-16,CC01,F01017,25.5,4.01
COL-0916-CC01-018,2026-09-16,CC01,F01018,15.8,3.73
COL-0916-CC01-019,2026-09-16,CC01,F01019,21.8,3.83
COL-0916-CC01-020,2026-09-16,CC01,F01020,15.6,3.86
COL-0916-CC01-021,2026-09-16,CC01,F01021,9.9,3.68
COL-0916-CC01-022,2026-09-16,CC01,F01022,92.8,3.54
COL-0916-CC01-023,2026-09-16,CC01,F01023,36.0,3.86
COL-0916-CC01-024,2026-09-16,CC01,F01024,21.0,3.99
COL-0916-CC01-025,2026-09-16,CC01,F01025,20.3,4.34
COL-0916-CC01-026,2026-09-16,CC01,F01026,37.4,3.74
COL-0916-CC01-027,2026-09-16,CC01,F01027,49.2,3.51
COL-0916-CC01-028,2026-09-16,CC01,F01028,21.5,4.38
COL-0916-CC01-029,2026-09-16,CC01,F01029,40.3,4.14
COL-0916-CC01-030,2026-09-16,CC01,F01030,41.0,3.6
COL-0916-CC01-031,2026-09-16,CC01,F01031,24.0,3.75
COL-0916-CC01-032,2026-09-16,CC01,F01032,24.1,3.84
COL-0916-CC02-000,2026-09-16,CC02,F02000,34.5,3.58
COL-0916-CC02-001,2026-09-16,CC02,F02001,33.9,3.42
COL-0916-CC02-002,2026-09-16,CC02,F02002,21.6,3.91
COL-0916-CC02-003,2026-09-16,CC02,F02003,19.4,3.77
COL-0916-CC02-004,2026-09-16,CC02,F02004,14.6,4.22
COL-0916-CC02-005,2026-09-16,CC02,F02005,10.7,3.41
COL-0916-CC02-006,2026-09-16,CC02,F02006,44.0,3.42
COL-0916-CC02-007,2026-09-16,CC02,F02007,47.1,4.13
COL-0916-CC02-008,2026-09-16,CC02,F02008,41.6,3.54
COL-0916-CC02-009,2026-09-16,CC02,F02009,29.4,3.48
COL-0916-CC02-010,2026-09-16,CC02,F02010,20.3,3.18
COL-0916-CC02-011,2026-09-16,CC02,F02011,39.6,3.53
COL-0916-CC02-012,2026-09-16,CC02,F02012,13.8,3.98
COL-0916-CC02-013,2026-09-16,CC02,F02013,6.6,4.08
COL-0916-CC02-014,2026-09-16,CC02,F02014,41.4,3.24
COL-0916-CC02-015,2026-09-16,CC02,F02015,54.0,3.9
COL-0916-CC02-016,2026-09-16,CC02,F02016,34.1,3.51
COL-0916-CC02-017,2026-09-16,CC02,F02017,7.3,3.58
COL-0916-CC02-018,2026-09-16,CC02,F02018,23.4,3.98
COL-0916-CC02-019,2026-09-16,CC02,F02019,39.0,3.74
COL-0916-CC02-020,2026-09-16,CC02,F02020,56.7,3.88
COL-0916-CC02-021,2026-09-16,CC02,F02021,26.4,3.98
COL-0916-CC02-022,2026-09-16,CC02,F02022,29.9,3.97
COL-0916-CC02-023,2026-09-16,CC02,F02023,70.3,3.89
COL-0916-CC02-024,2026-09-16,CC02,F02024,5.6,4.05
COL-0916-CC02-025,2026-09-16,CC02,F02025,12.0,3.64
COL-0916-CC02-026,2026-09-16,CC02,F02026,59.1,3.52
COL-0916-CC02-027,2026-09-16,CC02,F02027,19.7,3.54
COL-0916-CC02-028,2026-09-16,CC02,F02028,49.1,3.8
COL-0916-CC02-029,2026-09-16,CC02,F02029,65.9,3.55
COL-0916-CC02-030,2026-09-16,CC02,F02030,34.6,3.86
COL-0916-CC02-031,2026-09-16,CC02,F02031,18.4,3.75
COL-0916-CC02-032,2026-09-16,CC02,F02032,42.6,4.25
COL-0916-CC02-033,2026-09-16,CC02,F02033,8.5,3.51
COL-0916-CC02-034,2026-09-16,CC02,F02034,41.1,4.16
COL-0916-CC02-035,2026-09-16,CC02,F02035,36.9,4.01
COL-0916-CC02-036,2026-09-16,CC02,F02036,20.8,4.49
COL-0916-CC02-037,2026-09-16,CC02,F02037,29.0,3.61
COL-0916-CC02-038,2026-09-16,CC02,F02038,32.2,3.97
COL-0916-CC03-000,2026-09-16,CC03,F03000,58.4,3.89
COL-0916-CC03-001,2026-09-16,CC03,F03001,20.2,3.44
COL-0916-CC03-002,2026-09-16,CC03,F03002,50.5,4.55
COL-0916-CC03-003,2026-09-16,CC03,F03003,41.6,3.98
COL-0916-CC03-004,2026-09-16,CC03,F03004,30.6,4.12
COL-0916-CC03-005,2026-09-16,CC03,F03005,74.6,4.17
COL-0916-CC03-006,2026-09-16,CC03,F03006,21.3,3.8
COL-0916-CC03-007,2026-09-16,CC03,F03007,26.7,3.77
COL-0916-CC03-008,2026-09-16,CC03,F03008,41.0,3.53
COL-0916-CC03-009,2026-09-16,CC03,F03009,19.9,3.79
COL-0916-CC03-010,2026-09-16,CC03,F03010,16.8,3.76
COL-0916-CC03-011,2026-09-16,CC03,F03011,14.4,3.25
COL-0916-CC03-012,2026-09-16,CC03,F03012,40.3,3.88
COL-0916-CC03-013,2026-09-16,CC03,F03013,32.0,3.45
COL-0916-CC03-014,2026-09-16,CC03,F03014,71.3,3.75
COL-0916-CC03-015,2026-09-16,CC03,F03015,48.5,4.49
COL-0916-CC03-016,2026-09-16,CC03,F03016,20.0,4.32
COL-0916-CC03-017,2026-09-16,CC03,F03017,17.6,3.36
COL-0916-CC03-018,2026-09-16,CC03,F03018,92.0,3.86
COL-0916-CC03-019,2026-09-16,CC03,F03019,19.0,3.91
COL-0916-CC03-020,2026-09-16,CC03,F03020,17.3,4.28
COL-0916-CC03-021,2026-09-16,CC03,F03021,33.6,4.41
COL-0916-CC03-022,2026-09-16,CC03,F03022,10.6,3.82
COL-0916-CC03-023,2026-09-16,CC03,F03023,29.8,3.65
COL-0916-CC03-024,2026-09-16,CC03,F03024,44.2,3.93
COL-0916-CC03-025,2026-09-16,CC03,F03025,14.7,3.96
COL-0916-CC03-026,2026-09-16,CC03,F03026,34.8,3.26
COL-0916-CC03-027,2026-09-16,CC03,F03027,36.4,3.9
COL-0916-CC03-028,2026-09-16,CC03,F03028,21.2,3.69
COL-0916-CC03-029,2026-09-16,CC03,F03029,31.8,4.31
COL-0916-CC03-030,2026-09-16,CC03,F03030,26.5,4.0
COL-0916-CC03-031,2026-09-16,CC03,F03031,23.6,3.89
COL-0916-CC03-032,2026-09-16,CC03,F03032,19.7,4.06
COL-0916-CC03-033,2026-09-16,CC03,F03033,57.8,3.76
COL-0916-CC03-034,2026-09-16,CC03,F03034,36.6,3.86
COL-0916-CC04-000,2026-09-16,CC04,F04000,48.4,3.36
COL-0916-CC04-001,2026-09-16,CC04,F04001,50.4,3.62
COL-0916-CC04-002,2026-09-16,CC04,F04002,33.1,4.0
COL-0916-CC04-003,2026-09-16,CC04,F04003,26.3,3.49
COL-0916-CC04-004,2026-09-16,CC04,F04004,17.6,3.91
COL-0916-CC04-005,2026-09-16,CC04,F04005,15.8,3.67
COL-0916-CC04-006,2026-09-16,CC04,F04006,14.9,4.02
COL-0916-CC04-007,2026-09-16,CC04,F04007,73.2,3.39
COL-0916-CC04-008,2026-09-16,CC04,F04008,28.0,4.41
COL-0916-CC04-009,2026-09-16,CC04,F04009,19.6,3.52
COL-0916-CC04-010,2026-09-16,CC04,F04010,31.8,3.61
COL-0916-CC04-011,2026-09-16,CC04,F04011,8.9,3.43
COL-0916-CC04-012,2026-09-16,CC04,F04012,35.2,4.2
COL-0916-CC04-013,2026-09-16,CC04,F04013,43.3,3.93
COL-0916-CC04-014,2026-09-16,CC04,F04014,16.4,3.83
COL-0916-CC04-015,2026-09-16,CC04,F04015,4.9,4.25
COL-0916-CC04-016,2026-09-16,CC04,F04016,11.6,3.45
COL-0916-CC04-017,2026-09-16,CC04,F04017,37.9,3.53
COL-0916-CC04-018,2026-09-16,CC04,F04018,35.7,3.89
COL-0916-CC04-019,2026-09-16,CC04,F04019,32.8,3.56
COL-0916-CC04-020,2026-09-16,CC04,F04020,27.0,3.71
COL-0916-CC04-021,2026-09-16,CC04,F04021,33.7,3.75
COL-0916-CC04-022,2026-09-16,CC04,F04022,22.7,3.72
COL-0916-CC04-023,2026-09-16,CC04,F04023,27.0,3.89
COL-0916-CC04-024,2026-09-16,CC04,F04024,11.0,3.47
COL-0916-CC04-025,2026-09-16,CC04,F04025,17.3,4.12
COL-0916-CC04-026,2026-09-16,CC04,F04026,31.5,3.81
COL-0916-CC04-027,2026-09-16,CC04,F04027,14.2,3.59
COL-0916-CC04-028,2026-09-16,CC04,F04028,36.8,3.64
COL-0916-CC04-029,2026-09-16,CC04,F04029,35.7,3.89
COL-0916-CC04-030,2026-09-16,CC04,F04030,36.4,3.77
COL-0916-CC04-031,2026-09-16,CC04,F04031,46.4,3.96
COL-0916-CC04-032,2026-09-16,CC04,F04032,15.8,4.24
COL-0916-CC04-033,2026-09-16,CC04,F04033,46.6,3.8
COL-0916-CC04-034,2026-09-16,CC04,F04034,6.8,3.33
COL-0916-CC04-035,2026-09-16,CC04,F04035,47.3,3.9
COL-0916-CC04-036,2026-09-16,CC04,F04036,37.1,3.85
COL-0916-CC04-037,2026-09-16,CC04,F04037,21.3,3.85
COL-0916-CC04-038,2026-09-16,CC04,F04038,30.8,3.75
COL-0916-CC04-039,2026-09-16,CC04,F04039,19.4,3.32
COL-0916-CC04-040,2026-09-16,CC04,F04040,31.9,3.72
COL-0916-CC04-041,2026-09-16,CC04,F04041,9.5,3.86
COL-0916-CC04-042,2026-09-16,CC04,F04042,67.9,3.75
COL-0916-CC04-043,2026-09-16,CC04,F04043,24.0,4.27
COL-0916-CC04-044,2026-09-16,CC04,F04044,53.6,4.31
COL-0916-CC04-045,2026-09-16,CC04,F04045,28.5,3.22
COL-0916-CC04-046,2026-09-16,CC04,F04046,17.7,4.39
COL-0916-CC04-047,2026-09-16,CC04,F04047,46.1,3.45
COL-0916-CC04-048,2026-09-16,CC04,F04048,9.5,3.67
COL-0916-CC05-000,2026-09-16,CC05,F05000,31.3,3.68
COL-0916-CC05-001,2026-09-16,CC05,F05001,17.5,3.86
COL-0916-CC05-002,2026-09-16,CC05,F05002,13.4,3.62
COL-0916-CC05-003,2026-09-16,CC05,F05003,28.8,3.77
COL-0916-CC05-004,2026-09-16,CC05,F05004,57.0,4.13
COL-0916-CC05-005,2026-09-16,CC05,F05005,58.9,3.94
COL-0916-CC05-006,2026-09-16,CC05,F05006,21.1,3.33
COL-0916-CC05-007,2026-09-16,CC05,F05007,10.8,4.39
COL-0916-CC05-008,2026-09-16,CC05,F05008,30.6,4.66
COL-0916-CC05-009,2026-09-16,CC05,F05009,28.1,3.36
COL-0916-CC05-010,2026-09-16,CC05,F05010,39.6,3.66
COL-0916-CC05-011,2026-09-16,CC05,F05011,13.4,3.98
COL-0916-CC05-012,2026-09-16,CC05,F05012,29.6,4.17
COL-0916-CC05-013,2026-09-16,CC05,F05013,17.8,3.24
COL-0916-CC05-014,2026-09-16,CC05,F05014,12.9,4.3
COL-0916-CC05-015,2026-09-16,CC05,F05015,46.4,4.17
COL-0916-CC05-016,2026-09-16,CC05,F05016,44.4,4.0
COL-0916-CC05-017,2026-09-16,CC05,F05017,40.8,3.77
COL-0916-CC05-018,2026-09-16,CC05,F05018,11.6,3.23
COL-0916-CC05-019,2026-09-16,CC05,F05019,26.8,3.85
COL-0916-CC05-020,2026-09-16,CC05,F05020,76.4,3.56
COL-0916-CC05-021,2026-09-16,CC05,F05021,14.8,3.91
COL-0916-CC05-022,2026-09-16,CC05,F05022,23.3,3.67
COL-0916-CC05-023,2026-09-16,CC05,F05023,37.2,3.43
COL-0916-CC05-024,2026-09-16,CC05,F05024,49.0,4.42
COL-0916-CC05-025,2026-09-16,CC05,F05025,38.4,4.58
COL-0916-CC05-026,2026-09-16,CC05,F05026,7.6,3.34
COL-0916-CC05-027,2026-09-16,CC05,F05027,18.4,3.88
COL-0916-CC05-028,2026-09-16,CC05,F05028,11.9,3.48
COL-0916-CC05-029,2026-09-16,CC05,F05029,25.9,4.03
COL-0916-CC05-030,2026-09-16,CC05,F05030,28.5,3.53
COL-0916-CC05-031,2026-09-16,CC05,F05031,14.6,3.94
COL-0916-CC05-032,2026-09-16,CC05,F05032,42.4,3.63
COL-0916-CC05-033,2026-09-16,CC05,F05033,25.5,4.0
COL-0916-CC05-034,2026-09-16,CC05,F05034,10.6,3.25
COL-0916-CC05-035,2026-09-16,CC05,F05035,31.3,3.94
COL-0916-CC05-036,2026-09-16,CC05,F05036,22.9,3.87
COL-0916-CC05-037,2026-09-16,CC05,F05037,20.6,3.93
COL-0916-CC05-038,2026-09-16,CC05,F05038,52.5,3.85
COL-0916-CC06-000,2026-09-16,CC06,F06000,29.9,3.92
COL-0916-CC06-001,2026-09-16,CC06,F06001,22.2,3.98
COL-0916-CC06-002,2026-09-16,CC06,F06002,16.5,3.87
COL-0916-CC06-003,2026-09-16,CC06,F06003,62.1,4.13
COL-0916-CC06-004,2026-09-16,CC06,F06004,50.4,3.33
COL-0916-CC06-005,2026-09-16,CC06,F06005,23.7,3.82
COL-0916-CC06-006,2026-09-16,CC06,F06006,57.6,3.89
COL-0916-CC06-007,2026-09-16,CC06,F06007,19.0,3.86
COL-0916-CC06-008,2026-09-16,CC06,F06008,50.7,4.15
COL-0916-CC06-009,2026-09-16,CC06,F06009,43.6,3.43
COL-0916-CC06-010,2026-09-16,CC06,F06010,26.8,4.18
COL-0916-CC06-011,2026-09-16,CC06,F06011,20.1,4.05
COL-0916-CC06-012,2026-09-16,CC06,F06012,12.3,3.46
COL-0916-CC06-013,2026-09-16,CC06,F06013,12.0,3.75
COL-0916-CC06-014,2026-09-16,CC06,F06014,18.5,3.78
COL-0916-CC06-015,2026-09-16,CC06,F06015,4.6,3.15
COL-0916-CC06-016,2026-09-16,CC06,F06016,29.2,3.8
COL-0916-CC06-017,2026-09-16,CC06,F06017,28.4,3.62
COL-0916-CC06-018,2026-09-16,CC06,F06018,27.2,3.62
COL-0916-CC06-019,2026-09-16,CC06,F06019,32.8,3.22
COL-0916-CC06-020,2026-09-16,CC06,F06020,33.3,3.89
COL-0916-CC06-021,2026-09-16,CC06,F06021,50.2,4.21
COL-0916-CC06-022,2026-09-16,CC06,F06022,15.7,4.2
COL-0916-CC06-023,2026-09-16,CC06,F06023,74.5,4.17
COL-0916-CC06-024,2026-09-16,CC06,F06024,7.4,3.93
COL-0916-CC06-025,2026-09-16,CC06,F06025,35.8,4.08
COL-0916-CC07-000,2026-09-16,CC07,F07000,21.9,4.23
COL-0916-CC07-001,2026-09-16,CC07,F07001,44.5,3.42
COL-0916-CC07-002,2026-09-16,CC07,F07002,39.1,3.69
COL-0916-CC07-003,2026-09-16,CC07,F07003,36.0,3.53
COL-0916-CC07-004,2026-09-16,CC07,F07004,34.4,4.0
COL-0916-CC07-005,2026-09-16,CC07,F07005,47.2,3.73
COL-0916-CC07-006,2026-09-16,CC07,F07006,41.0,3.97
COL-0916-CC07-007,2026-09-16,CC07,F07007,26.0,3.22
COL-0916-CC07-008,2026-09-16,CC07,F07008,70.3,3.79
COL-0916-CC07-009,2026-09-16,CC07,F07009,38.2,4.05
COL-0916-CC07-010,2026-09-16,CC07,F07010,13.8,3.8
COL-0916-CC07-011,2026-09-16,CC07,F07011,3.6,3.5
COL-0916-CC07-012,2026-09-16,CC07,F07012,31.7,3.82
COL-0916-CC07-013,2026-09-16,CC07,F07013,6.1,4.28
COL-0916-CC07-014,2026-09-16,CC07,F07014,35.8,4.09
COL-0916-CC07-015,2026-09-16,CC07,F07015,34.4,4.17
COL-0916-CC07-016,2026-09-16,CC07,F07016,47.2,3.54
COL-0916-CC07-017,2026-09-16,CC07,F07017,21.0,3.8
COL-0916-CC07-018,2026-09-16,CC07,F07018,69.4,3.63
COL-0916-CC07-019,2026-09-16,CC07,F07019,14.5,3.75
COL-0916-CC07-020,2026-09-16,CC07,F07020,8.1,3.52
COL-0916-CC07-021,2026-09-16,CC07,F07021,53.3,3.59
COL-0916-CC07-022,2026-09-16,CC07,F07022,37.4,4.2
COL-0916-CC07-023,2026-09-16,CC07,F07023,19.9,3.44
COL-0916-CC07-024,2026-09-16,CC07,F07024,30.3,4.0
COL-0916-CC07-025,2026-09-16,CC07,F07025,22.3,3.75
COL-0916-CC07-026,2026-09-16,CC07,F07026,17.3,3.63
COL-0916-CC07-027,2026-09-16,CC07,F07027,27.5,4.02
COL-0916-CC07-028,2026-09-16,CC07,F07028,33.6,3.85
COL-0916-CC07-029,2026-09-16,CC07,F07029,18.5,4.2
COL-0916-CC07-030,2026-09-16,CC07,F07030,16.3,4.42
COL-0916-CC07-031,2026-09-16,CC07,F07031,23.1,4.0
COL-0916-CC07-032,2026-09-16,CC07,F07032,38.7,3.69
COL-0916-CC07-033,2026-09-16,CC07,F07033,12.3,3.62
COL-0916-CC07-034,2026-09-16,CC07,F07034,46.7,3.31
COL-0916-CC07-035,2026-09-16,CC07,F07035,21.1,3.82
COL-0916-CC07-036,2026-09-16,CC07,F07036,45.8,3.62
COL-0916-CC07-037,2026-09-16,CC07,F07037,56.5,4.45
COL-0916-CC07-038,2026-09-16,CC07,F07038,49.6,3.64
COL-0916-CC07-039,2026-09-16,CC07,F07039,14.4,3.61
COL-0916-CC07-040,2026-09-16,CC07,F07040,25.5,3.52
COL-0916-CC07-041,2026-09-16,CC07,F07041,26.6,3.77
COL-0916-CC07-042,2026-09-16,CC07,F07042,21.0,3.63
COL-0916-CC07-043,2026-09-16,CC07,F07043,47.3,3.27
COL-0916-CC07-044,2026-09-16,CC07,F07044,14.2,4.13
COL-0916-CC07-045,2026-09-16,CC07,F07045,33.6,3.94
COL-0916-CC07-046,2026-09-16,CC07,F07046,29.3,4.3
COL-0916-CC07-047,2026-09-16,CC07,F07047,23.4,4.01
COL-0916-CC07-048,2026-09-16,CC07,F07048,57.4,3.81
COL-0916-CC08-000,2026-09-16,CC08,F08000,29.6,3.78
COL-0916-CC08-001,2026-09-16,CC08,F08001,9.7,3.88
COL-0916-CC08-002,2026-09-16,CC08,F08002,35.0,3.9
COL-0916-CC08-003,2026-09-16,CC08,F08003,28.4,3.87
COL-0916-CC08-004,2026-09-16,CC08,F08004,51.8,3.59
COL-0916-CC08-005,2026-09-16,CC08,F08005,30.6,3.89
COL-0916-CC08-006,2026-09-16,CC08,F08006,74.8,3.78
COL-0916-CC08-007,2026-09-16,CC08,F08007,23.2,3.14
COL-0916-CC08-008,2026-09-16,CC08,F08008,52.5,3.64
COL-0916-CC08-009,2026-09-16,CC08,F08009,47.2,4.12
COL-0916-CC08-010,2026-09-16,CC08,F08010,26.9,3.9
COL-0916-CC08-011,2026-09-16,CC08,F08011,19.6,3.66
COL-0916-CC08-012,2026-09-16,CC08,F08012,11.1,3.63
COL-0916-CC08-013,2026-09-16,CC08,F08013,36.1,3.9
COL-0916-CC08-014,2026-09-16,CC08,F08014,13.0,3.67
COL-0916-CC08-015,2026-09-16,CC08,F08015,38.8,3.33
COL-0916-CC08-016,2026-09-16,CC08,F08016,57.1,3.39
COL-0916-CC08-017,2026-09-16,CC08,F08017,35.2,4.48
COL-0916-CC08-018,2026-09-16,CC08,F08018,30.6,3.7
COL-0916-CC08-019,2026-09-16,CC08,F08019,29.9,3.8
COL-0916-CC08-020,2026-09-16,CC08,F08020,21.0,3.84
COL-0916-CC08-021,2026-09-16,CC08,F08021,21.2,3.89
COL-0916-CC08-022,2026-09-16,CC08,F08022,35.2,3.99
COL-0916-CC08-023,2026-09-16,CC08,F08023,52.1,3.81
COL-0916-CC08-024,2026-09-16,CC08,F08024,25.8,3.67
COL-0916-CC08-025,2026-09-16,CC08,F08025,36.6,3.73
COL-0916-CC08-026,2026-09-16,CC08,F08026,32.2,3.77
COL-0916-CC08-027,2026-09-16,CC08,F08027,40.8,4.28
COL-0916-CC08-028,2026-09-16,CC08,F08028,14.0,4.3
COL-0916-CC08-029,2026-09-16,CC08,F08029,17.6,4.01
COL-0916-CC08-030,2026-09-16,CC08,F08030,30.9,4.3
COL-0916-CC08-031,2026-09-16,CC08,F08031,46.9,3.64
COL-0916-CC08-032,2026-09-16,CC08,F08032,25.3,3.56
COL-0916-CC08-033,2026-09-16,CC08,F08033,15.7,3.13
COL-0917-CC01-000,2026-09-17,CC01,F01000,24.6,3.63
COL-0917-CC01-001,2026-09-17,CC01,F01001,46.7,3.85
COL-0917-CC01-002,2026-09-17,CC01,F01002,28.1,4.05
COL-0917-CC01-003,2026-09-17,CC01,F01003,46.4,3.4
COL-0917-CC01-004,2026-09-17,CC01,F01004,34.1,3.18
COL-0917-CC01-005,2026-09-17,CC01,F01005,54.9,3.71
COL-0917-CC01-006,2026-09-17,CC01,F01006,37.5,3.82
COL-0917-CC01-007,2026-09-17,CC01,F01007,25.8,3.95
COL-0917-CC01-008,2026-09-17,CC01,F01008,32.6,4.16
COL-0917-CC01-009,2026-09-17,CC01,F01009,40.9,3.66
COL-0917-CC01-010,2026-09-17,CC01,F01010,38.0,3.69
COL-0917-CC01-011,2026-09-17,CC01,F01011,19.4,3.5
COL-0917-CC01-012,2026-09-17,CC01,F01012,37.7,3.92
COL-0917-CC01-013,2026-09-17,CC01,F01013,51.5,4.12
COL-0917-CC01-014,2026-09-17,CC01,F01014,35.4,3.77
COL-0917-CC01-015,2026-09-17,CC01,F01015,23.6,4.06
COL-0917-CC01-016,2026-09-17,CC01,F01016,40.5,3.64
COL-0917-CC01-017,2026-09-17,CC01,F01017,46.5,3.66
COL-0917-CC01-018,2026-09-17,CC01,F01018,30.2,4.18
COL-0917-CC01-019,2026-09-17,CC01,F01019,22.8,4.16
COL-0917-CC01-020,2026-09-17,CC01,F01020,34.4,3.82
COL-0917-CC01-021,2026-09-17,CC01,F01021,89.5,3.49
COL-0917-CC01-022,2026-09-17,CC01,F01022,14.6,3.86
COL-0917-CC01-023,2026-09-17,CC01,F01023,21.8,3.44
COL-0917-CC01-024,2026-09-17,CC01,F01024,22.5,3.94
COL-0917-CC01-025,2026-09-17,CC01,F01025,21.3,3.67
COL-0917-CC01-026,2026-09-17,CC01,F01026,31.5,3.52
COL-0917-CC01-027,2026-09-17,CC01,F01027,12.8,3.76
COL-0917-CC01-028,2026-09-17,CC01,F01028,25.9,4.51
COL-0917-CC01-029,2026-09-17,CC01,F01029,26.2,3.94
COL-0917-CC01-030,2026-09-17,CC01,F01030,17.0,3.95
COL-0917-CC02-000,2026-09-17,CC02,F02000,11.2,4.26
COL-0917-CC02-001,2026-09-17,CC02,F02001,32.4,3.47
COL-0917-CC02-002,2026-09-17,CC02,F02002,19.4,3.54
COL-0917-CC02-003,2026-09-17,CC02,F02003,24.9,3.85
COL-0917-CC02-004,2026-09-17,CC02,F02004,39.1,4.1
COL-0917-CC02-005,2026-09-17,CC02,F02005,42.1,3.53
COL-0917-CC02-006,2026-09-17,CC02,F02006,27.4,3.65
COL-0917-CC02-007,2026-09-17,CC02,F02007,16.4,3.58
COL-0917-CC02-008,2026-09-17,CC02,F02008,20.6,4.34
COL-0917-CC02-009,2026-09-17,CC02,F02009,23.0,3.91
COL-0917-CC02-010,2026-09-17,CC02,F02010,34.8,3.93
COL-0917-CC02-011,2026-09-17,CC02,F02011,58.8,3.59
COL-0917-CC02-012,2026-09-17,CC02,F02012,37.3,3.75
COL-0917-CC02-013,2026-09-17,CC02,F02013,57.2,3.57
COL-0917-CC02-014,2026-09-17,CC02,F02014,37.6,4.47
COL-0917-CC02-015,2026-09-17,CC02,F02015,35.6,3.75
COL-0917-CC02-016,2026-09-17,CC02,F02016,50.8,3.18
COL-0917-CC02-017,2026-09-17,CC02,F02017,20.6,3.42
COL-0917-CC02-018,2026-09-17,CC02,F02018,21.6,3.11
COL-0917-CC02-019,2026-09-17,CC02,F02019,18.7,3.39
COL-0917-CC02-020,2026-09-17,CC02,F02020,44.8,3.24
COL-0917-CC02-021,2026-09-17,CC02,F02021,62.9,4.12
COL-0917-CC02-022,2026-09-17,CC02,F02022,32.4,3.69
COL-0917-CC02-023,2026-09-17,CC02,F02023,28.0,3.41
COL-0917-CC02-024,2026-09-17,CC02,F02024,26.2,4.38
COL-0917-CC02-025,2026-09-17,CC02,F02025,34.5,3.64
COL-0917-CC02-026,2026-09-17,CC02,F02026,34.3,4.3
COL-0917-CC02-027,2026-09-17,CC02,F02027,38.6,3.71
COL-0917-CC02-028,2026-09-17,CC02,F02028,30.0,3.8
COL-0917-CC02-029,2026-09-17,CC02,F02029,45.4,3.97
COL-0917-CC02-030,2026-09-17,CC02,F02030,25.6,4.27
COL-0917-CC02-031,2026-09-17,CC02,F02031,9.5,3.79
COL-0917-CC02-032,2026-09-17,CC02,F02032,42.2,4.27
COL-0917-CC02-033,2026-09-17,CC02,F02033,58.8,3.54
COL-0917-CC02-034,2026-09-17,CC02,F02034,31.5,4.45
COL-0917-CC02-035,2026-09-17,CC02,F02035,71.3,3.91
COL-0917-CC02-036,2026-09-17,CC02,F02036,36.8,3.84
COL-0917-CC02-037,2026-09-17,CC02,F02037,14.3,3.74
COL-0917-CC02-038,2026-09-17,CC02,F02038,54.8,3.88
COL-0917-CC03-000,2026-09-17,CC03,F03000,20.6,3.76
COL-0917-CC03-001,2026-09-17,CC03,F03001,16.5,3.98
COL-0917-CC03-002,2026-09-17,CC03,F03002,18.7,3.82
COL-0917-CC03-003,2026-09-17,CC03,F03003,59.8,3.04
COL-0917-CC03-004,2026-09-17,CC03,F03004,28.9,3.55
COL-0917-CC03-005,2026-09-17,CC03,F03005,27.9,3.79
COL-0917-CC03-006,2026-09-17,CC03,F03006,16.5,4.09
COL-0917-CC03-007,2026-09-17,CC03,F03007,39.0,3.63
COL-0917-CC03-008,2026-09-17,CC03,F03008,56.8,3.61
COL-0917-CC03-009,2026-09-17,CC03,F03009,21.6,3.92
COL-0917-CC03-010,2026-09-17,CC03,F03010,33.8,3.47
COL-0917-CC03-011,2026-09-17,CC03,F03011,46.0,3.98
COL-0917-CC03-012,2026-09-17,CC03,F03012,28.6,3.6
COL-0917-CC03-013,2026-09-17,CC03,F03013,21.6,3.84
COL-0917-CC03-014,2026-09-17,CC03,F03014,18.3,3.89
COL-0917-CC03-015,2026-09-17,CC03,F03015,36.7,3.91
COL-0917-CC03-016,2026-09-17,CC03,F03016,41.3,4.12
COL-0917-CC03-017,2026-09-17,CC03,F03017,34.5,3.72
COL-0917-CC03-018,2026-09-17,CC03,F03018,14.2,3.56
COL-0917-CC03-019,2026-09-17,CC03,F03019,32.1,3.8
COL-0917-CC03-020,2026-09-17,CC03,F03020,24.0,4.42
COL-0917-CC03-021,2026-09-17,CC03,F03021,23.3,4.11
COL-0917-CC03-022,2026-09-17,CC03,F03022,61.2,3.5
COL-0917-CC03-023,2026-09-17,CC03,F03023,36.5,3.42
COL-0917-CC03-024,2026-09-17,CC03,F03024,34.2,3.74
COL-0917-CC03-025,2026-09-17,CC03,F03025,42.7,3.36
COL-0917-CC03-026,2026-09-17,CC03,F03026,24.1,3.41
COL-0917-CC03-027,2026-09-17,CC03,F03027,32.1,4.12
COL-0917-CC03-028,2026-09-17,CC03,F03028,26.7,4.11
COL-0917-CC03-029,2026-09-17,CC03,F03029,28.5,4.08
COL-0917-CC03-030,2026-09-17,CC03,F03030,26.2,4.28
COL-0917-CC03-031,2026-09-17,CC03,F03031,10.4,3.19
COL-0917-CC03-032,2026-09-17,CC03,F03032,18.6,3.84
COL-0917-CC03-033,2026-09-17,CC03,F03033,45.8,3.61
COL-0917-CC03-034,2026-09-17,CC03,F03034,2.7,4.1
COL-0917-CC03-035,2026-09-17,CC03,F03035,13.0,3.5
COL-0917-CC03-036,2026-09-17,CC03,F03036,21.7,3.93
COL-0917-CC03-037,2026-09-17,CC03,F03037,38.4,4.05
COL-0917-CC03-038,2026-09-17,CC03,F03038,29.2,4.09
COL-0917-CC03-039,2026-09-17,CC03,F03039,33.6,4.27
COL-0917-CC03-040,2026-09-17,CC03,F03040,26.3,4.25
COL-0917-CC03-041,2026-09-17,CC03,F03041,31.6,3.84
COL-0917-CC04-000,2026-09-17,CC04,F04000,51.3,3.48
COL-0917-CC04-001,2026-09-17,CC04,F04001,17.2,3.69
COL-0917-CC04-002,2026-09-17,CC04,F04002,38.7,4.27
COL-0917-CC04-003,2026-09-17,CC04,F04003,31.4,4.26
COL-0917-CC04-004,2026-09-17,CC04,F04004,38.0,3.1
COL-0917-CC04-005,2026-09-17,CC04,F04005,30.7,4.51
COL-0917-CC04-006,2026-09-17,CC04,F04006,20.1,4.32
COL-0917-CC04-007,2026-09-17,CC04,F04007,38.7,3.59
COL-0917-CC04-008,2026-09-17,CC04,F04008,18.2,4.03
COL-0917-CC04-009,2026-09-17,CC04,F04009,33.9,4.08
COL-0917-CC04-010,2026-09-17,CC04,F04010,29.3,3.05
COL-0917-CC04-011,2026-09-17,CC04,F04011,19.9,3.75
COL-0917-CC04-012,2026-09-17,CC04,F04012,14.2,3.84
COL-0917-CC04-013,2026-09-17,CC04,F04013,42.7,3.74
COL-0917-CC04-014,2026-09-17,CC04,F04014,73.1,3.39
COL-0917-CC04-015,2026-09-17,CC04,F04015,18.8,3.76
COL-0917-CC04-016,2026-09-17,CC04,F04016,52.0,3.97
COL-0917-CC04-017,2026-09-17,CC04,F04017,44.7,3.93
COL-0917-CC04-018,2026-09-17,CC04,F04018,24.5,3.47
COL-0917-CC04-019,2026-09-17,CC04,F04019,34.6,4.5
COL-0917-CC04-020,2026-09-17,CC04,F04020,36.8,3.48
COL-0917-CC04-021,2026-09-17,CC04,F04021,20.3,3.61
COL-0917-CC04-022,2026-09-17,CC04,F04022,30.3,3.96
COL-0917-CC04-023,2026-09-17,CC04,F04023,35.6,3.65
COL-0917-CC04-024,2026-09-17,CC04,F04024,12.4,3.63
COL-0917-CC04-025,2026-09-17,CC04,F04025,22.5,3.64
COL-0917-CC04-026,2026-09-17,CC04,F04026,33.6,3.76
COL-0917-CC04-027,2026-09-17,CC04,F04027,25.7,4.52
COL-0917-CC04-028,2026-09-17,CC04,F04028,11.0,3.71
COL-0917-CC04-029,2026-09-17,CC04,F04029,77.3,3.63
COL-0917-CC04-030,2026-09-17,CC04,F04030,21.3,3.45
COL-0917-CC04-031,2026-09-17,CC04,F04031,22.5,3.86
COL-0917-CC04-032,2026-09-17,CC04,F04032,54.0,3.97
COL-0917-CC04-033,2026-09-17,CC04,F04033,21.8,3.55
COL-0917-CC04-034,2026-09-17,CC04,F04034,62.7,3.66
COL-0917-CC04-035,2026-09-17,CC04,F04035,28.7,3.91
COL-0917-CC04-036,2026-09-17,CC04,F04036,23.6,3.62
COL-0917-CC04-037,2026-09-17,CC04,F04037,25.0,3.55
COL-0917-CC04-038,2026-09-17,CC04,F04038,38.2,4.01
COL-0917-CC04-039,2026-09-17,CC04,F04039,25.7,4.18
COL-0917-CC04-040,2026-09-17,CC04,F04040,15.6,3.69
COL-0917-CC04-041,2026-09-17,CC04,F04041,39.4,3.19
COL-0917-CC04-042,2026-09-17,CC04,F04042,41.5,3.93
COL-0917-CC04-043,2026-09-17,CC04,F04043,56.8,3.33
COL-0917-CC04-044,2026-09-17,CC04,F04044,16.3,4.35
COL-0917-CC04-045,2026-09-17,CC04,F04045,29.2,3.88
COL-0917-CC04-046,2026-09-17,CC04,F04046,25.2,3.99
COL-0917-CC04-047,2026-09-17,CC04,F04047,32.0,3.88
COL-0917-CC04-048,2026-09-17,CC04,F04048,31.4,4.1
COL-0917-CC05-000,2026-09-17,CC05,F05000,40.5,3.52
COL-0917-CC05-001,2026-09-17,CC05,F05001,33.3,3.86
COL-0917-CC05-002,2026-09-17,CC05,F05002,18.1,3.6
COL-0917-CC05-003,2026-09-17,CC05,F05003,43.4,3.88
COL-0917-CC05-004,2026-09-17,CC05,F05004,22.3,3.51
COL-0917-CC05-005,2026-09-17,CC05,F05005,39.6,3.91
COL-0917-CC05-006,2026-09-17,CC05,F05006,32.1,3.29
COL-0917-CC05-007,2026-09-17,CC05,F05007,38.2,3.84
COL-0917-CC05-008,2026-09-17,CC05,F05008,28.2,3.99
COL-0917-CC05-009,2026-09-17,CC05,F05009,11.7,3.84
COL-0917-CC05-010,2026-09-17,CC05,F05010,49.0,3.78
COL-0917-CC05-011,2026-09-17,CC05,F05011,21.2,4.46
COL-0917-CC05-012,2026-09-17,CC05,F05012,37.4,3.8
COL-0917-CC05-013,2026-09-17,CC05,F05013,23.3,3.56
COL-0917-CC05-014,2026-09-17,CC05,F05014,22.5,3.8
COL-0917-CC05-015,2026-09-17,CC05,F05015,24.2,4.19
COL-0917-CC05-016,2026-09-17,CC05,F05016,19.4,3.65
COL-0917-CC05-017,2026-09-17,CC05,F05017,19.9,3.28
COL-0917-CC05-018,2026-09-17,CC05,F05018,34.7,3.69
COL-0917-CC05-019,2026-09-17,CC05,F05019,35.4,3.41
COL-0917-CC05-020,2026-09-17,CC05,F05020,11.5,3.71
COL-0917-CC05-021,2026-09-17,CC05,F05021,13.6,3.31
COL-0917-CC05-022,2026-09-17,CC05,F05022,12.9,4.24
COL-0917-CC05-023,2026-09-17,CC05,F05023,52.8,3.77
COL-0917-CC05-024,2026-09-17,CC05,F05024,21.1,3.97
COL-0917-CC05-025,2026-09-17,CC05,F05025,14.7,3.79
COL-0917-CC05-026,2026-09-17,CC05,F05026,30.9,4.02
COL-0917-CC05-027,2026-09-17,CC05,F05027,68.7,3.7
COL-0917-CC06-000,2026-09-17,CC06,F06000,43.0,3.53
COL-0917-CC06-001,2026-09-17,CC06,F06001,21.2,3.6
COL-0917-CC06-002,2026-09-17,CC06,F06002,43.9,3.52
COL-0917-CC06-003,2026-09-17,CC06,F06003,18.9,3.61
COL-0917-CC06-004,2026-09-17,CC06,F06004,45.5,3.55
COL-0917-CC06-005,2026-09-17,CC06,F06005,24.5,4.01
COL-0917-CC06-006,2026-09-17,CC06,F06006,28.9,4.4
COL-0917-CC06-007,2026-09-17,CC06,F06007,31.0,3.75
COL-0917-CC06-008,2026-09-17,CC06,F06008,30.1,4.04
COL-0917-CC06-009,2026-09-17,CC06,F06009,31.4,4.26
COL-0917-CC06-010,2026-09-17,CC06,F06010,83.2,4.22
COL-0917-CC06-011,2026-09-17,CC06,F06011,28.2,3.73
COL-0917-CC06-012,2026-09-17,CC06,F06012,33.3,3.95
COL-0917-CC06-013,2026-09-17,CC06,F06013,44.1,4.2
COL-0917-CC06-014,2026-09-17,CC06,F06014,33.5,4.14
COL-0917-CC06-015,2026-09-17,CC06,F06015,43.8,4.22
COL-0917-CC06-016,2026-09-17,CC06,F06016,57.1,3.6
COL-0917-CC06-017,2026-09-17,CC06,F06017,43.2,3.8
COL-0917-CC06-018,2026-09-17,CC06,F06018,30.2,4.07
COL-0917-CC06-019,2026-09-17,CC06,F06019,44.8,3.74
COL-0917-CC06-020,2026-09-17,CC06,F06020,42.1,4.42
COL-0917-CC06-021,2026-09-17,CC06,F06021,22.5,4.55
COL-0917-CC06-022,2026-09-17,CC06,F06022,38.4,3.55
COL-0917-CC06-023,2026-09-17,CC06,F06023,30.7,3.62
COL-0917-CC06-024,2026-09-17,CC06,F06024,22.1,3.78
COL-0917-CC06-025,2026-09-17,CC06,F06025,35.4,3.9
COL-0917-CC06-026,2026-09-17,CC06,F06026,16.2,4.14
COL-0917-CC06-027,2026-09-17,CC06,F06027,35.7,4.36
COL-0917-CC06-028,2026-09-17,CC06,F06028,27.8,3.58
COL-0917-CC06-029,2026-09-17,CC06,F06029,20.5,3.78
COL-0917-CC06-030,2026-09-17,CC06,F06030,57.8,4.05
COL-0917-CC06-031,2026-09-17,CC06,F06031,9.6,3.64
COL-0917-CC06-032,2026-09-17,CC06,F06032,8.1,3.96
COL-0917-CC06-033,2026-09-17,CC06,F06033,52.1,3.38
COL-0917-CC07-000,2026-09-17,CC07,F07000,18.8,3.49
COL-0917-CC07-001,2026-09-17,CC07,F07001,12.8,3.46
COL-0917-CC07-002,2026-09-17,CC07,F07002,15.0,4.01
COL-0917-CC07-003,2026-09-17,CC07,F07003,25.7,3.74
COL-0917-CC07-004,2026-09-17,CC07,F07004,28.0,3.39
COL-0917-CC07-005,2026-09-17,CC07,F07005,22.7,4.17
COL-0917-CC07-006,2026-09-17,CC07,F07006,43.7,4.16
COL-0917-CC07-007,2026-09-17,CC07,F07007,33.5,4.14
COL-0917-CC07-008,2026-09-17,CC07,F07008,16.8,3.1
COL-0917-CC07-009,2026-09-17,CC07,F07009,20.5,3.41
COL-0917-CC07-010,2026-09-17,CC07,F07010,35.2,3.45
COL-0917-CC07-011,2026-09-17,CC07,F07011,26.8,3.84
COL-0917-CC07-012,2026-09-17,CC07,F07012,30.7,3.96
COL-0917-CC07-013,2026-09-17,CC07,F07013,23.7,3.94
COL-0917-CC07-014,2026-09-17,CC07,F07014,31.3,3.59
COL-0917-CC07-015,2026-09-17,CC07,F07015,32.0,4.11
COL-0917-CC07-016,2026-09-17,CC07,F07016,22.8,4.42
COL-0917-CC07-017,2026-09-17,CC07,F07017,28.2,3.82
COL-0917-CC07-018,2026-09-17,CC07,F07018,38.3,4.13
COL-0917-CC07-019,2026-09-17,CC07,F07019,14.8,3.83
COL-0917-CC07-020,2026-09-17,CC07,F07020,22.6,3.02
COL-0917-CC07-021,2026-09-17,CC07,F07021,22.1,3.6
COL-0917-CC07-022,2026-09-17,CC07,F07022,15.0,3.68
COL-0917-CC07-023,2026-09-17,CC07,F07023,28.2,3.96
COL-0917-CC07-024,2026-09-17,CC07,F07024,29.7,4.04
COL-0917-CC07-025,2026-09-17,CC07,F07025,8.4,3.62
COL-0917-CC07-026,2026-09-17,CC07,F07026,20.6,3.48
COL-0917-CC07-027,2026-09-17,CC07,F07027,33.2,3.52
COL-0917-CC07-028,2026-09-17,CC07,F07028,31.4,3.74
COL-0917-CC07-029,2026-09-17,CC07,F07029,13.1,3.7
COL-0917-CC07-030,2026-09-17,CC07,F07030,15.7,3.82
COL-0917-CC08-000,2026-09-17,CC08,F08000,23.6,3.82
COL-0917-CC08-001,2026-09-17,CC08,F08001,29.5,3.76
COL-0917-CC08-002,2026-09-17,CC08,F08002,19.4,4.05
COL-0917-CC08-003,2026-09-17,CC08,F08003,28.2,3.61
COL-0917-CC08-004,2026-09-17,CC08,F08004,24.6,3.49
COL-0917-CC08-005,2026-09-17,CC08,F08005,39.5,4.14
COL-0917-CC08-006,2026-09-17,CC08,F08006,43.5,3.99
COL-0917-CC08-007,2026-09-17,CC08,F08007,38.9,3.53
COL-0917-CC08-008,2026-09-17,CC08,F08008,49.6,3.44
COL-0917-CC08-009,2026-09-17,CC08,F08009,26.4,3.46
COL-0917-CC08-010,2026-09-17,CC08,F08010,22.6,4.49
COL-0917-CC08-011,2026-09-17,CC08,F08011,43.7,4.03
COL-0917-CC08-012,2026-09-17,CC08,F08012,27.8,3.89
COL-0917-CC08-013,2026-09-17,CC08,F08013,36.2,4.03
COL-0917-CC08-014,2026-09-17,CC08,F08014,33.7,3.98
COL-0917-CC08-015,2026-09-17,CC08,F08015,51.0,4.54
COL-0917-CC08-016,2026-09-17,CC08,F08016,47.7,4.0
COL-0917-CC08-017,2026-09-17,CC08,F08017,29.0,3.97
COL-0917-CC08-018,2026-09-17,CC08,F08018,26.5,3.73
COL-0917-CC08-019,2026-09-17,CC08,F08019,45.9,4.09
COL-0917-CC08-020,2026-09-17,CC08,F08020,36.7,3.93
COL-0917-CC08-021,2026-09-17,CC08,F08021,55.7,3.87
COL-0917-CC08-022,2026-09-17,CC08,F08022,10.4,3.0
COL-0917-CC08-023,2026-09-17,CC08,F08023,14.1,3.75
COL-0917-CC08-024,2026-09-17,CC08,F08024,15.8,3.54
COL-0917-CC08-025,2026-09-17,CC08,F08025,40.4,4.03
COL-0917-CC08-026,2026-09-17,CC08,F08026,15.4,3.21
COL-0917-CC08-027,2026-09-17,CC08,F08027,39.5,3.63
COL-0917-CC08-028,2026-09-17,CC08,F08028,14.8,3.47
COL-0917-CC08-029,2026-09-17,CC08,F08029,30.1,3.82
COL-0917-CC08-030,2026-09-17,CC08,F08030,25.0,3.86
COL-0917-CC08-031,2026-09-17,CC08,F08031,34.8,3.94
COL-0917-CC08-032,2026-09-17,CC08,F08032,10.9,3.63
COL-0917-CC08-033,2026-09-17,CC08,F08033,51.2,3.71
COL-0917-CC08-034,2026-09-17,CC08,F08034,21.8,3.43
COL-0917-CC08-035,2026-09-17,CC08,F08035,25.1,3.86
COL-0917-CC08-036,2026-09-17,CC08,F08036,53.2,3.61
COL-0917-CC08-037,2026-09-17,CC08,F08037,22.8,4.17
COL-0917-CC08-038,2026-09-17,CC08,F08038,25.3,4.45
COL-0917-CC08-039,2026-09-17,CC08,F08039,34.3,3.34
COL-0917-CC08-040,2026-09-17,CC08,F08040,24.1,3.79
COL-0917-CC08-041,2026-09-17,CC08,F08041,12.8,3.43
COL-0917-CC08-042,2026-09-17,CC08,F08042,24.9,3.45
COL-0918-CC01-000,2026-09-18,CC01,F01000,30.4,4.0
COL-0918-CC01-001,2026-09-18,CC01,F01001,64.9,4.09
COL-0918-CC01-002,2026-09-18,CC01,F01002,30.3,3.91
COL-0918-CC01-003,2026-09-18,CC01,F01003,45.7,3.01
COL-0918-CC01-004,2026-09-18,CC01,F01004,49.8,3.76
COL-0918-CC01-005,2026-09-18,CC01,F01005,14.5,3.54
COL-0918-CC01-006,2026-09-18,CC01,F01006,13.8,4.01
COL-0918-CC01-007,2026-09-18,CC01,F01007,29.0,4.13
COL-0918-CC01-008,2026-09-18,CC01,F01008,31.1,3.89
COL-0918-CC01-009,2026-09-18,CC01,F01009,26.4,3.65
COL-0918-CC01-010,2026-09-18,CC01,F01010,25.6,3.93
COL-0918-CC01-011,2026-09-18,CC01,F01011,57.2,4.04
COL-0918-CC01-012,2026-09-18,CC01,F01012,25.7,4.14
COL-0918-CC01-013,2026-09-18,CC01,F01013,16.9,4.11
COL-0918-CC01-014,2026-09-18,CC01,F01014,21.6,3.73
COL-0918-CC01-015,2026-09-18,CC01,F01015,32.2,3.86
COL-0918-CC01-016,2026-09-18,CC01,F01016,23.2,3.81
COL-0918-CC01-017,2026-09-18,CC01,F01017,63.1,4.16
COL-0918-CC01-018,2026-09-18,CC01,F01018,29.0,3.35
COL-0918-CC01-019,2026-09-18,CC01,F01019,21.0,3.33
COL-0918-CC01-020,2026-09-18,CC01,F01020,15.4,4.13
COL-0918-CC01-021,2026-09-18,CC01,F01021,16.1,4.13
COL-0918-CC01-022,2026-09-18,CC01,F01022,34.2,4.0
COL-0918-CC01-023,2026-09-18,CC01,F01023,25.0,3.76
COL-0918-CC01-024,2026-09-18,CC01,F01024,43.6,4.09
COL-0918-CC01-025,2026-09-18,CC01,F01025,16.0,3.78
COL-0918-CC01-026,2026-09-18,CC01,F01026,34.0,3.61
COL-0918-CC01-027,2026-09-18,CC01,F01027,22.8,3.99
COL-0918-CC01-028,2026-09-18,CC01,F01028,28.2,3.46
COL-0918-CC01-029,2026-09-18,CC01,F01029,45.1,3.9
COL-0918-CC01-030,2026-09-18,CC01,F01030,19.3,3.72
COL-0918-CC01-031,2026-09-18,CC01,F01031,18.9,3.83
COL-0918-CC02-000,2026-09-18,CC02,F02000,51.6,4.0
COL-0918-CC02-001,2026-09-18,CC02,F02001,35.9,3.61
COL-0918-CC02-002,2026-09-18,CC02,F02002,55.4,4.08
COL-0918-CC02-003,2026-09-18,CC02,F02003,70.9,3.68
COL-0918-CC02-004,2026-09-18,CC02,F02004,47.7,4.28
COL-0918-CC02-005,2026-09-18,CC02,F02005,22.4,3.73
COL-0918-CC02-006,2026-09-18,CC02,F02006,50.7,3.7
COL-0918-CC02-007,2026-09-18,CC02,F02007,43.9,3.62
COL-0918-CC02-008,2026-09-18,CC02,F02008,40.4,3.67
COL-0918-CC02-009,2026-09-18,CC02,F02009,33.5,3.36
COL-0918-CC02-010,2026-09-18,CC02,F02010,17.2,3.85
COL-0918-CC02-011,2026-09-18,CC02,F02011,18.0,3.27
COL-0918-CC02-012,2026-09-18,CC02,F02012,9.1,3.76
COL-0918-CC02-013,2026-09-18,CC02,F02013,23.3,3.64
COL-0918-CC02-014,2026-09-18,CC02,F02014,24.7,3.69
COL-0918-CC02-015,2026-09-18,CC02,F02015,18.8,3.54
COL-0918-CC02-016,2026-09-18,CC02,F02016,18.7,3.7
COL-0918-CC02-017,2026-09-18,CC02,F02017,36.0,3.75
COL-0918-CC02-018,2026-09-18,CC02,F02018,35.4,3.84
COL-0918-CC02-019,2026-09-18,CC02,F02019,30.8,4.23
COL-0918-CC02-020,2026-09-18,CC02,F02020,19.7,3.69
COL-0918-CC02-021,2026-09-18,CC02,F02021,22.2,4.01
COL-0918-CC02-022,2026-09-18,CC02,F02022,32.6,4.06
COL-0918-CC02-023,2026-09-18,CC02,F02023,48.4,4.04
COL-0918-CC02-024,2026-09-18,CC02,F02024,28.3,3.73
COL-0918-CC02-025,2026-09-18,CC02,F02025,36.6,4.4
COL-0918-CC03-000,2026-09-18,CC03,F03000,31.4,3.88
COL-0918-CC03-001,2026-09-18,CC03,F03001,28.3,3.48
COL-0918-CC03-002,2026-09-18,CC03,F03002,37.1,3.79
COL-0918-CC03-003,2026-09-18,CC03,F03003,21.3,3.86
COL-0918-CC03-004,2026-09-18,CC03,F03004,39.9,4.01
COL-0918-CC03-005,2026-09-18,CC03,F03005,16.3,4.14
COL-0918-CC03-006,2026-09-18,CC03,F03006,53.6,3.91
COL-0918-CC03-007,2026-09-18,CC03,F03007,16.4,3.54
COL-0918-CC03-008,2026-09-18,CC03,F03008,29.5,3.7
COL-0918-CC03-009,2026-09-18,CC03,F03009,12.3,3.31
COL-0918-CC03-010,2026-09-18,CC03,F03010,19.9,3.99
COL-0918-CC03-011,2026-09-18,CC03,F03011,43.1,4.41
COL-0918-CC03-012,2026-09-18,CC03,F03012,49.3,3.39
COL-0918-CC03-013,2026-09-18,CC03,F03013,16.3,3.95
COL-0918-CC03-014,2026-09-18,CC03,F03014,12.8,4.01
COL-0918-CC03-015,2026-09-18,CC03,F03015,16.6,4.69
COL-0918-CC03-016,2026-09-18,CC03,F03016,16.0,4.41
COL-0918-CC03-017,2026-09-18,CC03,F03017,41.9,3.68
COL-0918-CC03-018,2026-09-18,CC03,F03018,27.1,4.1
COL-0918-CC03-019,2026-09-18,CC03,F03019,20.8,4.03
COL-0918-CC03-020,2026-09-18,CC03,F03020,71.7,3.27
COL-0918-CC03-021,2026-09-18,CC03,F03021,14.4,3.85
COL-0918-CC03-022,2026-09-18,CC03,F03022,21.9,3.72
COL-0918-CC03-023,2026-09-18,CC03,F03023,22.1,4.3
COL-0918-CC03-024,2026-09-18,CC03,F03024,12.1,3.73
COL-0918-CC03-025,2026-09-18,CC03,F03025,23.4,3.94
COL-0918-CC03-026,2026-09-18,CC03,F03026,33.3,4.24
COL-0918-CC03-027,2026-09-18,CC03,F03027,26.5,4.11
COL-0918-CC03-028,2026-09-18,CC03,F03028,31.8,3.43
COL-0918-CC03-029,2026-09-18,CC03,F03029,40.1,3.79
COL-0918-CC03-030,2026-09-18,CC03,F03030,52.8,3.91
COL-0918-CC03-031,2026-09-18,CC03,F03031,14.0,3.96
COL-0918-CC03-032,2026-09-18,CC03,F03032,16.3,3.73
COL-0918-CC03-033,2026-09-18,CC03,F03033,24.7,4.09
COL-0918-CC03-034,2026-09-18,CC03,F03034,79.9,3.58
COL-0918-CC03-035,2026-09-18,CC03,F03035,37.7,3.67
COL-0918-CC03-036,2026-09-18,CC03,F03036,25.3,4.24
COL-0918-CC03-037,2026-09-18,CC03,F03037,29.6,3.72
COL-0918-CC03-038,2026-09-18,CC03,F03038,35.0,3.38
COL-0918-CC03-039,2026-09-18,CC03,F03039,33.8,4.23
COL-0918-CC03-040,2026-09-18,CC03,F03040,19.2,3.41
COL-0918-CC03-041,2026-09-18,CC03,F03041,50.4,3.59
COL-0918-CC03-042,2026-09-18,CC03,F03042,7.3,3.88
COL-0918-CC04-000,2026-09-18,CC04,F04000,43.4,4.41
COL-0918-CC04-001,2026-09-18,CC04,F04001,30.6,3.88
COL-0918-CC04-002,2026-09-18,CC04,F04002,21.9,3.86
COL-0918-CC04-003,2026-09-18,CC04,F04003,45.8,3.46
COL-0918-CC04-004,2026-09-18,CC04,F04004,52.1,3.73
COL-0918-CC04-005,2026-09-18,CC04,F04005,40.1,3.79
COL-0918-CC04-006,2026-09-18,CC04,F04006,40.0,3.89
COL-0918-CC04-007,2026-09-18,CC04,F04007,14.0,3.54
COL-0918-CC04-008,2026-09-18,CC04,F04008,40.6,3.73
COL-0918-CC04-009,2026-09-18,CC04,F04009,26.3,4.1
COL-0918-CC04-010,2026-09-18,CC04,F04010,29.2,4.28
COL-0918-CC04-011,2026-09-18,CC04,F04011,28.9,3.99
COL-0918-CC04-012,2026-09-18,CC04,F04012,14.2,4.05
COL-0918-CC04-013,2026-09-18,CC04,F04013,34.1,4.27
COL-0918-CC04-014,2026-09-18,CC04,F04014,25.7,3.22
COL-0918-CC04-015,2026-09-18,CC04,F04015,31.8,4.38
COL-0918-CC04-016,2026-09-18,CC04,F04016,19.0,3.8
COL-0918-CC04-017,2026-09-18,CC04,F04017,20.2,3.31
COL-0918-CC04-018,2026-09-18,CC04,F04018,28.7,3.9
COL-0918-CC04-019,2026-09-18,CC04,F04019,47.3,4.02
COL-0918-CC04-020,2026-09-18,CC04,F04020,30.8,3.63
COL-0918-CC04-021,2026-09-18,CC04,F04021,36.0,4.17
COL-0918-CC04-022,2026-09-18,CC04,F04022,24.7,4.08
COL-0918-CC04-023,2026-09-18,CC04,F04023,27.2,4.51
COL-0918-CC04-024,2026-09-18,CC04,F04024,25.5,3.8
COL-0918-CC04-025,2026-09-18,CC04,F04025,39.9,3.81
COL-0918-CC04-026,2026-09-18,CC04,F04026,63.8,3.66
COL-0918-CC04-027,2026-09-18,CC04,F04027,27.7,3.49
COL-0918-CC04-028,2026-09-18,CC04,F04028,64.8,3.92
COL-0918-CC04-029,2026-09-18,CC04,F04029,18.9,4.46
COL-0918-CC04-030,2026-09-18,CC04,F04030,38.8,3.62
COL-0918-CC04-031,2026-09-18,CC04,F04031,48.9,3.56
COL-0918-CC04-032,2026-09-18,CC04,F04032,27.3,3.85
COL-0918-CC04-033,2026-09-18,CC04,F04033,2.0,3.6
COL-0918-CC04-034,2026-09-18,CC04,F04034,30.1,3.96
COL-0918-CC04-035,2026-09-18,CC04,F04035,32.2,3.73
COL-0918-CC04-036,2026-09-18,CC04,F04036,14.2,3.65
COL-0918-CC04-037,2026-09-18,CC04,F04037,20.6,3.65
COL-0918-CC04-038,2026-09-18,CC04,F04038,26.5,3.82
COL-0918-CC04-039,2026-09-18,CC04,F04039,59.0,4.24
COL-0918-CC04-040,2026-09-18,CC04,F04040,25.7,3.22
COL-0918-CC04-041,2026-09-18,CC04,F04041,62.0,4.37
COL-0918-CC04-042,2026-09-18,CC04,F04042,29.9,3.92
COL-0918-CC04-043,2026-09-18,CC04,F04043,24.6,4.24
COL-0918-CC04-044,2026-09-18,CC04,F04044,18.1,4.08
COL-0918-CC04-045,2026-09-18,CC04,F04045,56.4,3.99
COL-0918-CC04-046,2026-09-18,CC04,F04046,41.5,3.55
COL-0918-CC04-047,2026-09-18,CC04,F04047,14.3,3.55
COL-0918-CC04-048,2026-09-18,CC04,F04048,53.8,4.05
COL-0918-CC05-000,2026-09-18,CC05,F05000,4.8,3.46
COL-0918-CC05-001,2026-09-18,CC05,F05001,19.8,3.77
COL-0918-CC05-002,2026-09-18,CC05,F05002,40.7,3.45
COL-0918-CC05-003,2026-09-18,CC05,F05003,13.8,3.47
COL-0918-CC05-004,2026-09-18,CC05,F05004,26.1,3.28
COL-0918-CC05-005,2026-09-18,CC05,F05005,18.9,4.18
COL-0918-CC05-006,2026-09-18,CC05,F05006,47.2,3.57
COL-0918-CC05-007,2026-09-18,CC05,F05007,23.7,3.46
COL-0918-CC05-008,2026-09-18,CC05,F05008,54.5,3.33
COL-0918-CC05-009,2026-09-18,CC05,F05009,47.6,3.75
COL-0918-CC05-010,2026-09-18,CC05,F05010,24.7,4.27
COL-0918-CC05-011,2026-09-18,CC05,F05011,47.9,3.77
COL-0918-CC05-012,2026-09-18,CC05,F05012,10.2,3.52
COL-0918-CC05-013,2026-09-18,CC05,F05013,49.8,3.75
COL-0918-CC05-014,2026-09-18,CC05,F05014,10.6,3.58
COL-0918-CC05-015,2026-09-18,CC05,F05015,53.8,3.72
COL-0918-CC05-016,2026-09-18,CC05,F05016,22.6,3.56
COL-0918-CC05-017,2026-09-18,CC05,F05017,50.2,4.22
COL-0918-CC05-018,2026-09-18,CC05,F05018,9.4,4.45
COL-0918-CC05-019,2026-09-18,CC05,F05019,32.3,3.68
COL-0918-CC05-020,2026-09-18,CC05,F05020,52.8,3.51
COL-0918-CC05-021,2026-09-18,CC05,F05021,38.5,3.86
COL-0918-CC05-022,2026-09-18,CC05,F05022,17.8,3.83
COL-0918-CC05-023,2026-09-18,CC05,F05023,12.3,4.1
COL-0918-CC05-024,2026-09-18,CC05,F05024,12.8,3.63
COL-0918-CC05-025,2026-09-18,CC05,F05025,30.6,3.74
COL-0918-CC05-026,2026-09-18,CC05,F05026,60.0,3.8
COL-0918-CC05-027,2026-09-18,CC05,F05027,24.5,3.75
COL-0918-CC05-028,2026-09-18,CC05,F05028,29.0,3.92
COL-0918-CC05-029,2026-09-18,CC05,F05029,8.3,3.95
COL-0918-CC05-030,2026-09-18,CC05,F05030,21.4,3.93
COL-0918-CC05-031,2026-09-18,CC05,F05031,27.3,3.26
COL-0918-CC05-032,2026-09-18,CC05,F05032,29.2,3.96
COL-0918-CC05-033,2026-09-18,CC05,F05033,24.2,3.86
COL-0918-CC05-034,2026-09-18,CC05,F05034,23.3,3.22
COL-0918-CC05-035,2026-09-18,CC05,F05035,18.2,3.82
COL-0918-CC05-036,2026-09-18,CC05,F05036,14.9,3.59
COL-0918-CC05-037,2026-09-18,CC05,F05037,35.1,3.76
COL-0918-CC05-038,2026-09-18,CC05,F05038,10.9,3.45
COL-0918-CC05-039,2026-09-18,CC05,F05039,24.2,4.04
COL-0918-CC05-040,2026-09-18,CC05,F05040,51.3,4.0
COL-0918-CC05-041,2026-09-18,CC05,F05041,41.7,4.1
COL-0918-CC05-042,2026-09-18,CC05,F05042,65.8,3.95
COL-0918-CC05-043,2026-09-18,CC05,F05043,40.0,3.96
COL-0918-CC05-044,2026-09-18,CC05,F05044,30.9,3.97
COL-0918-CC05-045,2026-09-18,CC05,F05045,10.3,4.17
COL-0918-CC05-046,2026-09-18,CC05,F05046,27.2,3.81
COL-0918-CC05-047,2026-09-18,CC05,F05047,6.7,4.06
COL-0918-CC06-000,2026-09-18,CC06,F06000,62.0,4.17
COL-0918-CC06-001,2026-09-18,CC06,F06001,17.9,4.46
COL-0918-CC06-002,2026-09-18,CC06,F06002,23.3,3.97
COL-0918-CC06-003,2026-09-18,CC06,F06003,30.3,3.54
COL-0918-CC06-004,2026-09-18,CC06,F06004,29.5,3.79
COL-0918-CC06-005,2026-09-18,CC06,F06005,31.1,3.8
COL-0918-CC06-006,2026-09-18,CC06,F06006,41.5,3.53
COL-0918-CC06-007,2026-09-18,CC06,F06007,49.8,3.71
COL-0918-CC06-008,2026-09-18,CC06,F06008,28.1,4.19
COL-0918-CC06-009,2026-09-18,CC06,F06009,26.9,3.55
COL-0918-CC06-010,2026-09-18,CC06,F06010,32.8,4.07
COL-0918-CC06-011,2026-09-18,CC06,F06011,30.7,3.73
COL-0918-CC06-012,2026-09-18,CC06,F06012,16.4,3.5
COL-0918-CC06-013,2026-09-18,CC06,F06013,25.0,3.71
COL-0918-CC06-014,2026-09-18,CC06,F06014,48.8,4.06
COL-0918-CC06-015,2026-09-18,CC06,F06015,71.7,3.77
COL-0918-CC06-016,2026-09-18,CC06,F06016,23.7,3.62
COL-0918-CC06-017,2026-09-18,CC06,F06017,42.9,3.73
COL-0918-CC06-018,2026-09-18,CC06,F06018,30.5,3.49
COL-0918-CC06-019,2026-09-18,CC06,F06019,36.2,3.86
COL-0918-CC06-020,2026-09-18,CC06,F06020,44.6,4.08
COL-0918-CC06-021,2026-09-18,CC06,F06021,6.1,4.11
COL-0918-CC06-022,2026-09-18,CC06,F06022,17.3,4.34
COL-0918-CC06-023,2026-09-18,CC06,F06023,17.3,4.0
COL-0918-CC06-024,2026-09-18,CC06,F06024,30.9,3.12
COL-0918-CC07-000,2026-09-18,CC07,F07000,37.4,4.15
COL-0918-CC07-001,2026-09-18,CC07,F07001,22.4,3.9
COL-0918-CC07-002,2026-09-18,CC07,F07002,11.0,3.77
COL-0918-CC07-003,2026-09-18,CC07,F07003,39.3,3.93
COL-0918-CC07-004,2026-09-18,CC07,F07004,20.9,3.72
COL-0918-CC07-005,2026-09-18,CC07,F07005,25.6,3.66
COL-0918-CC07-006,2026-09-18,CC07,F07006,14.1,3.41
COL-0918-CC07-007,2026-09-18,CC07,F07007,50.5,4.07
COL-0918-CC07-008,2026-09-18,CC07,F07008,28.9,4.53
COL-0918-CC07-009,2026-09-18,CC07,F07009,24.3,3.49
COL-0918-CC07-010,2026-09-18,CC07,F07010,24.1,3.8
COL-0918-CC07-011,2026-09-18,CC07,F07011,31.4,4.34
COL-0918-CC07-012,2026-09-18,CC07,F07012,23.4,4.38
COL-0918-CC07-013,2026-09-18,CC07,F07013,32.1,4.28
COL-0918-CC07-014,2026-09-18,CC07,F07014,16.6,3.78
COL-0918-CC07-015,2026-09-18,CC07,F07015,14.2,4.21
COL-0918-CC07-016,2026-09-18,CC07,F07016,45.5,3.82
COL-0918-CC07-017,2026-09-18,CC07,F07017,13.9,3.5
COL-0918-CC07-018,2026-09-18,CC07,F07018,22.1,3.9
COL-0918-CC07-019,2026-09-18,CC07,F07019,28.6,3.94
COL-0918-CC07-020,2026-09-18,CC07,F07020,37.4,4.25
COL-0918-CC07-021,2026-09-18,CC07,F07021,68.7,3.63
COL-0918-CC07-022,2026-09-18,CC07,F07022,23.8,3.54
COL-0918-CC07-023,2026-09-18,CC07,F07023,18.2,3.91
COL-0918-CC07-024,2026-09-18,CC07,F07024,47.8,3.98
COL-0918-CC07-025,2026-09-18,CC07,F07025,51.7,4.31
COL-0918-CC07-026,2026-09-18,CC07,F07026,9.1,3.91
COL-0918-CC07-027,2026-09-18,CC07,F07027,25.0,3.66
COL-0918-CC07-028,2026-09-18,CC07,F07028,30.7,3.81
COL-0918-CC07-029,2026-09-18,CC07,F07029,18.3,4.67
COL-0918-CC07-030,2026-09-18,CC07,F07030,23.6,3.23
COL-0918-CC07-031,2026-09-18,CC07,F07031,35.1,3.8
COL-0918-CC07-032,2026-09-18,CC07,F07032,57.5,4.32
COL-0918-CC07-033,2026-09-18,CC07,F07033,28.1,3.85
COL-0918-CC07-034,2026-09-18,CC07,F07034,27.7,3.54
COL-0918-CC07-035,2026-09-18,CC07,F07035,6.8,3.63
COL-0918-CC07-036,2026-09-18,CC07,F07036,40.1,4.04
COL-0918-CC07-037,2026-09-18,CC07,F07037,18.3,3.51
COL-0918-CC07-038,2026-09-18,CC07,F07038,15.6,3.88
COL-0918-CC07-039,2026-09-18,CC07,F07039,22.4,3.82
COL-0918-CC07-040,2026-09-18,CC07,F07040,28.0,4.0
COL-0918-CC07-041,2026-09-18,CC07,F07041,23.8,4.04
COL-0918-CC07-042,2026-09-18,CC07,F07042,15.5,4.05
COL-0918-CC07-043,2026-09-18,CC07,F07043,25.1,3.88
COL-0918-CC07-044,2026-09-18,CC07,F07044,36.9,4.02
COL-0918-CC07-045,2026-09-18,CC07,F07045,17.9,3.78
COL-0918-CC07-046,2026-09-18,CC07,F07046,26.3,3.54
COL-0918-CC07-047,2026-09-18,CC07,F07047,21.0,3.77
COL-0918-CC07-048,2026-09-18,CC07,F07048,46.3,3.97
COL-0918-CC08-000,2026-09-18,CC08,F08000,16.6,3.73
COL-0918-CC08-001,2026-09-18,CC08,F08001,33.1,4.18
COL-0918-CC08-002,2026-09-18,CC08,F08002,12.7,4.07
COL-0918-CC08-003,2026-09-18,CC08,F08003,34.1,3.88
COL-0918-CC08-004,2026-09-18,CC08,F08004,39.9,4.38
COL-0918-CC08-005,2026-09-18,CC08,F08005,42.3,4.46
COL-0918-CC08-006,2026-09-18,CC08,F08006,27.4,4.0
COL-0918-CC08-007,2026-09-18,CC08,F08007,37.4,3.81
COL-0918-CC08-008,2026-09-18,CC08,F08008,38.6,3.65
COL-0918-CC08-009,2026-09-18,CC08,F08009,49.9,4.51
COL-0918-CC08-010,2026-09-18,CC08,F08010,20.4,3.59
COL-0918-CC08-011,2026-09-18,CC08,F08011,21.8,3.97
COL-0918-CC08-012,2026-09-18,CC08,F08012,53.3,3.61
COL-0918-CC08-013,2026-09-18,CC08,F08013,34.0,3.6
COL-0918-CC08-014,2026-09-18,CC08,F08014,28.3,3.59
COL-0918-CC08-015,2026-09-18,CC08,F08015,19.6,4.3
COL-0918-CC08-016,2026-09-18,CC08,F08016,44.0,3.71
COL-0918-CC08-017,2026-09-18,CC08,F08017,14.6,3.32
COL-0918-CC08-018,2026-09-18,CC08,F08018,55.2,3.52
COL-0918-CC08-019,2026-09-18,CC08,F08019,19.2,3.4
COL-0918-CC08-020,2026-09-18,CC08,F08020,22.5,3.7
COL-0918-CC08-021,2026-09-18,CC08,F08021,19.1,3.66
COL-0918-CC08-022,2026-09-18,CC08,F08022,31.6,4.27
COL-0918-CC08-023,2026-09-18,CC08,F08023,29.4,3.54
COL-0918-CC08-024,2026-09-18,CC08,F08024,42.4,3.47
COL-0918-CC08-025,2026-09-18,CC08,F08025,15.8,3.89
COL-0918-CC08-026,2026-09-18,CC08,F08026,38.8,4.39
COL-0918-CC08-027,2026-09-18,CC08,F08027,45.3,3.71
COL-0918-CC08-028,2026-09-18,CC08,F08028,52.3,3.6
COL-0918-CC08-029,2026-09-18,CC08,F08029,25.2,4.24
COL-0918-CC08-030,2026-09-18,CC08,F08030,47.8,3.31
COL-0918-CC08-031,2026-09-18,CC08,F08031,75.6,3.81
COL-0918-CC08-032,2026-09-18,CC08,F08032,6.8,3.69
COL-0918-CC08-033,2026-09-18,CC08,F08033,30.3,4.01
COL-0918-CC08-034,2026-09-18,CC08,F08034,34.8,3.96
COL-0919-CC01-000,2026-09-19,CC01,F01000,22.4,3.65
COL-0919-CC01-001,2026-09-19,CC01,F01001,33.1,3.57
COL-0919-CC01-002,2026-09-19,CC01,F01002,37.2,4.31
COL-0919-CC01-003,2026-09-19,CC01,F01003,34.5,4.01
COL-0919-CC01-004,2026-09-19,CC01,F01004,67.2,3.31
COL-0919-CC01-005,2026-09-19,CC01,F01005,21.7,3.51
COL-0919-CC01-006,2026-09-19,CC01,F01006,42.3,3.55
COL-0919-CC01-007,2026-09-19,CC01,F01007,14.8,3.4
COL-0919-CC01-008,2026-09-19,CC01,F01008,18.6,4.12
COL-0919-CC01-009,2026-09-19,CC01,F01009,35.0,3.75
COL-0919-CC01-010,2026-09-19,CC01,F01010,58.5,4.0
COL-0919-CC01-011,2026-09-19,CC01,F01011,20.3,3.85
COL-0919-CC01-012,2026-09-19,CC01,F01012,17.6,3.29
COL-0919-CC01-013,2026-09-19,CC01,F01013,21.9,3.62
COL-0919-CC01-014,2026-09-19,CC01,F01014,8.4,3.48
COL-0919-CC01-015,2026-09-19,CC01,F01015,30.8,4.08
COL-0919-CC01-016,2026-09-19,CC01,F01016,34.1,3.92
COL-0919-CC01-017,2026-09-19,CC01,F01017,43.0,3.62
COL-0919-CC01-018,2026-09-19,CC01,F01018,38.4,4.23
COL-0919-CC01-019,2026-09-19,CC01,F01019,71.0,4.56
COL-0919-CC01-020,2026-09-19,CC01,F01020,21.0,3.5
COL-0919-CC01-021,2026-09-19,CC01,F01021,6.6,3.23
COL-0919-CC01-022,2026-09-19,CC01,F01022,19.9,3.88
COL-0919-CC01-023,2026-09-19,CC01,F01023,24.6,3.94
COL-0919-CC01-024,2026-09-19,CC01,F01024,9.0,3.24
COL-0919-CC01-025,2026-09-19,CC01,F01025,44.5,3.41
COL-0919-CC01-026,2026-09-19,CC01,F01026,52.1,3.52
COL-0919-CC01-027,2026-09-19,CC01,F01027,23.8,3.99
COL-0919-CC01-028,2026-09-19,CC01,F01028,91.5,3.88
COL-0919-CC01-029,2026-09-19,CC01,F01029,15.3,3.39
COL-0919-CC01-030,2026-09-19,CC01,F01030,48.9,3.5
COL-0919-CC01-031,2026-09-19,CC01,F01031,16.7,3.44
COL-0919-CC01-032,2026-09-19,CC01,F01032,44.8,3.8
COL-0919-CC01-033,2026-09-19,CC01,F01033,25.9,4.44
COL-0919-CC01-034,2026-09-19,CC01,F01034,28.2,4.25
COL-0919-CC01-035,2026-09-19,CC01,F01035,33.2,4.07
COL-0919-CC01-036,2026-09-19,CC01,F01036,50.7,3.44
COL-0919-CC01-037,2026-09-19,CC01,F01037,21.8,4.13
COL-0919-CC01-038,2026-09-19,CC01,F01038,45.3,3.57
COL-0919-CC01-039,2026-09-19,CC01,F01039,21.5,3.56
COL-0919-CC01-040,2026-09-19,CC01,F01040,15.4,4.14
COL-0919-CC01-041,2026-09-19,CC01,F01041,65.3,3.73
COL-0919-CC01-042,2026-09-19,CC01,F01042,65.1,4.04
COL-0919-CC02-000,2026-09-19,CC02,F02000,39.6,3.39
COL-0919-CC02-001,2026-09-19,CC02,F02001,14.3,4.06
COL-0919-CC02-002,2026-09-19,CC02,F02002,21.4,3.42
COL-0919-CC02-003,2026-09-19,CC02,F02003,21.6,3.27
COL-0919-CC02-004,2026-09-19,CC02,F02004,33.1,4.43
COL-0919-CC02-005,2026-09-19,CC02,F02005,11.7,3.99
COL-0919-CC02-006,2026-09-19,CC02,F02006,31.3,4.13
COL-0919-CC02-007,2026-09-19,CC02,F02007,11.9,3.69
COL-0919-CC02-008,2026-09-19,CC02,F02008,21.4,3.68
COL-0919-CC02-009,2026-09-19,CC02,F02009,26.4,3.52
COL-0919-CC02-010,2026-09-19,CC02,F02010,15.5,3.64
COL-0919-CC02-011,2026-09-19,CC02,F02011,54.9,3.62
COL-0919-CC02-012,2026-09-19,CC02,F02012,29.6,3.32
COL-0919-CC02-013,2026-09-19,CC02,F02013,46.1,4.2
COL-0919-CC02-014,2026-09-19,CC02,F02014,20.4,3.5
COL-0919-CC02-015,2026-09-19,CC02,F02015,22.3,4.07
COL-0919-CC02-016,2026-09-19,CC02,F02016,13.2,3.45
COL-0919-CC02-017,2026-09-19,CC02,F02017,29.2,3.83
COL-0919-CC02-018,2026-09-19,CC02,F02018,30.4,3.51
COL-0919-CC02-019,2026-09-19,CC02,F02019,34.3,3.65
COL-0919-CC02-020,2026-09-19,CC02,F02020,19.0,3.75
COL-0919-CC02-021,2026-09-19,CC02,F02021,35.7,3.63
COL-0919-CC02-022,2026-09-19,CC02,F02022,22.1,3.76
COL-0919-CC02-023,2026-09-19,CC02,F02023,56.7,3.7
COL-0919-CC02-024,2026-09-19,CC02,F02024,39.1,3.51
COL-0919-CC02-025,2026-09-19,CC02,F02025,29.1,3.79
COL-0919-CC02-026,2026-09-19,CC02,F02026,13.2,3.81
COL-0919-CC02-027,2026-09-19,CC02,F02027,12.2,4.05
COL-0919-CC02-028,2026-09-19,CC02,F02028,14.5,3.72
COL-0919-CC02-029,2026-09-19,CC02,F02029,64.1,3.42
COL-0919-CC02-030,2026-09-19,CC02,F02030,30.9,3.59
COL-0919-CC02-031,2026-09-19,CC02,F02031,27.2,3.77
COL-0919-CC02-032,2026-09-19,CC02,F02032,38.0,3.72
COL-0919-CC02-033,2026-09-19,CC02,F02033,50.6,4.02
COL-0919-CC03-000,2026-09-19,CC03,F03000,25.6,3.82
COL-0919-CC03-001,2026-09-19,CC03,F03001,45.2,4.27
COL-0919-CC03-002,2026-09-19,CC03,F03002,11.1,3.77
COL-0919-CC03-003,2026-09-19,CC03,F03003,26.3,3.29
COL-0919-CC03-004,2026-09-19,CC03,F03004,61.1,4.26
COL-0919-CC03-005,2026-09-19,CC03,F03005,19.3,3.76
COL-0919-CC03-006,2026-09-19,CC03,F03006,23.5,4.18
COL-0919-CC03-007,2026-09-19,CC03,F03007,36.6,3.62
COL-0919-CC03-008,2026-09-19,CC03,F03008,20.1,3.17
COL-0919-CC03-009,2026-09-19,CC03,F03009,42.9,3.61
COL-0919-CC03-010,2026-09-19,CC03,F03010,57.6,3.34
COL-0919-CC03-011,2026-09-19,CC03,F03011,40.4,3.84
COL-0919-CC03-012,2026-09-19,CC03,F03012,29.4,3.84
COL-0919-CC03-013,2026-09-19,CC03,F03013,40.0,3.67
COL-0919-CC03-014,2026-09-19,CC03,F03014,55.4,4.31
COL-0919-CC03-015,2026-09-19,CC03,F03015,74.9,3.46
COL-0919-CC03-016,2026-09-19,CC03,F03016,64.0,3.39
COL-0919-CC03-017,2026-09-19,CC03,F03017,28.8,3.83
COL-0919-CC03-018,2026-09-19,CC03,F03018,22.4,4.01
COL-0919-CC03-019,2026-09-19,CC03,F03019,17.6,3.82
COL-0919-CC03-020,2026-09-19,CC03,F03020,27.5,3.56
COL-0919-CC03-021,2026-09-19,CC03,F03021,8.5,4.08
COL-0919-CC03-022,2026-09-19,CC03,F03022,14.7,3.16
COL-0919-CC03-023,2026-09-19,CC03,F03023,24.2,3.4
COL-0919-CC03-024,2026-09-19,CC03,F03024,24.6,3.69
COL-0919-CC03-025,2026-09-19,CC03,F03025,13.6,3.22
COL-0919-CC03-026,2026-09-19,CC03,F03026,30.3,3.77
COL-0919-CC03-027,2026-09-19,CC03,F03027,32.2,3.65
COL-0919-CC03-028,2026-09-19,CC03,F03028,30.5,3.72
COL-0919-CC03-029,2026-09-19,CC03,F03029,23.2,3.81
COL-0919-CC03-030,2026-09-19,CC03,F03030,12.9,3.94
COL-0919-CC03-031,2026-09-19,CC03,F03031,32.2,3.83
COL-0919-CC03-032,2026-09-19,CC03,F03032,70.1,3.81
COL-0919-CC03-033,2026-09-19,CC03,F03033,30.3,3.21
COL-0919-CC03-034,2026-09-19,CC03,F03034,32.5,3.7
COL-0919-CC04-000,2026-09-19,CC04,F04000,14.5,4.17
COL-0919-CC04-001,2026-09-19,CC04,F04001,52.2,4.03
COL-0919-CC04-002,2026-09-19,CC04,F04002,9.1,4.03
COL-0919-CC04-003,2026-09-19,CC04,F04003,32.6,3.68
COL-0919-CC04-004,2026-09-19,CC04,F04004,14.7,3.87
COL-0919-CC04-005,2026-09-19,CC04,F04005,41.5,4.12
COL-0919-CC04-006,2026-09-19,CC04,F04006,34.0,3.47
COL-0919-CC04-007,2026-09-19,CC04,F04007,32.3,4.08
COL-0919-CC04-008,2026-09-19,CC04,F04008,71.1,3.87
COL-0919-CC04-009,2026-09-19,CC04,F04009,36.7,3.62
COL-0919-CC04-010,2026-09-19,CC04,F04010,26.7,3.99
COL-0919-CC04-011,2026-09-19,CC04,F04011,32.3,3.94
COL-0919-CC04-012,2026-09-19,CC04,F04012,16.5,3.63
COL-0919-CC04-013,2026-09-19,CC04,F04013,9.8,3.75
COL-0919-CC04-014,2026-09-19,CC04,F04014,37.7,3.56
COL-0919-CC04-015,2026-09-19,CC04,F04015,21.2,3.74
COL-0919-CC04-016,2026-09-19,CC04,F04016,34.7,3.47
COL-0919-CC04-017,2026-09-19,CC04,F04017,40.4,3.37
COL-0919-CC04-018,2026-09-19,CC04,F04018,56.5,4.06
COL-0919-CC04-019,2026-09-19,CC04,F04019,41.8,3.33
COL-0919-CC04-020,2026-09-19,CC04,F04020,50.9,3.39
COL-0919-CC04-021,2026-09-19,CC04,F04021,25.8,3.5
COL-0919-CC04-022,2026-09-19,CC04,F04022,21.3,4.44
COL-0919-CC04-023,2026-09-19,CC04,F04023,18.4,3.36
COL-0919-CC04-024,2026-09-19,CC04,F04024,18.9,3.67
COL-0919-CC04-025,2026-09-19,CC04,F04025,27.9,3.59
COL-0919-CC04-026,2026-09-19,CC04,F04026,50.9,4.04
COL-0919-CC04-027,2026-09-19,CC04,F04027,9.8,3.58
COL-0919-CC04-028,2026-09-19,CC04,F04028,31.2,4.18
COL-0919-CC04-029,2026-09-19,CC04,F04029,27.9,3.8
COL-0919-CC04-030,2026-09-19,CC04,F04030,12.8,4.2
COL-0919-CC04-031,2026-09-19,CC04,F04031,43.2,3.9
COL-0919-CC04-032,2026-09-19,CC04,F04032,21.3,3.79
COL-0919-CC04-033,2026-09-19,CC04,F04033,10.0,3.43
COL-0919-CC04-034,2026-09-19,CC04,F04034,26.8,3.62
COL-0919-CC04-035,2026-09-19,CC04,F04035,11.3,3.75
COL-0919-CC04-036,2026-09-19,CC04,F04036,46.8,3.71
COL-0919-CC04-037,2026-09-19,CC04,F04037,70.3,3.98
COL-0919-CC04-038,2026-09-19,CC04,F04038,36.7,3.79
COL-0919-CC04-039,2026-09-19,CC04,F04039,41.5,4.05
COL-0919-CC04-040,2026-09-19,CC04,F04040,29.1,3.75
COL-0919-CC04-041,2026-09-19,CC04,F04041,41.0,3.71
COL-0919-CC04-042,2026-09-19,CC04,F04042,18.0,4.07
COL-0919-CC04-043,2026-09-19,CC04,F04043,25.4,3.89
COL-0919-CC04-044,2026-09-19,CC04,F04044,34.4,4.05
COL-0919-CC04-045,2026-09-19,CC04,F04045,17.2,3.92
COL-0919-CC04-046,2026-09-19,CC04,F04046,51.1,3.65
COL-0919-CC04-047,2026-09-19,CC04,F04047,26.3,3.87
COL-0919-CC05-000,2026-09-19,CC05,F05000,33.5,3.43
COL-0919-CC05-001,2026-09-19,CC05,F05001,47.1,3.59
COL-0919-CC05-002,2026-09-19,CC05,F05002,33.7,3.97
COL-0919-CC05-003,2026-09-19,CC05,F05003,11.9,3.66
COL-0919-CC05-004,2026-09-19,CC05,F05004,54.9,4.3
COL-0919-CC05-005,2026-09-19,CC05,F05005,35.5,3.58
COL-0919-CC05-006,2026-09-19,CC05,F05006,42.2,4.05
COL-0919-CC05-007,2026-09-19,CC05,F05007,31.1,4.15
COL-0919-CC05-008,2026-09-19,CC05,F05008,29.2,3.86
COL-0919-CC05-009,2026-09-19,CC05,F05009,24.1,3.99
COL-0919-CC05-010,2026-09-19,CC05,F05010,41.2,3.61
COL-0919-CC05-011,2026-09-19,CC05,F05011,27.1,4.2
COL-0919-CC05-012,2026-09-19,CC05,F05012,23.5,3.84
COL-0919-CC05-013,2026-09-19,CC05,F05013,33.1,3.62
COL-0919-CC05-014,2026-09-19,CC05,F05014,37.7,3.82
COL-0919-CC05-015,2026-09-19,CC05,F05015,32.5,4.17
COL-0919-CC05-016,2026-09-19,CC05,F05016,38.7,3.76
COL-0919-CC05-017,2026-09-19,CC05,F05017,37.1,3.35
COL-0919-CC05-018,2026-09-19,CC05,F05018,50.1,3.51
COL-0919-CC05-019,2026-09-19,CC05,F05019,23.0,4.18
COL-0919-CC05-020,2026-09-19,CC05,F05020,30.8,3.77
COL-0919-CC05-021,2026-09-19,CC05,F05021,18.8,3.52
COL-0919-CC05-022,2026-09-19,CC05,F05022,37.6,3.88
COL-0919-CC05-023,2026-09-19,CC05,F05023,31.6,3.93
COL-0919-CC05-024,2026-09-19,CC05,F05024,10.4,3.97
COL-0919-CC05-025,2026-09-19,CC05,F05025,47.8,3.66
COL-0919-CC05-026,2026-09-19,CC05,F05026,37.9,3.84
COL-0919-CC05-027,2026-09-19,CC05,F05027,12.2,3.86
COL-0919-CC05-028,2026-09-19,CC05,F05028,38.0,3.84
COL-0919-CC05-029,2026-09-19,CC05,F05029,53.9,3.87
COL-0919-CC05-030,2026-09-19,CC05,F05030,23.9,3.82
COL-0919-CC05-031,2026-09-19,CC05,F05031,55.4,3.83
COL-0919-CC06-000,2026-09-19,CC06,F06000,28.6,3.54
COL-0919-CC06-001,2026-09-19,CC06,F06001,45.8,4.25
COL-0919-CC06-002,2026-09-19,CC06,F06002,84.0,3.86
COL-0919-CC06-003,2026-09-19,CC06,F06003,34.8,3.27
COL-0919-CC06-004,2026-09-19,CC06,F06004,46.2,3.56
COL-0919-CC06-005,2026-09-19,CC06,F06005,23.3,4.21
COL-0919-CC06-006,2026-09-19,CC06,F06006,18.6,3.97
COL-0919-CC06-007,2026-09-19,CC06,F06007,12.1,3.77
COL-0919-CC06-008,2026-09-19,CC06,F06008,28.9,3.3
COL-0919-CC06-009,2026-09-19,CC06,F06009,16.0,3.27
COL-0919-CC06-010,2026-09-19,CC06,F06010,18.3,4.54
COL-0919-CC06-011,2026-09-19,CC06,F06011,26.4,3.67
COL-0919-CC06-012,2026-09-19,CC06,F06012,61.5,3.43
COL-0919-CC06-013,2026-09-19,CC06,F06013,31.7,3.66
COL-0919-CC06-014,2026-09-19,CC06,F06014,41.9,4.49
COL-0919-CC06-015,2026-09-19,CC06,F06015,37.6,4.26
COL-0919-CC06-016,2026-09-19,CC06,F06016,21.8,4.0
COL-0919-CC06-017,2026-09-19,CC06,F06017,30.2,3.64
COL-0919-CC06-018,2026-09-19,CC06,F06018,31.7,4.07
COL-0919-CC06-019,2026-09-19,CC06,F06019,33.0,4.23
COL-0919-CC06-020,2026-09-19,CC06,F06020,42.8,3.78
COL-0919-CC06-021,2026-09-19,CC06,F06021,22.2,3.66
COL-0919-CC06-022,2026-09-19,CC06,F06022,21.9,3.84
COL-0919-CC06-023,2026-09-19,CC06,F06023,31.0,3.93
COL-0919-CC06-024,2026-09-19,CC06,F06024,62.9,3.62
COL-0919-CC06-025,2026-09-19,CC06,F06025,20.2,3.14
COL-0919-CC06-026,2026-09-19,CC06,F06026,23.8,4.32
COL-0919-CC06-027,2026-09-19,CC06,F06027,44.8,4.0
COL-0919-CC06-028,2026-09-19,CC06,F06028,5.8,3.56
COL-0919-CC06-029,2026-09-19,CC06,F06029,39.6,3.88
COL-0919-CC06-030,2026-09-19,CC06,F06030,10.0,4.05
COL-0919-CC06-031,2026-09-19,CC06,F06031,44.7,4.12
COL-0919-CC06-032,2026-09-19,CC06,F06032,9.7,3.69
COL-0919-CC06-033,2026-09-19,CC06,F06033,28.4,3.66
COL-0919-CC06-034,2026-09-19,CC06,F06034,33.5,3.72
COL-0919-CC06-035,2026-09-19,CC06,F06035,53.9,3.94
COL-0919-CC06-036,2026-09-19,CC06,F06036,9.2,3.08
COL-0919-CC07-000,2026-09-19,CC07,F07000,19.0,3.85
COL-0919-CC07-001,2026-09-19,CC07,F07001,25.1,3.58
COL-0919-CC07-002,2026-09-19,CC07,F07002,19.1,4.45
COL-0919-CC07-003,2026-09-19,CC07,F07003,20.9,3.23
COL-0919-CC07-004,2026-09-19,CC07,F07004,16.1,3.62
COL-0919-CC07-005,2026-09-19,CC07,F07005,39.2,3.97
COL-0919-CC07-006,2026-09-19,CC07,F07006,18.7,3.3
COL-0919-CC07-007,2026-09-19,CC07,F07007,34.7,3.7
COL-0919-CC07-008,2026-09-19,CC07,F07008,27.0,3.84
COL-0919-CC07-009,2026-09-19,CC07,F07009,29.0,3.58
COL-0919-CC07-010,2026-09-19,CC07,F07010,12.2,3.98
COL-0919-CC07-011,2026-09-19,CC07,F07011,43.7,3.27
COL-0919-CC07-012,2026-09-19,CC07,F07012,24.4,3.44
COL-0919-CC07-013,2026-09-19,CC07,F07013,28.4,4.32
COL-0919-CC07-014,2026-09-19,CC07,F07014,48.5,3.84
COL-0919-CC07-015,2026-09-19,CC07,F07015,17.0,3.86
COL-0919-CC07-016,2026-09-19,CC07,F07016,22.1,3.23
COL-0919-CC07-017,2026-09-19,CC07,F07017,21.1,3.61
COL-0919-CC07-018,2026-09-19,CC07,F07018,39.7,3.95
COL-0919-CC07-019,2026-09-19,CC07,F07019,35.6,3.45
COL-0919-CC07-020,2026-09-19,CC07,F07020,79.8,3.53
COL-0919-CC07-021,2026-09-19,CC07,F07021,12.2,4.07
COL-0919-CC07-022,2026-09-19,CC07,F07022,59.0,3.45
COL-0919-CC07-023,2026-09-19,CC07,F07023,20.8,3.8
COL-0919-CC07-024,2026-09-19,CC07,F07024,29.9,3.69
COL-0919-CC07-025,2026-09-19,CC07,F07025,15.1,3.41
COL-0919-CC07-026,2026-09-19,CC07,F07026,46.4,3.8
COL-0919-CC07-027,2026-09-19,CC07,F07027,36.6,3.88
COL-0919-CC07-028,2026-09-19,CC07,F07028,41.0,3.19
COL-0919-CC07-029,2026-09-19,CC07,F07029,12.3,4.1
COL-0919-CC07-030,2026-09-19,CC07,F07030,33.2,3.52
COL-0919-CC07-031,2026-09-19,CC07,F07031,23.7,3.55
COL-0919-CC07-032,2026-09-19,CC07,F07032,29.1,3.85
COL-0919-CC07-033,2026-09-19,CC07,F07033,22.3,4.01
COL-0919-CC07-034,2026-09-19,CC07,F07034,33.9,4.09
COL-0919-CC07-035,2026-09-19,CC07,F07035,35.5,3.34
COL-0919-CC07-036,2026-09-19,CC07,F07036,38.8,3.78
COL-0919-CC07-037,2026-09-19,CC07,F07037,53.8,4.06
COL-0919-CC07-038,2026-09-19,CC07,F07038,29.6,3.6
COL-0919-CC08-000,2026-09-19,CC08,F08000,43.6,3.84
COL-0919-CC08-001,2026-09-19,CC08,F08001,27.1,3.11
COL-0919-CC08-002,2026-09-19,CC08,F08002,18.9,3.73
COL-0919-CC08-003,2026-09-19,CC08,F08003,53.8,3.91
COL-0919-CC08-004,2026-09-19,CC08,F08004,28.5,4.15
COL-0919-CC08-005,2026-09-19,CC08,F08005,35.0,3.92
COL-0919-CC08-006,2026-09-19,CC08,F08006,55.6,3.94
COL-0919-CC08-007,2026-09-19,CC08,F08007,18.6,3.15
COL-0919-CC08-008,2026-09-19,CC08,F08008,26.8,3.78
COL-0919-CC08-009,2026-09-19,CC08,F08009,43.1,3.72
COL-0919-CC08-010,2026-09-19,CC08,F08010,31.0,4.51
COL-0919-CC08-011,2026-09-19,CC08,F08011,23.9,4.19
COL-0919-CC08-012,2026-09-19,CC08,F08012,33.1,3.57
COL-0919-CC08-013,2026-09-19,CC08,F08013,46.8,4.18
COL-0919-CC08-014,2026-09-19,CC08,F08014,30.2,3.46
COL-0919-CC08-015,2026-09-19,CC08,F08015,14.0,3.97
COL-0919-CC08-016,2026-09-19,CC08,F08016,14.2,3.5
COL-0919-CC08-017,2026-09-19,CC08,F08017,32.6,4.2
COL-0919-CC08-018,2026-09-19,CC08,F08018,15.5,3.96
COL-0919-CC08-019,2026-09-19,CC08,F08019,34.6,4.19
COL-0919-CC08-020,2026-09-19,CC08,F08020,16.5,4.03
COL-0919-CC08-021,2026-09-19,CC08,F08021,21.8,3.78
COL-0919-CC08-022,2026-09-19,CC08,F08022,28.0,3.59
COL-0919-CC08-023,2026-09-19,CC08,F08023,24.3,3.73
COL-0919-CC08-024,2026-09-19,CC08,F08024,12.1,3.82
COL-0919-CC08-025,2026-09-19,CC08,F08025,36.5,3.95
COL-0919-CC08-026,2026-09-19,CC08,F08026,64.6,3.96
COL-0919-CC08-027,2026-09-19,CC08,F08027,30.9,3.8
COL-0919-CC08-028,2026-09-19,CC08,F08028,18.7,4.01
COL-0919-CC08-029,2026-09-19,CC08,F08029,21.0,3.54
COL-0919-CC08-030,2026-09-19,CC08,F08030,45.5,3.86
COL-0919-CC08-031,2026-09-19,CC08,F08031,17.8,3.36
COL-0919-CC08-032,2026-09-19,CC08,F08032,31.4,3.89
COL-0919-CC08-033,2026-09-19,CC08,F08033,18.6,3.74
COL-0919-CC08-034,2026-09-19,CC08,F08034,13.8,4.24
COL-0920-CC01-000,2026-09-20,CC01,F01000,12.8,3.8
COL-0920-CC01-001,2026-09-20,CC01,F01001,13.3,3.45
COL-0920-CC01-002,2026-09-20,CC01,F01002,7.3,3.85
COL-0920-CC01-003,2026-09-20,CC01,F01003,53.7,3.24
COL-0920-CC01-004,2026-09-20,CC01,F01004,37.7,3.77
COL-0920-CC01-005,2026-09-20,CC01,F01005,42.3,4.03
COL-0920-CC01-006,2026-09-20,CC01,F01006,20.5,3.25
COL-0920-CC01-007,2026-09-20,CC01,F01007,78.8,3.71
COL-0920-CC01-008,2026-09-20,CC01,F01008,43.7,3.49
COL-0920-CC01-009,2026-09-20,CC01,F01009,33.7,3.67
COL-0920-CC01-010,2026-09-20,CC01,F01010,15.7,3.58
COL-0920-CC01-011,2026-09-20,CC01,F01011,39.5,4.0
COL-0920-CC01-012,2026-09-20,CC01,F01012,20.0,4.36
COL-0920-CC01-013,2026-09-20,CC01,F01013,21.9,3.93
COL-0920-CC01-014,2026-09-20,CC01,F01014,45.7,3.75
COL-0920-CC01-015,2026-09-20,CC01,F01015,39.4,2.71
COL-0920-CC01-016,2026-09-20,CC01,F01016,41.1,3.49
COL-0920-CC01-017,2026-09-20,CC01,F01017,34.5,3.87
COL-0920-CC01-018,2026-09-20,CC01,F01018,21.5,3.56
COL-0920-CC01-019,2026-09-20,CC01,F01019,26.1,4.0
COL-0920-CC01-020,2026-09-20,CC01,F01020,18.9,3.9
COL-0920-CC01-021,2026-09-20,CC01,F01021,36.2,3.82
COL-0920-CC01-022,2026-09-20,CC01,F01022,47.8,3.79
COL-0920-CC01-023,2026-09-20,CC01,F01023,32.2,3.96
COL-0920-CC01-024,2026-09-20,CC01,F01024,49.7,4.01
COL-0920-CC01-025,2026-09-20,CC01,F01025,28.8,3.6
COL-0920-CC01-026,2026-09-20,CC01,F01026,17.4,3.89
COL-0920-CC01-027,2026-09-20,CC01,F01027,24.8,3.32
COL-0920-CC01-028,2026-09-20,CC01,F01028,57.4,3.97
COL-0920-CC01-029,2026-09-20,CC01,F01029,81.1,4.18
COL-0920-CC01-030,2026-09-20,CC01,F01030,44.5,4.04
COL-0920-CC01-031,2026-09-20,CC01,F01031,13.1,3.83
COL-0920-CC01-032,2026-09-20,CC01,F01032,24.3,3.92
COL-0920-CC01-033,2026-09-20,CC01,F01033,39.9,4.0
COL-0920-CC01-034,2026-09-20,CC01,F01034,46.3,3.75
COL-0920-CC02-000,2026-09-20,CC02,F02000,22.1,3.6
COL-0920-CC02-001,2026-09-20,CC02,F02001,28.5,3.62
COL-0920-CC02-002,2026-09-20,CC02,F02002,38.5,3.2
COL-0920-CC02-003,2026-09-20,CC02,F02003,30.7,3.84
COL-0920-CC02-004,2026-09-20,CC02,F02004,46.8,4.17
COL-0920-CC02-005,2026-09-20,CC02,F02005,11.2,3.98
COL-0920-CC02-006,2026-09-20,CC02,F02006,71.7,3.75
COL-0920-CC02-007,2026-09-20,CC02,F02007,51.5,3.66
COL-0920-CC02-008,2026-09-20,CC02,F02008,30.4,3.33
COL-0920-CC02-009,2026-09-20,CC02,F02009,30.9,3.72
COL-0920-CC02-010,2026-09-20,CC02,F02010,52.2,4.16
COL-0920-CC02-011,2026-09-20,CC02,F02011,16.5,3.95
COL-0920-CC02-012,2026-09-20,CC02,F02012,26.4,3.28
COL-0920-CC02-013,2026-09-20,CC02,F02013,29.0,3.3
COL-0920-CC02-014,2026-09-20,CC02,F02014,18.8,3.85
COL-0920-CC02-015,2026-09-20,CC02,F02015,39.5,3.35
COL-0920-CC02-016,2026-09-20,CC02,F02016,29.0,3.3
COL-0920-CC02-017,2026-09-20,CC02,F02017,29.0,4.09
COL-0920-CC02-018,2026-09-20,CC02,F02018,19.9,3.26
COL-0920-CC02-019,2026-09-20,CC02,F02019,24.7,3.75
COL-0920-CC02-020,2026-09-20,CC02,F02020,56.8,3.92
COL-0920-CC02-021,2026-09-20,CC02,F02021,15.8,4.1
COL-0920-CC02-022,2026-09-20,CC02,F02022,26.5,3.36
COL-0920-CC02-023,2026-09-20,CC02,F02023,46.5,3.76
COL-0920-CC02-024,2026-09-20,CC02,F02024,39.9,4.16
COL-0920-CC02-025,2026-09-20,CC02,F02025,24.9,3.22
COL-0920-CC02-026,2026-09-20,CC02,F02026,33.6,3.49
COL-0920-CC02-027,2026-09-20,CC02,F02027,26.4,3.72
COL-0920-CC02-028,2026-09-20,CC02,F02028,35.1,3.68
COL-0920-CC02-029,2026-09-20,CC02,F02029,24.8,3.65
COL-0920-CC02-030,2026-09-20,CC02,F02030,22.5,4.04
COL-0920-CC02-031,2026-09-20,CC02,F02031,21.4,3.74
COL-0920-CC03-000,2026-09-20,CC03,F03000,19.1,3.74
COL-0920-CC03-001,2026-09-20,CC03,F03001,24.3,4.03
COL-0920-CC03-002,2026-09-20,CC03,F03002,27.4,3.61
COL-0920-CC03-003,2026-09-20,CC03,F03003,28.9,3.23
COL-0920-CC03-004,2026-09-20,CC03,F03004,29.4,3.81
COL-0920-CC03-005,2026-09-20,CC03,F03005,72.6,3.87
COL-0920-CC03-006,2026-09-20,CC03,F03006,26.3,3.9
COL-0920-CC03-007,2026-09-20,CC03,F03007,42.9,3.82
COL-0920-CC03-008,2026-09-20,CC03,F03008,32.4,3.31
COL-0920-CC03-009,2026-09-20,CC03,F03009,27.1,3.94
COL-0920-CC03-010,2026-09-20,CC03,F03010,25.7,3.03
COL-0920-CC03-011,2026-09-20,CC03,F03011,61.0,4.08
COL-0920-CC03-012,2026-09-20,CC03,F03012,20.1,3.81
COL-0920-CC03-013,2026-09-20,CC03,F03013,107.0,4.06
COL-0920-CC03-014,2026-09-20,CC03,F03014,5.3,3.31
COL-0920-CC03-015,2026-09-20,CC03,F03015,13.2,3.81
COL-0920-CC03-016,2026-09-20,CC03,F03016,34.2,3.27
COL-0920-CC03-017,2026-09-20,CC03,F03017,18.5,4.08
COL-0920-CC03-018,2026-09-20,CC03,F03018,65.8,3.79
COL-0920-CC03-019,2026-09-20,CC03,F03019,22.7,3.4
COL-0920-CC03-020,2026-09-20,CC03,F03020,22.8,4.35
COL-0920-CC03-021,2026-09-20,CC03,F03021,19.4,3.7
COL-0920-CC03-022,2026-09-20,CC03,F03022,37.7,3.46
COL-0920-CC03-023,2026-09-20,CC03,F03023,24.4,3.27
COL-0920-CC03-024,2026-09-20,CC03,F03024,17.0,4.27
COL-0920-CC04-000,2026-09-20,CC04,F04000,25.9,4.35
COL-0920-CC04-001,2026-09-20,CC04,F04001,14.6,3.54
COL-0920-CC04-002,2026-09-20,CC04,F04002,43.4,3.44
COL-0920-CC04-003,2026-09-20,CC04,F04003,31.9,3.72
COL-0920-CC04-004,2026-09-20,CC04,F04004,13.3,3.98
COL-0920-CC04-005,2026-09-20,CC04,F04005,36.8,3.41
COL-0920-CC04-006,2026-09-20,CC04,F04006,35.2,3.7
COL-0920-CC04-007,2026-09-20,CC04,F04007,48.0,3.78
COL-0920-CC04-008,2026-09-20,CC04,F04008,14.5,3.97
COL-0920-CC04-009,2026-09-20,CC04,F04009,11.1,3.46
COL-0920-CC04-010,2026-09-20,CC04,F04010,38.4,4.67
COL-0920-CC04-011,2026-09-20,CC04,F04011,28.5,3.97
COL-0920-CC04-012,2026-09-20,CC04,F04012,39.8,4.06
COL-0920-CC04-013,2026-09-20,CC04,F04013,47.9,3.78
COL-0920-CC04-014,2026-09-20,CC04,F04014,22.0,3.96
COL-0920-CC04-015,2026-09-20,CC04,F04015,22.4,4.4
COL-0920-CC04-016,2026-09-20,CC04,F04016,27.8,3.61
COL-0920-CC04-017,2026-09-20,CC04,F04017,34.6,3.72
COL-0920-CC04-018,2026-09-20,CC04,F04018,36.5,3.37
COL-0920-CC04-019,2026-09-20,CC04,F04019,39.4,3.58
COL-0920-CC04-020,2026-09-20,CC04,F04020,7.4,3.58
COL-0920-CC04-021,2026-09-20,CC04,F04021,39.1,3.81
COL-0920-CC04-022,2026-09-20,CC04,F04022,24.5,3.87
COL-0920-CC04-023,2026-09-20,CC04,F04023,31.1,3.74
COL-0920-CC04-024,2026-09-20,CC04,F04024,42.7,3.52
COL-0920-CC05-000,2026-09-20,CC05,F05000,36.9,3.92
COL-0920-CC05-001,2026-09-20,CC05,F05001,32.5,3.82
COL-0920-CC05-002,2026-09-20,CC05,F05002,26.4,3.98
COL-0920-CC05-003,2026-09-20,CC05,F05003,42.7,3.78
COL-0920-CC05-004,2026-09-20,CC05,F05004,51.8,3.18
COL-0920-CC05-005,2026-09-20,CC05,F05005,19.1,3.71
COL-0920-CC05-006,2026-09-20,CC05,F05006,21.2,3.59
COL-0920-CC05-007,2026-09-20,CC05,F05007,44.8,3.5
COL-0920-CC05-008,2026-09-20,CC05,F05008,35.3,3.97
COL-0920-CC05-009,2026-09-20,CC05,F05009,29.0,3.21
COL-0920-CC05-010,2026-09-20,CC05,F05010,20.2,3.82
COL-0920-CC05-011,2026-09-20,CC05,F05011,33.1,3.92
COL-0920-CC05-012,2026-09-20,CC05,F05012,37.2,3.95
COL-0920-CC05-013,2026-09-20,CC05,F05013,43.5,4.06
COL-0920-CC05-014,2026-09-20,CC05,F05014,7.6,3.79
COL-0920-CC05-015,2026-09-20,CC05,F05015,72.4,3.55
COL-0920-CC05-016,2026-09-20,CC05,F05016,24.2,4.15
COL-0920-CC05-017,2026-09-20,CC05,F05017,34.3,3.83
COL-0920-CC05-018,2026-09-20,CC05,F05018,33.2,3.88
COL-0920-CC05-019,2026-09-20,CC05,F05019,15.4,3.77
COL-0920-CC05-020,2026-09-20,CC05,F05020,37.9,3.8
COL-0920-CC05-021,2026-09-20,CC05,F05021,31.3,4.09
COL-0920-CC05-022,2026-09-20,CC05,F05022,22.9,3.89
COL-0920-CC05-023,2026-09-20,CC05,F05023,15.9,3.76
COL-0920-CC05-024,2026-09-20,CC05,F05024,12.6,4.13
COL-0920-CC05-025,2026-09-20,CC05,F05025,23.2,4.0
COL-0920-CC05-026,2026-09-20,CC05,F05026,14.0,3.87
COL-0920-CC05-027,2026-09-20,CC05,F05027,22.2,3.81
COL-0920-CC05-028,2026-09-20,CC05,F05028,28.1,4.07
COL-0920-CC05-029,2026-09-20,CC05,F05029,18.4,3.43
COL-0920-CC05-030,2026-09-20,CC05,F05030,16.1,3.61
COL-0920-CC05-031,2026-09-20,CC05,F05031,60.4,4.16
COL-0920-CC05-032,2026-09-20,CC05,F05032,18.4,3.75
COL-0920-CC05-033,2026-09-20,CC05,F05033,14.7,3.71
COL-0920-CC05-034,2026-09-20,CC05,F05034,36.0,4.21
COL-0920-CC05-035,2026-09-20,CC05,F05035,39.1,4.11
COL-0920-CC05-036,2026-09-20,CC05,F05036,27.0,3.87
COL-0920-CC05-037,2026-09-20,CC05,F05037,24.8,4.02
COL-0920-CC05-038,2026-09-20,CC05,F05038,24.4,3.89
COL-0920-CC05-039,2026-09-20,CC05,F05039,34.5,3.8
COL-0920-CC05-040,2026-09-20,CC05,F05040,41.1,4.08
COL-0920-CC06-000,2026-09-20,CC06,F06000,14.0,3.95
COL-0920-CC06-001,2026-09-20,CC06,F06001,16.7,3.14
COL-0920-CC06-002,2026-09-20,CC06,F06002,51.8,3.89
COL-0920-CC06-003,2026-09-20,CC06,F06003,36.6,4.19
COL-0920-CC06-004,2026-09-20,CC06,F06004,38.8,4.29
COL-0920-CC06-005,2026-09-20,CC06,F06005,22.2,3.69
COL-0920-CC06-006,2026-09-20,CC06,F06006,44.4,4.2
COL-0920-CC06-007,2026-09-20,CC06,F06007,36.6,3.57
COL-0920-CC06-008,2026-09-20,CC06,F06008,42.6,3.81
COL-0920-CC06-009,2026-09-20,CC06,F06009,37.1,3.92
COL-0920-CC06-010,2026-09-20,CC06,F06010,37.1,3.5
COL-0920-CC06-011,2026-09-20,CC06,F06011,36.0,3.73
COL-0920-CC06-012,2026-09-20,CC06,F06012,39.4,3.44
COL-0920-CC06-013,2026-09-20,CC06,F06013,46.5,4.06
COL-0920-CC06-014,2026-09-20,CC06,F06014,33.7,3.81
COL-0920-CC06-015,2026-09-20,CC06,F06015,27.8,4.55
COL-0920-CC06-016,2026-09-20,CC06,F06016,8.2,3.72
COL-0920-CC06-017,2026-09-20,CC06,F06017,32.6,3.81
COL-0920-CC06-018,2026-09-20,CC06,F06018,40.0,4.37
COL-0920-CC06-019,2026-09-20,CC06,F06019,24.1,3.92
COL-0920-CC06-020,2026-09-20,CC06,F06020,20.4,4.01
COL-0920-CC06-021,2026-09-20,CC06,F06021,49.9,3.4
COL-0920-CC06-022,2026-09-20,CC06,F06022,29.0,4.0
COL-0920-CC06-023,2026-09-20,CC06,F06023,33.9,3.46
COL-0920-CC06-024,2026-09-20,CC06,F06024,22.4,3.88
COL-0920-CC06-025,2026-09-20,CC06,F06025,24.6,3.44
COL-0920-CC06-026,2026-09-20,CC06,F06026,24.0,4.11
COL-0920-CC06-027,2026-09-20,CC06,F06027,30.5,3.92
COL-0920-CC06-028,2026-09-20,CC06,F06028,5.1,3.28
COL-0920-CC06-029,2026-09-20,CC06,F06029,29.3,3.47
COL-0920-CC06-030,2026-09-20,CC06,F06030,19.0,3.85
COL-0920-CC06-031,2026-09-20,CC06,F06031,53.3,3.5
COL-0920-CC06-032,2026-09-20,CC06,F06032,10.4,3.76
COL-0920-CC06-033,2026-09-20,CC06,F06033,30.3,3.66
COL-0920-CC06-034,2026-09-20,CC06,F06034,15.6,3.42
COL-0920-CC06-035,2026-09-20,CC06,F06035,31.0,3.76
COL-0920-CC06-036,2026-09-20,CC06,F06036,8.0,3.97
COL-0920-CC06-037,2026-09-20,CC06,F06037,28.7,4.05
COL-0920-CC06-038,2026-09-20,CC06,F06038,58.9,3.62
COL-0920-CC06-039,2026-09-20,CC06,F06039,25.4,3.94
COL-0920-CC06-040,2026-09-20,CC06,F06040,36.9,3.55
COL-0920-CC06-041,2026-09-20,CC06,F06041,28.3,3.87
COL-0920-CC06-042,2026-09-20,CC06,F06042,43.0,3.37
COL-0920-CC06-043,2026-09-20,CC06,F06043,26.1,3.97
COL-0920-CC06-044,2026-09-20,CC06,F06044,25.5,3.73
COL-0920-CC07-000,2026-09-20,CC07,F07000,35.6,3.95
COL-0920-CC07-001,2026-09-20,CC07,F07001,38.6,3.9
COL-0920-CC07-002,2026-09-20,CC07,F07002,24.0,4.35
COL-0920-CC07-003,2026-09-20,CC07,F07003,23.9,4.03
COL-0920-CC07-004,2026-09-20,CC07,F07004,14.3,4.17
COL-0920-CC07-005,2026-09-20,CC07,F07005,34.9,3.96
COL-0920-CC07-006,2026-09-20,CC07,F07006,42.6,4.09
COL-0920-CC07-007,2026-09-20,CC07,F07007,52.9,3.68
COL-0920-CC07-008,2026-09-20,CC07,F07008,89.6,3.75
COL-0920-CC07-009,2026-09-20,CC07,F07009,60.9,4.23
COL-0920-CC07-010,2026-09-20,CC07,F07010,17.9,3.36
COL-0920-CC07-011,2026-09-20,CC07,F07011,15.5,3.48
COL-0920-CC07-012,2026-09-20,CC07,F07012,37.0,4.22
COL-0920-CC07-013,2026-09-20,CC07,F07013,29.7,4.05
COL-0920-CC07-014,2026-09-20,CC07,F07014,13.2,3.62
COL-0920-CC07-015,2026-09-20,CC07,F07015,14.2,3.54
COL-0920-CC07-016,2026-09-20,CC07,F07016,18.6,4.27
COL-0920-CC07-017,2026-09-20,CC07,F07017,15.4,3.74
COL-0920-CC07-018,2026-09-20,CC07,F07018,17.2,4.26
COL-0920-CC07-019,2026-09-20,CC07,F07019,28.8,4.0
COL-0920-CC07-020,2026-09-20,CC07,F07020,54.4,3.95
COL-0920-CC07-021,2026-09-20,CC07,F07021,22.5,3.84
COL-0920-CC07-022,2026-09-20,CC07,F07022,47.7,3.64
COL-0920-CC07-023,2026-09-20,CC07,F07023,20.5,3.58
COL-0920-CC07-024,2026-09-20,CC07,F07024,35.1,3.63
COL-0920-CC07-025,2026-09-20,CC07,F07025,13.8,4.34
COL-0920-CC07-026,2026-09-20,CC07,F07026,9.6,4.14
COL-0920-CC07-027,2026-09-20,CC07,F07027,12.2,4.22
COL-0920-CC07-028,2026-09-20,CC07,F07028,23.9,3.67
COL-0920-CC07-029,2026-09-20,CC07,F07029,26.0,3.73
COL-0920-CC07-030,2026-09-20,CC07,F07030,64.2,3.29
COL-0920-CC07-031,2026-09-20,CC07,F07031,37.6,3.72
COL-0920-CC07-032,2026-09-20,CC07,F07032,41.5,3.75
COL-0920-CC07-033,2026-09-20,CC07,F07033,14.8,3.22
COL-0920-CC07-034,2026-09-20,CC07,F07034,72.8,3.71
COL-0920-CC07-035,2026-09-20,CC07,F07035,64.1,3.3
COL-0920-CC07-036,2026-09-20,CC07,F07036,55.2,3.82
COL-0920-CC07-037,2026-09-20,CC07,F07037,27.8,4.12
COL-0920-CC07-038,2026-09-20,CC07,F07038,24.6,3.74
COL-0920-CC07-039,2026-09-20,CC07,F07039,25.1,3.71
COL-0920-CC07-040,2026-09-20,CC07,F07040,84.2,3.86
COL-0920-CC07-041,2026-09-20,CC07,F07041,15.9,3.8
COL-0920-CC07-042,2026-09-20,CC07,F07042,29.0,4.17
COL-0920-CC08-000,2026-09-20,CC08,F08000,11.8,3.24
COL-0920-CC08-001,2026-09-20,CC08,F08001,41.5,3.94
COL-0920-CC08-002,2026-09-20,CC08,F08002,12.4,3.91
COL-0920-CC08-003,2026-09-20,CC08,F08003,30.1,3.55
COL-0920-CC08-004,2026-09-20,CC08,F08004,22.9,4.03
COL-0920-CC08-005,2026-09-20,CC08,F08005,68.5,3.89
COL-0920-CC08-006,2026-09-20,CC08,F08006,13.7,3.65
COL-0920-CC08-007,2026-09-20,CC08,F08007,45.0,3.92
COL-0920-CC08-008,2026-09-20,CC08,F08008,34.9,3.62
COL-0920-CC08-009,2026-09-20,CC08,F08009,36.5,3.92
COL-0920-CC08-010,2026-09-20,CC08,F08010,17.4,3.35
COL-0920-CC08-011,2026-09-20,CC08,F08011,70.3,3.72
COL-0920-CC08-012,2026-09-20,CC08,F08012,44.3,3.36
COL-0920-CC08-013,2026-09-20,CC08,F08013,45.2,3.96
COL-0920-CC08-014,2026-09-20,CC08,F08014,36.1,4.22
COL-0920-CC08-015,2026-09-20,CC08,F08015,17.1,4.37
COL-0920-CC08-016,2026-09-20,CC08,F08016,51.8,3.73
COL-0920-CC08-017,2026-09-20,CC08,F08017,24.9,3.4
COL-0920-CC08-018,2026-09-20,CC08,F08018,46.1,4.06
COL-0920-CC08-019,2026-09-20,CC08,F08019,27.4,4.0
COL-0920-CC08-020,2026-09-20,CC08,F08020,48.1,3.51
COL-0920-CC08-021,2026-09-20,CC08,F08021,26.3,4.08
COL-0920-CC08-022,2026-09-20,CC08,F08022,44.0,3.89
COL-0920-CC08-023,2026-09-20,CC08,F08023,18.8,4.16
COL-0920-CC08-024,2026-09-20,CC08,F08024,27.1,3.6
COL-0920-CC08-025,2026-09-20,CC08,F08025,45.0,3.51
COL-0920-CC08-026,2026-09-20,CC08,F08026,32.7,3.71
COL-0920-CC08-027,2026-09-20,CC08,F08027,34.5,3.73
COL-0920-CC08-028,2026-09-20,CC08,F08028,10.6,3.95
COL-0920-CC08-029,2026-09-20,CC08,F08029,22.5,3.79
COL-0921-CC01-000,2026-09-21,CC01,F01000,48.5,4.12
COL-0921-CC01-001,2026-09-21,CC01,F01001,18.9,3.94
COL-0921-CC01-002,2026-09-21,CC01,F01002,23.5,4.12
COL-0921-CC01-003,2026-09-21,CC01,F01003,9.9,4.3
COL-0921-CC01-004,2026-09-21,CC01,F01004,35.6,4.09
COL-0921-CC01-005,2026-09-21,CC01,F01005,35.3,3.79
COL-0921-CC01-006,2026-09-21,CC01,F01006,51.4,3.85
COL-0921-CC01-007,2026-09-21,CC01,F01007,18.8,3.59
COL-0921-CC01-008,2026-09-21,CC01,F01008,32.3,3.83
COL-0921-CC01-009,2026-09-21,CC01,F01009,33.3,3.5
COL-0921-CC01-010,2026-09-21,CC01,F01010,34.9,3.76
COL-0921-CC01-011,2026-09-21,CC01,F01011,47.2,3.37
COL-0921-CC01-012,2026-09-21,CC01,F01012,43.3,4.35
COL-0921-CC01-013,2026-09-21,CC01,F01013,7.4,3.96
COL-0921-CC01-014,2026-09-21,CC01,F01014,29.5,3.91
COL-0921-CC01-015,2026-09-21,CC01,F01015,36.7,3.95
COL-0921-CC01-016,2026-09-21,CC01,F01016,25.8,3.44
COL-0921-CC01-017,2026-09-21,CC01,F01017,10.3,3.83
COL-0921-CC01-018,2026-09-21,CC01,F01018,44.5,3.64
COL-0921-CC01-019,2026-09-21,CC01,F01019,29.5,3.85
COL-0921-CC01-020,2026-09-21,CC01,F01020,48.6,4.06
COL-0921-CC01-021,2026-09-21,CC01,F01021,19.5,3.7
COL-0921-CC01-022,2026-09-21,CC01,F01022,24.8,3.55
COL-0921-CC01-023,2026-09-21,CC01,F01023,12.1,3.85
COL-0921-CC01-024,2026-09-21,CC01,F01024,46.8,3.84
COL-0921-CC01-025,2026-09-21,CC01,F01025,32.5,3.87
COL-0921-CC01-026,2026-09-21,CC01,F01026,10.6,3.84
COL-0921-CC01-027,2026-09-21,CC01,F01027,9.5,4.16
COL-0921-CC01-028,2026-09-21,CC01,F01028,46.7,3.88
COL-0921-CC02-000,2026-09-21,CC02,F02000,35.4,3.53
COL-0921-CC02-001,2026-09-21,CC02,F02001,37.7,4.28
COL-0921-CC02-002,2026-09-21,CC02,F02002,37.3,3.98
COL-0921-CC02-003,2026-09-21,CC02,F02003,38.2,4.01
COL-0921-CC02-004,2026-09-21,CC02,F02004,29.2,3.75
COL-0921-CC02-005,2026-09-21,CC02,F02005,28.0,4.1
COL-0921-CC02-006,2026-09-21,CC02,F02006,31.3,3.91
COL-0921-CC02-007,2026-09-21,CC02,F02007,33.0,3.53
COL-0921-CC02-008,2026-09-21,CC02,F02008,12.5,3.73
COL-0921-CC02-009,2026-09-21,CC02,F02009,10.4,3.68
COL-0921-CC02-010,2026-09-21,CC02,F02010,35.3,3.95
COL-0921-CC02-011,2026-09-21,CC02,F02011,20.9,3.8
COL-0921-CC02-012,2026-09-21,CC02,F02012,31.8,3.77
COL-0921-CC02-013,2026-09-21,CC02,F02013,31.0,3.49
COL-0921-CC02-014,2026-09-21,CC02,F02014,35.9,3.96
COL-0921-CC02-015,2026-09-21,CC02,F02015,22.0,3.71
COL-0921-CC02-016,2026-09-21,CC02,F02016,34.1,3.65
COL-0921-CC02-017,2026-09-21,CC02,F02017,21.2,3.31
COL-0921-CC02-018,2026-09-21,CC02,F02018,47.8,3.92
COL-0921-CC02-019,2026-09-21,CC02,F02019,30.5,3.7
COL-0921-CC02-020,2026-09-21,CC02,F02020,53.9,3.42
COL-0921-CC02-021,2026-09-21,CC02,F02021,33.4,3.94
COL-0921-CC02-022,2026-09-21,CC02,F02022,27.7,3.61
COL-0921-CC02-023,2026-09-21,CC02,F02023,44.0,4.01
COL-0921-CC02-024,2026-09-21,CC02,F02024,62.4,3.62
COL-0921-CC02-025,2026-09-21,CC02,F02025,75.4,4.2
COL-0921-CC02-026,2026-09-21,CC02,F02026,38.9,3.9
COL-0921-CC02-027,2026-09-21,CC02,F02027,25.4,3.36
COL-0921-CC02-028,2026-09-21,CC02,F02028,46.4,3.86
COL-0921-CC02-029,2026-09-21,CC02,F02029,33.5,2.91
COL-0921-CC02-030,2026-09-21,CC02,F02030,25.6,3.54
COL-0921-CC02-031,2026-09-21,CC02,F02031,31.1,4.0
COL-0921-CC02-032,2026-09-21,CC02,F02032,97.7,3.59
COL-0921-CC02-033,2026-09-21,CC02,F02033,21.9,3.85
COL-0921-CC02-034,2026-09-21,CC02,F02034,64.9,4.03
COL-0921-CC02-035,2026-09-21,CC02,F02035,25.7,3.96
COL-0921-CC02-036,2026-09-21,CC02,F02036,31.3,4.16
COL-0921-CC02-037,2026-09-21,CC02,F02037,29.0,3.54
COL-0921-CC02-038,2026-09-21,CC02,F02038,13.9,3.73
COL-0921-CC02-039,2026-09-21,CC02,F02039,23.8,3.88
COL-0921-CC02-040,2026-09-21,CC02,F02040,38.5,3.97
COL-0921-CC02-041,2026-09-21,CC02,F02041,49.9,3.44
COL-0921-CC02-042,2026-09-21,CC02,F02042,28.8,3.39
COL-0921-CC02-043,2026-09-21,CC02,F02043,20.3,3.32
COL-0921-CC02-044,2026-09-21,CC02,F02044,31.6,3.7
COL-0921-CC02-045,2026-09-21,CC02,F02045,12.1,3.92
COL-0921-CC02-046,2026-09-21,CC02,F02046,34.7,3.69
COL-0921-CC02-047,2026-09-21,CC02,F02047,41.9,3.78
COL-0921-CC02-048,2026-09-21,CC02,F02048,27.0,4.03
COL-0921-CC03-000,2026-09-21,CC03,F03000,30.3,3.75
COL-0921-CC03-001,2026-09-21,CC03,F03001,31.1,4.05
COL-0921-CC03-002,2026-09-21,CC03,F03002,6.6,4.14
COL-0921-CC03-003,2026-09-21,CC03,F03003,18.8,4.17
COL-0921-CC03-004,2026-09-21,CC03,F03004,31.7,3.44
COL-0921-CC03-005,2026-09-21,CC03,F03005,36.4,3.89
COL-0921-CC03-006,2026-09-21,CC03,F03006,17.6,4.24
COL-0921-CC03-007,2026-09-21,CC03,F03007,49.9,4.21
COL-0921-CC03-008,2026-09-21,CC03,F03008,38.0,3.72
COL-0921-CC03-009,2026-09-21,CC03,F03009,32.8,3.6
COL-0921-CC03-010,2026-09-21,CC03,F03010,75.8,4.41
COL-0921-CC03-011,2026-09-21,CC03,F03011,19.0,3.72
COL-0921-CC03-012,2026-09-21,CC03,F03012,8.2,3.85
COL-0921-CC03-013,2026-09-21,CC03,F03013,15.7,4.02
COL-0921-CC03-014,2026-09-21,CC03,F03014,13.0,3.79
COL-0921-CC03-015,2026-09-21,CC03,F03015,35.3,3.56
COL-0921-CC03-016,2026-09-21,CC03,F03016,20.0,3.98
COL-0921-CC03-017,2026-09-21,CC03,F03017,40.0,3.78
COL-0921-CC03-018,2026-09-21,CC03,F03018,27.3,3.76
COL-0921-CC03-019,2026-09-21,CC03,F03019,41.7,3.99
COL-0921-CC03-020,2026-09-21,CC03,F03020,43.6,3.95
COL-0921-CC03-021,2026-09-21,CC03,F03021,37.9,4.21
COL-0921-CC03-022,2026-09-21,CC03,F03022,37.0,4.12
COL-0921-CC03-023,2026-09-21,CC03,F03023,23.5,3.57
COL-0921-CC03-024,2026-09-21,CC03,F03024,30.2,4.12
COL-0921-CC03-025,2026-09-21,CC03,F03025,13.3,3.71
COL-0921-CC03-026,2026-09-21,CC03,F03026,25.3,4.36
COL-0921-CC03-027,2026-09-21,CC03,F03027,36.5,3.45
COL-0921-CC03-028,2026-09-21,CC03,F03028,18.1,3.78
COL-0921-CC03-029,2026-09-21,CC03,F03029,26.4,3.37
COL-0921-CC03-030,2026-09-21,CC03,F03030,26.8,4.18
COL-0921-CC03-031,2026-09-21,CC03,F03031,31.7,3.86
COL-0921-CC03-032,2026-09-21,CC03,F03032,20.2,3.77
COL-0921-CC03-033,2026-09-21,CC03,F03033,36.5,3.53
COL-0921-CC03-034,2026-09-21,CC03,F03034,21.8,3.51
COL-0921-CC03-035,2026-09-21,CC03,F03035,38.0,3.44
COL-0921-CC03-036,2026-09-21,CC03,F03036,26.2,3.46
COL-0921-CC03-037,2026-09-21,CC03,F03037,29.8,3.78
COL-0921-CC03-038,2026-09-21,CC03,F03038,49.0,3.69
COL-0921-CC03-039,2026-09-21,CC03,F03039,19.2,4.24
COL-0921-CC03-040,2026-09-21,CC03,F03040,31.8,3.46
COL-0921-CC04-000,2026-09-21,CC04,F04000,27.6,3.85
COL-0921-CC04-001,2026-09-21,CC04,F04001,40.4,4.1
COL-0921-CC04-002,2026-09-21,CC04,F04002,9.7,4.11
COL-0921-CC04-003,2026-09-21,CC04,F04003,36.1,3.8
COL-0921-CC04-004,2026-09-21,CC04,F04004,35.2,3.78
COL-0921-CC04-005,2026-09-21,CC04,F04005,36.9,4.35
COL-0921-CC04-006,2026-09-21,CC04,F04006,23.3,3.56
COL-0921-CC04-007,2026-09-21,CC04,F04007,62.9,3.41
COL-0921-CC04-008,2026-09-21,CC04,F04008,46.7,3.79
COL-0921-CC04-009,2026-09-21,CC04,F04009,64.1,3.52
COL-0921-CC04-010,2026-09-21,CC04,F04010,31.9,3.69
COL-0921-CC04-011,2026-09-21,CC04,F04011,31.3,4.04
COL-0921-CC04-012,2026-09-21,CC04,F04012,37.9,4.67
COL-0921-CC04-013,2026-09-21,CC04,F04013,31.0,4.1
COL-0921-CC04-014,2026-09-21,CC04,F04014,54.8,3.63
COL-0921-CC04-015,2026-09-21,CC04,F04015,12.0,3.63
COL-0921-CC04-016,2026-09-21,CC04,F04016,19.6,3.45
COL-0921-CC04-017,2026-09-21,CC04,F04017,74.6,3.9
COL-0921-CC04-018,2026-09-21,CC04,F04018,21.8,4.34
COL-0921-CC04-019,2026-09-21,CC04,F04019,62.7,3.84
COL-0921-CC04-020,2026-09-21,CC04,F04020,94.8,3.43
COL-0921-CC04-021,2026-09-21,CC04,F04021,15.5,4.39
COL-0921-CC04-022,2026-09-21,CC04,F04022,51.8,3.95
COL-0921-CC04-023,2026-09-21,CC04,F04023,23.1,3.74
COL-0921-CC04-024,2026-09-21,CC04,F04024,35.6,4.18
COL-0921-CC04-025,2026-09-21,CC04,F04025,70.5,3.86
COL-0921-CC04-026,2026-09-21,CC04,F04026,18.6,3.8
COL-0921-CC04-027,2026-09-21,CC04,F04027,28.7,3.59
COL-0921-CC04-028,2026-09-21,CC04,F04028,36.0,3.4
COL-0921-CC04-029,2026-09-21,CC04,F04029,5.9,3.66
COL-0921-CC04-030,2026-09-21,CC04,F04030,21.4,4.24
COL-0921-CC04-031,2026-09-21,CC04,F04031,41.9,3.91
COL-0921-CC04-032,2026-09-21,CC04,F04032,16.6,3.94
COL-0921-CC04-033,2026-09-21,CC04,F04033,25.3,3.36
COL-0921-CC05-000,2026-09-21,CC05,F05000,31.2,3.39
COL-0921-CC05-001,2026-09-21,CC05,F05001,43.8,3.82
COL-0921-CC05-002,2026-09-21,CC05,F05002,27.9,3.41
COL-0921-CC05-003,2026-09-21,CC05,F05003,60.2,3.77
COL-0921-CC05-004,2026-09-21,CC05,F05004,62.1,3.61
COL-0921-CC05-005,2026-09-21,CC05,F05005,25.1,3.64
COL-0921-CC05-006,2026-09-21,CC05,F05006,37.5,4.03
COL-0921-CC05-007,2026-09-21,CC05,F05007,27.5,4.3
COL-0921-CC05-008,2026-09-21,CC05,F05008,22.3,3.81
COL-0921-CC05-009,2026-09-21,CC05,F05009,36.0,3.64
COL-0921-CC05-010,2026-09-21,CC05,F05010,68.1,3.86
COL-0921-CC05-011,2026-09-21,CC05,F05011,33.2,3.77
COL-0921-CC05-012,2026-09-21,CC05,F05012,43.0,3.67
COL-0921-CC05-013,2026-09-21,CC05,F05013,13.3,3.56
COL-0921-CC05-014,2026-09-21,CC05,F05014,26.3,3.72
COL-0921-CC05-015,2026-09-21,CC05,F05015,50.6,3.6
COL-0921-CC05-016,2026-09-21,CC05,F05016,37.1,3.77
COL-0921-CC05-017,2026-09-21,CC05,F05017,18.7,3.66
COL-0921-CC05-018,2026-09-21,CC05,F05018,19.3,4.13
COL-0921-CC05-019,2026-09-21,CC05,F05019,33.7,3.84
COL-0921-CC05-020,2026-09-21,CC05,F05020,23.2,3.79
COL-0921-CC05-021,2026-09-21,CC05,F05021,45.2,4.41
COL-0921-CC05-022,2026-09-21,CC05,F05022,11.6,4.46
COL-0921-CC05-023,2026-09-21,CC05,F05023,15.0,3.81
COL-0921-CC05-024,2026-09-21,CC05,F05024,52.6,3.72
COL-0921-CC05-025,2026-09-21,CC05,F05025,8.5,3.51
COL-0921-CC05-026,2026-09-21,CC05,F05026,61.5,3.93
COL-0921-CC05-027,2026-09-21,CC05,F05027,20.1,3.67
COL-0921-CC05-028,2026-09-21,CC05,F05028,36.0,4.04
COL-0921-CC05-029,2026-09-21,CC05,F05029,79.0,4.15
COL-0921-CC05-030,2026-09-21,CC05,F05030,25.5,3.59
COL-0921-CC05-031,2026-09-21,CC05,F05031,36.1,4.01
COL-0921-CC05-032,2026-09-21,CC05,F05032,32.6,3.91
COL-0921-CC05-033,2026-09-21,CC05,F05033,21.6,2.91
COL-0921-CC05-034,2026-09-21,CC05,F05034,61.7,3.52
COL-0921-CC06-000,2026-09-21,CC06,F06000,33.5,3.47
COL-0921-CC06-001,2026-09-21,CC06,F06001,47.7,3.59
COL-0921-CC06-002,2026-09-21,CC06,F06002,30.8,3.2
COL-0921-CC06-003,2026-09-21,CC06,F06003,47.3,4.0
COL-0921-CC06-004,2026-09-21,CC06,F06004,26.6,3.35
COL-0921-CC06-005,2026-09-21,CC06,F06005,22.5,3.73
COL-0921-CC06-006,2026-09-21,CC06,F06006,40.6,3.92
COL-0921-CC06-007,2026-09-21,CC06,F06007,29.4,4.07
COL-0921-CC06-008,2026-09-21,CC06,F06008,17.1,3.82
COL-0921-CC06-009,2026-09-21,CC06,F06009,11.2,3.67
COL-0921-CC06-010,2026-09-21,CC06,F06010,52.1,3.92
COL-0921-CC06-011,2026-09-21,CC06,F06011,30.6,3.6
COL-0921-CC06-012,2026-09-21,CC06,F06012,34.3,3.56
COL-0921-CC06-013,2026-09-21,CC06,F06013,32.0,3.33
COL-0921-CC06-014,2026-09-21,CC06,F06014,37.4,3.8
COL-0921-CC06-015,2026-09-21,CC06,F06015,18.7,3.53
COL-0921-CC06-016,2026-09-21,CC06,F06016,53.0,3.93
COL-0921-CC06-017,2026-09-21,CC06,F06017,45.0,4.11
COL-0921-CC06-018,2026-09-21,CC06,F06018,66.6,3.65
COL-0921-CC06-019,2026-09-21,CC06,F06019,49.1,3.91
COL-0921-CC06-020,2026-09-21,CC06,F06020,17.4,3.86
COL-0921-CC06-021,2026-09-21,CC06,F06021,14.7,3.76
COL-0921-CC06-022,2026-09-21,CC06,F06022,19.1,4.24
COL-0921-CC06-023,2026-09-21,CC06,F06023,57.4,3.8
COL-0921-CC06-024,2026-09-21,CC06,F06024,12.6,4.09
COL-0921-CC06-025,2026-09-21,CC06,F06025,25.5,3.71
COL-0921-CC06-026,2026-09-21,CC06,F06026,11.4,4.32
COL-0921-CC06-027,2026-09-21,CC06,F06027,13.0,3.79
COL-0921-CC06-028,2026-09-21,CC06,F06028,15.7,3.63
COL-0921-CC06-029,2026-09-21,CC06,F06029,13.7,3.74
COL-0921-CC06-030,2026-09-21,CC06,F06030,29.2,3.84
COL-0921-CC06-031,2026-09-21,CC06,F06031,22.9,3.99
COL-0921-CC06-032,2026-09-21,CC06,F06032,31.0,3.62
COL-0921-CC06-033,2026-09-21,CC06,F06033,33.0,4.29
COL-0921-CC06-034,2026-09-21,CC06,F06034,24.9,3.83
COL-0921-CC06-035,2026-09-21,CC06,F06035,28.4,4.08
COL-0921-CC06-036,2026-09-21,CC06,F06036,30.7,3.55
COL-0921-CC06-037,2026-09-21,CC06,F06037,27.0,3.91
COL-0921-CC06-038,2026-09-21,CC06,F06038,35.6,3.67
COL-0921-CC06-039,2026-09-21,CC06,F06039,35.9,4.1
COL-0921-CC06-040,2026-09-21,CC06,F06040,39.8,3.68
COL-0921-CC06-041,2026-09-21,CC06,F06041,36.5,3.65
COL-0921-CC06-042,2026-09-21,CC06,F06042,48.3,3.82
COL-0921-CC06-043,2026-09-21,CC06,F06043,57.1,3.81
COL-0921-CC06-044,2026-09-21,CC06,F06044,32.0,3.79
COL-0921-CC06-045,2026-09-21,CC06,F06045,21.5,3.82
COL-0921-CC06-046,2026-09-21,CC06,F06046,95.2,4.04
COL-0921-CC06-047,2026-09-21,CC06,F06047,22.3,4.12
COL-0921-CC06-048,2026-09-21,CC06,F06048,37.0,4.3
COL-0921-CC07-000,2026-09-21,CC07,F07000,47.3,4.06
COL-0921-CC07-001,2026-09-21,CC07,F07001,32.9,3.9
COL-0921-CC07-002,2026-09-21,CC07,F07002,6.5,3.4
COL-0921-CC07-003,2026-09-21,CC07,F07003,28.7,3.94
COL-0921-CC07-004,2026-09-21,CC07,F07004,30.1,4.42
COL-0921-CC07-005,2026-09-21,CC07,F07005,26.0,3.53
COL-0921-CC07-006,2026-09-21,CC07,F07006,27.1,3.86
COL-0921-CC07-007,2026-09-21,CC07,F07007,33.5,3.48
COL-0921-CC07-008,2026-09-21,CC07,F07008,19.4,3.28
COL-0921-CC07-009,2026-09-21,CC07,F07009,30.9,4.1
COL-0921-CC07-010,2026-09-21,CC07,F07010,52.2,3.78
COL-0921-CC07-011,2026-09-21,CC07,F07011,42.6,3.84
COL-0921-CC07-012,2026-09-21,CC07,F07012,21.7,3.85
COL-0921-CC07-013,2026-09-21,CC07,F07013,68.1,4.0
COL-0921-CC07-014,2026-09-21,CC07,F07014,45.8,4.09
COL-0921-CC07-015,2026-09-21,CC07,F07015,37.1,3.93
COL-0921-CC07-016,2026-09-21,CC07,F07016,16.9,3.86
COL-0921-CC07-017,2026-09-21,CC07,F07017,62.5,3.09
COL-0921-CC07-018,2026-09-21,CC07,F07018,47.2,3.44
COL-0921-CC07-019,2026-09-21,CC07,F07019,27.1,3.72
COL-0921-CC07-020,2026-09-21,CC07,F07020,12.9,3.64
COL-0921-CC07-021,2026-09-21,CC07,F07021,26.6,3.41
COL-0921-CC07-022,2026-09-21,CC07,F07022,31.8,3.84
COL-0921-CC07-023,2026-09-21,CC07,F07023,31.1,3.87
COL-0921-CC07-024,2026-09-21,CC07,F07024,30.0,4.23
COL-0921-CC07-025,2026-09-21,CC07,F07025,42.0,3.63
COL-0921-CC07-026,2026-09-21,CC07,F07026,34.6,3.99
COL-0921-CC07-027,2026-09-21,CC07,F07027,51.0,3.55
COL-0921-CC07-028,2026-09-21,CC07,F07028,7.8,3.78
COL-0921-CC07-029,2026-09-21,CC07,F07029,35.5,3.26
COL-0921-CC07-030,2026-09-21,CC07,F07030,14.0,3.26
COL-0921-CC07-031,2026-09-21,CC07,F07031,21.3,4.1
COL-0921-CC07-032,2026-09-21,CC07,F07032,19.9,3.12
COL-0921-CC07-033,2026-09-21,CC07,F07033,21.4,3.82
COL-0921-CC07-034,2026-09-21,CC07,F07034,47.9,3.63
COL-0921-CC07-035,2026-09-21,CC07,F07035,26.5,3.65
COL-0921-CC07-036,2026-09-21,CC07,F07036,11.3,3.74
COL-0921-CC07-037,2026-09-21,CC07,F07037,63.5,3.87
COL-0921-CC07-038,2026-09-21,CC07,F07038,51.2,3.91
COL-0921-CC07-039,2026-09-21,CC07,F07039,30.6,3.64
COL-0921-CC07-040,2026-09-21,CC07,F07040,14.7,3.77
COL-0921-CC07-041,2026-09-21,CC07,F07041,53.1,3.55
COL-0921-CC07-042,2026-09-21,CC07,F07042,39.6,3.64
COL-0921-CC07-043,2026-09-21,CC07,F07043,28.1,3.37
COL-0921-CC07-044,2026-09-21,CC07,F07044,30.1,3.48
COL-0921-CC08-000,2026-09-21,CC08,F08000,23.7,4.21
COL-0921-CC08-001,2026-09-21,CC08,F08001,43.1,3.75
COL-0921-CC08-002,2026-09-21,CC08,F08002,11.5,4.08
COL-0921-CC08-003,2026-09-21,CC08,F08003,15.9,3.58
COL-0921-CC08-004,2026-09-21,CC08,F08004,25.4,3.71
COL-0921-CC08-005,2026-09-21,CC08,F08005,38.3,4.27
COL-0921-CC08-006,2026-09-21,CC08,F08006,69.4,3.46
COL-0921-CC08-007,2026-09-21,CC08,F08007,46.5,3.27
COL-0921-CC08-008,2026-09-21,CC08,F08008,33.5,3.6
COL-0921-CC08-009,2026-09-21,CC08,F08009,31.6,4.02
COL-0921-CC08-010,2026-09-21,CC08,F08010,55.2,3.55
COL-0921-CC08-011,2026-09-21,CC08,F08011,35.7,3.72
COL-0921-CC08-012,2026-09-21,CC08,F08012,14.8,3.97
COL-0921-CC08-013,2026-09-21,CC08,F08013,33.5,3.25
COL-0921-CC08-014,2026-09-21,CC08,F08014,32.3,4.53
COL-0921-CC08-015,2026-09-21,CC08,F08015,43.1,3.52
COL-0921-CC08-016,2026-09-21,CC08,F08016,16.4,4.32
COL-0921-CC08-017,2026-09-21,CC08,F08017,26.0,3.4
COL-0921-CC08-018,2026-09-21,CC08,F08018,78.1,3.79
COL-0921-CC08-019,2026-09-21,CC08,F08019,12.1,3.97
COL-0921-CC08-020,2026-09-21,CC08,F08020,34.8,4.13
COL-0921-CC08-021,2026-09-21,CC08,F08021,26.5,4.18
COL-0921-CC08-022,2026-09-21,CC08,F08022,39.8,3.9
COL-0921-CC08-023,2026-09-21,CC08,F08023,46.7,3.22
COL-0921-CC08-024,2026-09-21,CC08,F08024,49.3,3.86
COL-0921-CC08-025,2026-09-21,CC08,F08025,5.6,3.71
COL-0921-CC08-026,2026-09-21,CC08,F08026,15.7,3.59
COL-0921-CC08-027,2026-09-21,CC08,F08027,47.3,4.13
COL-0922-CC01-000,2026-09-22,CC01,F01000,39.1,3.86
COL-0922-CC01-001,2026-09-22,CC01,F01001,24.2,3.83
COL-0922-CC01-002,2026-09-22,CC01,F01002,36.6,3.69
COL-0922-CC01-003,2026-09-22,CC01,F01003,35.8,3.91
COL-0922-CC01-004,2026-09-22,CC01,F01004,37.6,3.4
COL-0922-CC01-005,2026-09-22,CC01,F01005,43.4,3.86
COL-0922-CC01-006,2026-09-22,CC01,F01006,54.8,3.45
COL-0922-CC01-007,2026-09-22,CC01,F01007,56.9,4.12
COL-0922-CC01-008,2026-09-22,CC01,F01008,17.1,4.26
COL-0922-CC01-009,2026-09-22,CC01,F01009,13.4,3.6
COL-0922-CC01-010,2026-09-22,CC01,F01010,14.6,3.29
COL-0922-CC01-011,2026-09-22,CC01,F01011,42.6,3.28
COL-0922-CC01-012,2026-09-22,CC01,F01012,21.6,3.63
COL-0922-CC01-013,2026-09-22,CC01,F01013,22.3,3.67
COL-0922-CC01-014,2026-09-22,CC01,F01014,10.7,3.85
COL-0922-CC01-015,2026-09-22,CC01,F01015,36.0,4.02
COL-0922-CC01-016,2026-09-22,CC01,F01016,61.8,3.7
COL-0922-CC01-017,2026-09-22,CC01,F01017,24.2,3.55
COL-0922-CC01-018,2026-09-22,CC01,F01018,18.7,4.6
COL-0922-CC01-019,2026-09-22,CC01,F01019,28.2,3.81
COL-0922-CC01-020,2026-09-22,CC01,F01020,21.5,3.85
COL-0922-CC01-021,2026-09-22,CC01,F01021,13.2,3.58
COL-0922-CC01-022,2026-09-22,CC01,F01022,31.3,3.87
COL-0922-CC01-023,2026-09-22,CC01,F01023,27.3,3.78
COL-0922-CC01-024,2026-09-22,CC01,F01024,33.8,3.96
COL-0922-CC01-025,2026-09-22,CC01,F01025,15.6,3.76
COL-0922-CC01-026,2026-09-22,CC01,F01026,15.0,3.34
COL-0922-CC01-027,2026-09-22,CC01,F01027,22.1,3.37
COL-0922-CC01-028,2026-09-22,CC01,F01028,29.2,4.04
COL-0922-CC01-029,2026-09-22,CC01,F01029,25.5,3.98
COL-0922-CC01-030,2026-09-22,CC01,F01030,41.2,3.77
COL-0922-CC01-031,2026-09-22,CC01,F01031,33.4,3.96
COL-0922-CC01-032,2026-09-22,CC01,F01032,12.9,4.21
COL-0922-CC01-033,2026-09-22,CC01,F01033,11.7,3.51
COL-0922-CC01-034,2026-09-22,CC01,F01034,13.3,4.15
COL-0922-CC01-035,2026-09-22,CC01,F01035,45.2,4.34
COL-0922-CC01-036,2026-09-22,CC01,F01036,54.3,4.18
COL-0922-CC01-037,2026-09-22,CC01,F01037,39.9,3.68
COL-0922-CC01-038,2026-09-22,CC01,F01038,20.6,3.98
COL-0922-CC01-039,2026-09-22,CC01,F01039,46.8,3.75
COL-0922-CC01-040,2026-09-22,CC01,F01040,20.8,3.48
COL-0922-CC01-041,2026-09-22,CC01,F01041,9.2,3.56
COL-0922-CC01-042,2026-09-22,CC01,F01042,32.1,3.64
COL-0922-CC01-043,2026-09-22,CC01,F01043,35.7,3.66
COL-0922-CC02-000,2026-09-22,CC02,F02000,18.2,3.78
COL-0922-CC02-001,2026-09-22,CC02,F02001,29.8,3.44
COL-0922-CC02-002,2026-09-22,CC02,F02002,21.2,3.93
COL-0922-CC02-003,2026-09-22,CC02,F02003,26.7,3.91
COL-0922-CC02-004,2026-09-22,CC02,F02004,35.4,3.31
COL-0922-CC02-005,2026-09-22,CC02,F02005,52.6,2.88
COL-0922-CC02-006,2026-09-22,CC02,F02006,10.4,3.47
COL-0922-CC02-007,2026-09-22,CC02,F02007,25.9,3.58
COL-0922-CC02-008,2026-09-22,CC02,F02008,32.6,3.45
COL-0922-CC02-009,2026-09-22,CC02,F02009,26.3,3.65
COL-0922-CC02-010,2026-09-22,CC02,F02010,18.8,4.15
COL-0922-CC02-011,2026-09-22,CC02,F02011,21.4,3.85
COL-0922-CC02-012,2026-09-22,CC02,F02012,33.9,3.51
COL-0922-CC02-013,2026-09-22,CC02,F02013,26.4,3.31
COL-0922-CC02-014,2026-09-22,CC02,F02014,58.2,3.56
COL-0922-CC02-015,2026-09-22,CC02,F02015,17.8,3.54
COL-0922-CC02-016,2026-09-22,CC02,F02016,19.3,3.7
COL-0922-CC02-017,2026-09-22,CC02,F02017,40.7,4.04
COL-0922-CC02-018,2026-09-22,CC02,F02018,44.6,3.33
COL-0922-CC02-019,2026-09-22,CC02,F02019,9.5,3.83
COL-0922-CC02-020,2026-09-22,CC02,F02020,25.6,4.12
COL-0922-CC02-021,2026-09-22,CC02,F02021,50.7,3.88
COL-0922-CC02-022,2026-09-22,CC02,F02022,54.8,3.84
COL-0922-CC02-023,2026-09-22,CC02,F02023,74.8,3.5
COL-0922-CC02-024,2026-09-22,CC02,F02024,15.3,3.62
COL-0922-CC03-000,2026-09-22,CC03,F03000,8.9,4.04
COL-0922-CC03-001,2026-09-22,CC03,F03001,31.2,3.92
COL-0922-CC03-002,2026-09-22,CC03,F03002,55.8,3.87
COL-0922-CC03-003,2026-09-22,CC03,F03003,12.3,3.74
COL-0922-CC03-004,2026-09-22,CC03,F03004,15.3,3.58
COL-0922-CC03-005,2026-09-22,CC03,F03005,4.0,3.73
COL-0922-CC03-006,2026-09-22,CC03,F03006,32.0,3.54
COL-0922-CC03-007,2026-09-22,CC03,F03007,60.2,3.54
COL-0922-CC03-008,2026-09-22,CC03,F03008,29.7,3.69
COL-0922-CC03-009,2026-09-22,CC03,F03009,26.2,3.97
COL-0922-CC03-010,2026-09-22,CC03,F03010,23.4,3.6
COL-0922-CC03-011,2026-09-22,CC03,F03011,16.6,3.98
COL-0922-CC03-012,2026-09-22,CC03,F03012,49.6,4.06
COL-0922-CC03-013,2026-09-22,CC03,F03013,32.1,3.83
COL-0922-CC03-014,2026-09-22,CC03,F03014,27.7,3.64
COL-0922-CC03-015,2026-09-22,CC03,F03015,20.1,3.97
COL-0922-CC03-016,2026-09-22,CC03,F03016,33.9,3.98
COL-0922-CC03-017,2026-09-22,CC03,F03017,55.5,4.41
COL-0922-CC03-018,2026-09-22,CC03,F03018,22.9,3.8
COL-0922-CC03-019,2026-09-22,CC03,F03019,34.9,4.07
COL-0922-CC03-020,2026-09-22,CC03,F03020,20.7,4.15
COL-0922-CC03-021,2026-09-22,CC03,F03021,10.8,4.29
COL-0922-CC03-022,2026-09-22,CC03,F03022,47.9,3.29
COL-0922-CC03-023,2026-09-22,CC03,F03023,53.2,3.93
COL-0922-CC03-024,2026-09-22,CC03,F03024,40.5,3.75
COL-0922-CC03-025,2026-09-22,CC03,F03025,22.5,3.65
COL-0922-CC03-026,2026-09-22,CC03,F03026,18.3,3.08
COL-0922-CC03-027,2026-09-22,CC03,F03027,37.2,3.55
COL-0922-CC03-028,2026-09-22,CC03,F03028,52.9,3.68
COL-0922-CC03-029,2026-09-22,CC03,F03029,33.0,4.0
COL-0922-CC03-030,2026-09-22,CC03,F03030,13.4,3.53
COL-0922-CC03-031,2026-09-22,CC03,F03031,47.8,3.93
COL-0922-CC03-032,2026-09-22,CC03,F03032,58.1,3.41
COL-0922-CC03-033,2026-09-22,CC03,F03033,17.7,3.78
COL-0922-CC03-034,2026-09-22,CC03,F03034,10.3,3.92
COL-0922-CC03-035,2026-09-22,CC03,F03035,6.6,3.59
COL-0922-CC03-036,2026-09-22,CC03,F03036,74.5,3.62
COL-0922-CC03-037,2026-09-22,CC03,F03037,63.5,3.84
COL-0922-CC03-038,2026-09-22,CC03,F03038,19.4,4.3
COL-0922-CC03-039,2026-09-22,CC03,F03039,26.0,3.81
COL-0922-CC03-040,2026-09-22,CC03,F03040,40.6,3.44
COL-0922-CC03-041,2026-09-22,CC03,F03041,33.8,3.81
COL-0922-CC03-042,2026-09-22,CC03,F03042,64.5,4.06
COL-0922-CC03-043,2026-09-22,CC03,F03043,27.9,4.27
COL-0922-CC03-044,2026-09-22,CC03,F03044,36.3,3.91
COL-0922-CC03-045,2026-09-22,CC03,F03045,32.5,3.91
COL-0922-CC03-046,2026-09-22,CC03,F03046,40.0,3.89
COL-0922-CC03-047,2026-09-22,CC03,F03047,19.2,3.96
COL-0922-CC04-000,2026-09-22,CC04,F04000,20.5,3.76
COL-0922-CC04-001,2026-09-22,CC04,F04001,21.1,3.81
COL-0922-CC04-002,2026-09-22,CC04,F04002,35.3,3.79
COL-0922-CC04-003,2026-09-22,CC04,F04003,5.1,4.04
COL-0922-CC04-004,2026-09-22,CC04,F04004,22.6,3.75
COL-0922-CC04-005,2026-09-22,CC04,F04005,16.3,4.1
COL-0922-CC04-006,2026-09-22,CC04,F04006,20.5,3.93
COL-0922-CC04-007,2026-09-22,CC04,F04007,40.3,3.73
COL-0922-CC04-008,2026-09-22,CC04,F04008,28.0,4.05
COL-0922-CC04-009,2026-09-22,CC04,F04009,45.9,3.33
COL-0922-CC04-010,2026-09-22,CC04,F04010,36.3,3.94
COL-0922-CC04-011,2026-09-22,CC04,F04011,21.2,3.69
COL-0922-CC04-012,2026-09-22,CC04,F04012,29.9,3.66
COL-0922-CC04-013,2026-09-22,CC04,F04013,21.7,3.38
COL-0922-CC04-014,2026-09-22,CC04,F04014,25.2,3.93
COL-0922-CC04-015,2026-09-22,CC04,F04015,41.3,4.43
COL-0922-CC04-016,2026-09-22,CC04,F04016,37.9,3.88
COL-0922-CC04-017,2026-09-22,CC04,F04017,39.6,3.87
COL-0922-CC04-018,2026-09-22,CC04,F04018,43.4,3.45
COL-0922-CC04-019,2026-09-22,CC04,F04019,29.1,4.21
COL-0922-CC04-020,2026-09-22,CC04,F04020,41.2,3.97
COL-0922-CC04-021,2026-09-22,CC04,F04021,24.8,3.75
COL-0922-CC04-022,2026-09-22,CC04,F04022,53.5,4.15
COL-0922-CC04-023,2026-09-22,CC04,F04023,27.2,3.9
COL-0922-CC04-024,2026-09-22,CC04,F04024,15.9,3.59
COL-0922-CC04-025,2026-09-22,CC04,F04025,42.6,3.93
COL-0922-CC04-026,2026-09-22,CC04,F04026,18.5,3.78
COL-0922-CC04-027,2026-09-22,CC04,F04027,36.8,4.27
COL-0922-CC04-028,2026-09-22,CC04,F04028,33.8,3.68
COL-0922-CC04-029,2026-09-22,CC04,F04029,18.9,3.97
COL-0922-CC04-030,2026-09-22,CC04,F04030,30.4,3.73
COL-0922-CC04-031,2026-09-22,CC04,F04031,18.8,3.85
COL-0922-CC04-032,2026-09-22,CC04,F04032,16.1,3.61
COL-0922-CC04-033,2026-09-22,CC04,F04033,26.7,3.71
COL-0922-CC04-034,2026-09-22,CC04,F04034,45.1,3.44
COL-0922-CC04-035,2026-09-22,CC04,F04035,39.7,3.77
COL-0922-CC04-036,2026-09-22,CC04,F04036,22.3,3.89
COL-0922-CC04-037,2026-09-22,CC04,F04037,24.3,3.95
COL-0922-CC04-038,2026-09-22,CC04,F04038,25.3,3.86
COL-0922-CC04-039,2026-09-22,CC04,F04039,79.4,4.09
COL-0922-CC04-040,2026-09-22,CC04,F04040,30.6,3.55
COL-0922-CC04-041,2026-09-22,CC04,F04041,25.5,3.71
COL-0922-CC04-042,2026-09-22,CC04,F04042,45.3,3.61
COL-0922-CC04-043,2026-09-22,CC04,F04043,50.0,3.35
COL-0922-CC04-044,2026-09-22,CC04,F04044,15.5,3.62
COL-0922-CC04-045,2026-09-22,CC04,F04045,15.3,3.23
COL-0922-CC04-046,2026-09-22,CC04,F04046,40.2,3.71
COL-0922-CC04-047,2026-09-22,CC04,F04047,54.5,3.96
COL-0922-CC05-000,2026-09-22,CC05,F05000,18.5,3.87
COL-0922-CC05-001,2026-09-22,CC05,F05001,33.8,3.6
COL-0922-CC05-002,2026-09-22,CC05,F05002,22.5,3.46
COL-0922-CC05-003,2026-09-22,CC05,F05003,30.7,4.06
COL-0922-CC05-004,2026-09-22,CC05,F05004,58.9,3.91
COL-0922-CC05-005,2026-09-22,CC05,F05005,21.2,4.42
COL-0922-CC05-006,2026-09-22,CC05,F05006,27.4,3.96
COL-0922-CC05-007,2026-09-22,CC05,F05007,33.1,3.42
COL-0922-CC05-008,2026-09-22,CC05,F05008,48.0,3.99
COL-0922-CC05-009,2026-09-22,CC05,F05009,33.5,3.7
COL-0922-CC05-010,2026-09-22,CC05,F05010,13.0,4.02
COL-0922-CC05-011,2026-09-22,CC05,F05011,20.2,3.52
COL-0922-CC05-012,2026-09-22,CC05,F05012,34.2,3.84
COL-0922-CC05-013,2026-09-22,CC05,F05013,32.1,3.76
COL-0922-CC05-014,2026-09-22,CC05,F05014,36.5,3.63
COL-0922-CC05-015,2026-09-22,CC05,F05015,22.3,3.42
COL-0922-CC05-016,2026-09-22,CC05,F05016,15.1,3.93
COL-0922-CC05-017,2026-09-22,CC05,F05017,20.5,3.51
COL-0922-CC05-018,2026-09-22,CC05,F05018,24.3,3.21
COL-0922-CC05-019,2026-09-22,CC05,F05019,36.3,3.44
COL-0922-CC05-020,2026-09-22,CC05,F05020,14.7,3.68
COL-0922-CC05-021,2026-09-22,CC05,F05021,29.5,3.8
COL-0922-CC05-022,2026-09-22,CC05,F05022,36.3,3.68
COL-0922-CC05-023,2026-09-22,CC05,F05023,37.6,3.88
COL-0922-CC05-024,2026-09-22,CC05,F05024,13.3,3.87
COL-0922-CC05-025,2026-09-22,CC05,F05025,30.7,3.84
COL-0922-CC05-026,2026-09-22,CC05,F05026,26.3,3.77
COL-0922-CC05-027,2026-09-22,CC05,F05027,46.5,3.93
COL-0922-CC05-028,2026-09-22,CC05,F05028,27.2,4.25
COL-0922-CC05-029,2026-09-22,CC05,F05029,36.4,3.9
COL-0922-CC05-030,2026-09-22,CC05,F05030,36.5,3.88
COL-0922-CC05-031,2026-09-22,CC05,F05031,23.5,3.84
COL-0922-CC05-032,2026-09-22,CC05,F05032,12.0,4.06
COL-0922-CC05-033,2026-09-22,CC05,F05033,18.5,3.54
COL-0922-CC05-034,2026-09-22,CC05,F05034,11.2,3.59
COL-0922-CC05-035,2026-09-22,CC05,F05035,62.3,3.87
COL-0922-CC05-036,2026-09-22,CC05,F05036,49.1,3.44
COL-0922-CC05-037,2026-09-22,CC05,F05037,12.0,4.01
COL-0922-CC05-038,2026-09-22,CC05,F05038,33.4,3.69
COL-0922-CC05-039,2026-09-22,CC05,F05039,28.8,3.61
COL-0922-CC05-040,2026-09-22,CC05,F05040,47.4,3.54
COL-0922-CC05-041,2026-09-22,CC05,F05041,23.2,3.26
COL-0922-CC05-042,2026-09-22,CC05,F05042,13.4,3.55
COL-0922-CC05-043,2026-09-22,CC05,F05043,32.4,3.27
COL-0922-CC05-044,2026-09-22,CC05,F05044,32.1,3.39
COL-0922-CC05-045,2026-09-22,CC05,F05045,50.8,3.42
COL-0922-CC06-000,2026-09-22,CC06,F06000,13.2,3.59
COL-0922-CC06-001,2026-09-22,CC06,F06001,22.9,3.82
COL-0922-CC06-002,2026-09-22,CC06,F06002,22.4,4.07
COL-0922-CC06-003,2026-09-22,CC06,F06003,20.1,4.05
COL-0922-CC06-004,2026-09-22,CC06,F06004,57.7,3.93
COL-0922-CC06-005,2026-09-22,CC06,F06005,40.9,3.64
COL-0922-CC06-006,2026-09-22,CC06,F06006,29.5,3.97
COL-0922-CC06-007,2026-09-22,CC06,F06007,38.0,4.2
COL-0922-CC06-008,2026-09-22,CC06,F06008,17.4,3.96
COL-0922-CC06-009,2026-09-22,CC06,F06009,23.0,3.25
COL-0922-CC06-010,2026-09-22,CC06,F06010,58.9,3.92
COL-0922-CC06-011,2026-09-22,CC06,F06011,32.3,3.76
COL-0922-CC06-012,2026-09-22,CC06,F06012,32.1,4.19
COL-0922-CC06-013,2026-09-22,CC06,F06013,13.7,3.59
COL-0922-CC06-014,2026-09-22,CC06,F06014,26.8,3.4
COL-0922-CC06-015,2026-09-22,CC06,F06015,18.8,3.71
COL-0922-CC06-016,2026-09-22,CC06,F06016,18.5,4.26
COL-0922-CC06-017,2026-09-22,CC06,F06017,22.6,4.06
COL-0922-CC06-018,2026-09-22,CC06,F06018,22.6,3.95
COL-0922-CC06-019,2026-09-22,CC06,F06019,65.6,4.48
COL-0922-CC06-020,2026-09-22,CC06,F06020,26.9,3.54
COL-0922-CC06-021,2026-09-22,CC06,F06021,30.8,3.52
COL-0922-CC06-022,2026-09-22,CC06,F06022,41.2,3.39
COL-0922-CC06-023,2026-09-22,CC06,F06023,8.4,3.82
COL-0922-CC06-024,2026-09-22,CC06,F06024,37.6,3.58
COL-0922-CC06-025,2026-09-22,CC06,F06025,32.0,3.38
COL-0922-CC06-026,2026-09-22,CC06,F06026,33.9,3.99
COL-0922-CC06-027,2026-09-22,CC06,F06027,55.5,3.78
COL-0922-CC06-028,2026-09-22,CC06,F06028,46.5,4.2
COL-0922-CC07-000,2026-09-22,CC07,F07000,13.7,3.77
COL-0922-CC07-001,2026-09-22,CC07,F07001,36.3,4.4
COL-0922-CC07-002,2026-09-22,CC07,F07002,57.5,3.28
COL-0922-CC07-003,2026-09-22,CC07,F07003,30.6,3.31
COL-0922-CC07-004,2026-09-22,CC07,F07004,25.8,3.83
COL-0922-CC07-005,2026-09-22,CC07,F07005,34.2,4.26
COL-0922-CC07-006,2026-09-22,CC07,F07006,42.3,3.77
COL-0922-CC07-007,2026-09-22,CC07,F07007,33.3,4.13
COL-0922-CC07-008,2026-09-22,CC07,F07008,15.1,3.68
COL-0922-CC07-009,2026-09-22,CC07,F07009,17.2,3.78
COL-0922-CC07-010,2026-09-22,CC07,F07010,36.4,3.87
COL-0922-CC07-011,2026-09-22,CC07,F07011,28.0,3.22
COL-0922-CC07-012,2026-09-22,CC07,F07012,48.1,3.45
COL-0922-CC07-013,2026-09-22,CC07,F07013,15.7,3.6
COL-0922-CC07-014,2026-09-22,CC07,F07014,16.0,3.79
COL-0922-CC07-015,2026-09-22,CC07,F07015,28.6,3.95
COL-0922-CC07-016,2026-09-22,CC07,F07016,45.1,3.71
COL-0922-CC07-017,2026-09-22,CC07,F07017,13.0,4.03
COL-0922-CC07-018,2026-09-22,CC07,F07018,24.5,3.51
COL-0922-CC07-019,2026-09-22,CC07,F07019,47.2,4.0
COL-0922-CC07-020,2026-09-22,CC07,F07020,16.8,4.1
COL-0922-CC07-021,2026-09-22,CC07,F07021,14.1,3.85
COL-0922-CC07-022,2026-09-22,CC07,F07022,58.0,3.52
COL-0922-CC07-023,2026-09-22,CC07,F07023,26.4,4.1
COL-0922-CC07-024,2026-09-22,CC07,F07024,39.7,4.26
COL-0922-CC07-025,2026-09-22,CC07,F07025,12.0,3.92
COL-0922-CC07-026,2026-09-22,CC07,F07026,21.7,3.65
COL-0922-CC07-027,2026-09-22,CC07,F07027,23.8,3.93
COL-0922-CC07-028,2026-09-22,CC07,F07028,22.1,4.17
COL-0922-CC07-029,2026-09-22,CC07,F07029,13.3,3.61
COL-0922-CC07-030,2026-09-22,CC07,F07030,35.8,3.25
COL-0922-CC07-031,2026-09-22,CC07,F07031,14.4,3.84
COL-0922-CC07-032,2026-09-22,CC07,F07032,26.4,4.23
COL-0922-CC07-033,2026-09-22,CC07,F07033,42.1,3.75
COL-0922-CC07-034,2026-09-22,CC07,F07034,49.3,3.82
COL-0922-CC07-035,2026-09-22,CC07,F07035,20.1,3.54
COL-0922-CC07-036,2026-09-22,CC07,F07036,26.2,3.38
COL-0922-CC07-037,2026-09-22,CC07,F07037,31.3,4.0
COL-0922-CC07-038,2026-09-22,CC07,F07038,32.4,4.23
COL-0922-CC07-039,2026-09-22,CC07,F07039,19.5,3.82
COL-0922-CC07-040,2026-09-22,CC07,F07040,60.7,3.58
COL-0922-CC07-041,2026-09-22,CC07,F07041,59.1,3.47
COL-0922-CC07-042,2026-09-22,CC07,F07042,37.1,4.26
COL-0922-CC07-043,2026-09-22,CC07,F07043,28.3,3.55
COL-0922-CC07-044,2026-09-22,CC07,F07044,31.1,3.72
COL-0922-CC08-000,2026-09-22,CC08,F08000,13.0,3.92
COL-0922-CC08-001,2026-09-22,CC08,F08001,16.2,3.71
COL-0922-CC08-002,2026-09-22,CC08,F08002,17.8,3.98
COL-0922-CC08-003,2026-09-22,CC08,F08003,15.2,3.33
COL-0922-CC08-004,2026-09-22,CC08,F08004,40.7,3.74
COL-0922-CC08-005,2026-09-22,CC08,F08005,8.9,3.8
COL-0922-CC08-006,2026-09-22,CC08,F08006,27.5,3.18
COL-0922-CC08-007,2026-09-22,CC08,F08007,17.7,4.32
COL-0922-CC08-008,2026-09-22,CC08,F08008,29.7,3.65
COL-0922-CC08-009,2026-09-22,CC08,F08009,9.3,3.65
COL-0922-CC08-010,2026-09-22,CC08,F08010,38.0,4.03
COL-0922-CC08-011,2026-09-22,CC08,F08011,10.0,4.05
COL-0922-CC08-012,2026-09-22,CC08,F08012,8.5,3.88
COL-0922-CC08-013,2026-09-22,CC08,F08013,25.1,3.89
COL-0922-CC08-014,2026-09-22,CC08,F08014,28.7,3.64
COL-0922-CC08-015,2026-09-22,CC08,F08015,69.6,3.3
COL-0922-CC08-016,2026-09-22,CC08,F08016,22.9,3.33
COL-0922-CC08-017,2026-09-22,CC08,F08017,56.9,3.72
COL-0922-CC08-018,2026-09-22,CC08,F08018,28.8,4.19
COL-0922-CC08-019,2026-09-22,CC08,F08019,50.7,3.46
COL-0922-CC08-020,2026-09-22,CC08,F08020,30.4,4.06
COL-0922-CC08-021,2026-09-22,CC08,F08021,33.2,3.46
COL-0922-CC08-022,2026-09-22,CC08,F08022,12.6,3.79
COL-0922-CC08-023,2026-09-22,CC08,F08023,20.8,4.2
COL-0922-CC08-024,2026-09-22,CC08,F08024,13.6,3.65
COL-0922-CC08-025,2026-09-22,CC08,F08025,27.0,3.1
COL-0922-CC08-026,2026-09-22,CC08,F08026,13.7,4.25
COL-0922-CC08-027,2026-09-22,CC08,F08027,33.3,3.48
COL-0922-CC08-028,2026-09-22,CC08,F08028,26.5,4.36
COL-0922-CC08-029,2026-09-22,CC08,F08029,35.3,4.23
COL-0922-CC08-030,2026-09-22,CC08,F08030,7.5,4.33
COL-0922-CC08-031,2026-09-22,CC08,F08031,26.9,3.83
COL-0922-CC08-032,2026-09-22,CC08,F08032,19.3,4.32
COL-0922-CC08-033,2026-09-22,CC08,F08033,39.2,3.69
COL-0922-CC08-034,2026-09-22,CC08,F08034,32.9,4.16
COL-0922-CC08-035,2026-09-22,CC08,F08035,24.3,3.71
COL-0922-CC08-036,2026-09-22,CC08,F08036,28.5,3.98
COL-0922-CC08-037,2026-09-22,CC08,F08037,17.7,4.08
COL-0922-CC08-038,2026-09-22,CC08,F08038,18.6,3.65
COL-0922-CC08-039,2026-09-22,CC08,F08039,61.4,3.37
COL-0922-CC08-040,2026-09-22,CC08,F08040,34.3,3.91
COL-0922-CC08-041,2026-09-22,CC08,F08041,17.6,3.86
COL-0923-CC01-000,2026-09-23,CC01,F01000,12.0,3.78
COL-0923-CC01-001,2026-09-23,CC01,F01001,10.7,3.71
COL-0923-CC01-002,2026-09-23,CC01,F01002,28.1,3.57
COL-0923-CC01-003,2026-09-23,CC01,F01003,37.0,4.13
COL-0923-CC01-004,2026-09-23,CC01,F01004,8.3,3.77
COL-0923-CC01-005,2026-09-23,CC01,F01005,23.9,3.65
COL-0923-CC01-006,2026-09-23,CC01,F01006,43.5,4.12
COL-0923-CC01-007,2026-09-23,CC01,F01007,32.1,3.65
COL-0923-CC01-008,2026-09-23,CC01,F01008,56.3,3.82
COL-0923-CC01-009,2026-09-23,CC01,F01009,38.4,3.29
COL-0923-CC01-010,2026-09-23,CC01,F01010,43.1,3.56
COL-0923-CC01-011,2026-09-23,CC01,F01011,31.5,4.16
COL-0923-CC01-012,2026-09-23,CC01,F01012,48.5,3.92
COL-0923-CC01-013,2026-09-23,CC01,F01013,31.8,3.78
COL-0923-CC01-014,2026-09-23,CC01,F01014,34.9,3.5
COL-0923-CC01-015,2026-09-23,CC01,F01015,29.8,3.82
COL-0923-CC01-016,2026-09-23,CC01,F01016,17.1,3.83
COL-0923-CC01-017,2026-09-23,CC01,F01017,44.9,3.87
COL-0923-CC01-018,2026-09-23,CC01,F01018,18.7,3.76
COL-0923-CC01-019,2026-09-23,CC01,F01019,55.8,3.65
COL-0923-CC01-020,2026-09-23,CC01,F01020,25.5,4.1
COL-0923-CC01-021,2026-09-23,CC01,F01021,34.7,3.71
COL-0923-CC01-022,2026-09-23,CC01,F01022,28.8,3.82
COL-0923-CC01-023,2026-09-23,CC01,F01023,15.5,2.93
COL-0923-CC01-024,2026-09-23,CC01,F01024,36.4,3.84
COL-0923-CC01-025,2026-09-23,CC01,F01025,23.9,3.79
COL-0923-CC01-026,2026-09-23,CC01,F01026,40.4,3.7
COL-0923-CC01-027,2026-09-23,CC01,F01027,71.2,4.19
COL-0923-CC01-028,2026-09-23,CC01,F01028,64.5,3.75
COL-0923-CC01-029,2026-09-23,CC01,F01029,10.6,4.11
COL-0923-CC01-030,2026-09-23,CC01,F01030,30.2,4.01
COL-0923-CC01-031,2026-09-23,CC01,F01031,35.9,3.99
COL-0923-CC01-032,2026-09-23,CC01,F01032,23.8,3.64
COL-0923-CC01-033,2026-09-23,CC01,F01033,21.7,4.01
COL-0923-CC01-034,2026-09-23,CC01,F01034,29.7,4.2
COL-0923-CC01-035,2026-09-23,CC01,F01035,21.7,4.02
COL-0923-CC01-036,2026-09-23,CC01,F01036,34.5,4.32
COL-0923-CC01-037,2026-09-23,CC01,F01037,48.5,3.59
COL-0923-CC01-038,2026-09-23,CC01,F01038,36.4,3.37
COL-0923-CC01-039,2026-09-23,CC01,F01039,32.4,3.93
COL-0923-CC01-040,2026-09-23,CC01,F01040,47.6,4.05
COL-0923-CC01-041,2026-09-23,CC01,F01041,24.8,3.74
COL-0923-CC01-042,2026-09-23,CC01,F01042,51.2,3.91
COL-0923-CC02-000,2026-09-23,CC02,F02000,29.4,4.12
COL-0923-CC02-001,2026-09-23,CC02,F02001,42.3,3.48
COL-0923-CC02-002,2026-09-23,CC02,F02002,49.0,3.92
COL-0923-CC02-003,2026-09-23,CC02,F02003,16.1,3.86
COL-0923-CC02-004,2026-09-23,CC02,F02004,10.3,4.21
COL-0923-CC02-005,2026-09-23,CC02,F02005,32.5,3.28
COL-0923-CC02-006,2026-09-23,CC02,F02006,27.4,3.91
COL-0923-CC02-007,2026-09-23,CC02,F02007,47.7,3.53
COL-0923-CC02-008,2026-09-23,CC02,F02008,35.8,3.1
COL-0923-CC02-009,2026-09-23,CC02,F02009,59.1,4.22
COL-0923-CC02-010,2026-09-23,CC02,F02010,18.1,4.03
COL-0923-CC02-011,2026-09-23,CC02,F02011,32.9,3.89
COL-0923-CC02-012,2026-09-23,CC02,F02012,5.6,3.48
COL-0923-CC02-013,2026-09-23,CC02,F02013,10.8,4.11
COL-0923-CC02-014,2026-09-23,CC02,F02014,34.0,3.92
COL-0923-CC02-015,2026-09-23,CC02,F02015,18.9,3.76
COL-0923-CC02-016,2026-09-23,CC02,F02016,11.6,3.71
COL-0923-CC02-017,2026-09-23,CC02,F02017,28.6,3.65
COL-0923-CC02-018,2026-09-23,CC02,F02018,35.1,4.05
COL-0923-CC02-019,2026-09-23,CC02,F02019,45.8,4.13
COL-0923-CC02-020,2026-09-23,CC02,F02020,44.3,3.54
COL-0923-CC02-021,2026-09-23,CC02,F02021,13.6,3.77
COL-0923-CC02-022,2026-09-23,CC02,F02022,25.4,3.48
COL-0923-CC02-023,2026-09-23,CC02,F02023,31.0,3.81
COL-0923-CC02-024,2026-09-23,CC02,F02024,29.5,3.55
COL-0923-CC02-025,2026-09-23,CC02,F02025,25.5,4.14
COL-0923-CC02-026,2026-09-23,CC02,F02026,32.8,3.52
COL-0923-CC02-027,2026-09-23,CC02,F02027,39.2,3.96
COL-0923-CC02-028,2026-09-23,CC02,F02028,57.0,3.76
COL-0923-CC02-029,2026-09-23,CC02,F02029,21.1,3.6
COL-0923-CC02-030,2026-09-23,CC02,F02030,28.0,3.49
COL-0923-CC02-031,2026-09-23,CC02,F02031,100.0,4.38
COL-0923-CC02-032,2026-09-23,CC02,F02032,9.8,3.46
COL-0923-CC02-033,2026-09-23,CC02,F02033,15.7,3.84
COL-0923-CC02-034,2026-09-23,CC02,F02034,18.6,3.37
COL-0923-CC02-035,2026-09-23,CC02,F02035,51.8,3.59
COL-0923-CC02-036,2026-09-23,CC02,F02036,30.7,3.14
COL-0923-CC02-037,2026-09-23,CC02,F02037,35.3,4.0
COL-0923-CC02-038,2026-09-23,CC02,F02038,21.7,3.96
COL-0923-CC02-039,2026-09-23,CC02,F02039,19.0,3.79
COL-0923-CC02-040,2026-09-23,CC02,F02040,16.7,4.1
COL-0923-CC02-041,2026-09-23,CC02,F02041,14.2,4.21
COL-0923-CC02-042,2026-09-23,CC02,F02042,35.0,3.43
COL-0923-CC03-000,2026-09-23,CC03,F03000,35.9,4.12
COL-0923-CC03-001,2026-09-23,CC03,F03001,17.1,3.97
COL-0923-CC03-002,2026-09-23,CC03,F03002,21.7,3.63
COL-0923-CC03-003,2026-09-23,CC03,F03003,20.1,4.1
COL-0923-CC03-004,2026-09-23,CC03,F03004,69.8,4.41
COL-0923-CC03-005,2026-09-23,CC03,F03005,13.6,3.99
COL-0923-CC03-006,2026-09-23,CC03,F03006,20.9,3.41
COL-0923-CC03-007,2026-09-23,CC03,F03007,53.0,3.31
COL-0923-CC03-008,2026-09-23,CC03,F03008,21.4,3.7
COL-0923-CC03-009,2026-09-23,CC03,F03009,15.0,3.67
COL-0923-CC03-010,2026-09-23,CC03,F03010,33.7,4.0
COL-0923-CC03-011,2026-09-23,CC03,F03011,17.2,3.2
COL-0923-CC03-012,2026-09-23,CC03,F03012,65.4,4.04
COL-0923-CC03-013,2026-09-23,CC03,F03013,27.5,3.71
COL-0923-CC03-014,2026-09-23,CC03,F03014,31.5,4.24
COL-0923-CC03-015,2026-09-23,CC03,F03015,20.3,3.77
COL-0923-CC03-016,2026-09-23,CC03,F03016,46.2,3.96
COL-0923-CC03-017,2026-09-23,CC03,F03017,28.7,3.66
COL-0923-CC03-018,2026-09-23,CC03,F03018,37.8,3.41
COL-0923-CC03-019,2026-09-23,CC03,F03019,34.2,4.33
COL-0923-CC03-020,2026-09-23,CC03,F03020,39.6,3.6
COL-0923-CC03-021,2026-09-23,CC03,F03021,22.5,3.38
COL-0923-CC03-022,2026-09-23,CC03,F03022,12.1,3.75
COL-0923-CC03-023,2026-09-23,CC03,F03023,25.9,3.83
COL-0923-CC03-024,2026-09-23,CC03,F03024,58.0,3.65
COL-0923-CC03-025,2026-09-23,CC03,F03025,26.2,3.62
COL-0923-CC03-026,2026-09-23,CC03,F03026,16.2,3.68
COL-0923-CC03-027,2026-09-23,CC03,F03027,16.2,3.93
COL-0923-CC03-028,2026-09-23,CC03,F03028,57.4,4.08
COL-0923-CC03-029,2026-09-23,CC03,F03029,22.9,3.87
COL-0923-CC03-030,2026-09-23,CC03,F03030,38.2,3.86
COL-0923-CC03-031,2026-09-23,CC03,F03031,16.4,4.03
COL-0923-CC03-032,2026-09-23,CC03,F03032,41.2,3.46
COL-0923-CC03-033,2026-09-23,CC03,F03033,27.6,3.85
COL-0923-CC03-034,2026-09-23,CC03,F03034,30.0,4.21
COL-0923-CC03-035,2026-09-23,CC03,F03035,68.4,3.6
COL-0923-CC03-036,2026-09-23,CC03,F03036,41.4,4.16
COL-0923-CC03-037,2026-09-23,CC03,F03037,27.5,3.83
COL-0923-CC03-038,2026-09-23,CC03,F03038,5.5,4.11
COL-0923-CC04-000,2026-09-23,CC04,F04000,21.7,3.66
COL-0923-CC04-001,2026-09-23,CC04,F04001,29.0,3.68
COL-0923-CC04-002,2026-09-23,CC04,F04002,39.8,3.72
COL-0923-CC04-003,2026-09-23,CC04,F04003,26.5,4.23
COL-0923-CC04-004,2026-09-23,CC04,F04004,4.6,3.76
COL-0923-CC04-005,2026-09-23,CC04,F04005,37.4,3.67
COL-0923-CC04-006,2026-09-23,CC04,F04006,28.3,3.84
COL-0923-CC04-007,2026-09-23,CC04,F04007,43.7,3.62
COL-0923-CC04-008,2026-09-23,CC04,F04008,43.9,3.57
COL-0923-CC04-009,2026-09-23,CC04,F04009,24.2,4.01
COL-0923-CC04-010,2026-09-23,CC04,F04010,22.9,4.01
COL-0923-CC04-011,2026-09-23,CC04,F04011,23.1,3.59
COL-0923-CC04-012,2026-09-23,CC04,F04012,19.9,3.85
COL-0923-CC04-013,2026-09-23,CC04,F04013,25.6,4.01
COL-0923-CC04-014,2026-09-23,CC04,F04014,8.2,3.32
COL-0923-CC04-015,2026-09-23,CC04,F04015,33.8,3.25
COL-0923-CC04-016,2026-09-23,CC04,F04016,16.6,3.92
COL-0923-CC04-017,2026-09-23,CC04,F04017,53.0,3.37
COL-0923-CC04-018,2026-09-23,CC04,F04018,26.4,3.89
COL-0923-CC04-019,2026-09-23,CC04,F04019,58.3,3.96
COL-0923-CC04-020,2026-09-23,CC04,F04020,15.1,3.76
COL-0923-CC04-021,2026-09-23,CC04,F04021,57.8,3.61
COL-0923-CC04-022,2026-09-23,CC04,F04022,29.4,4.08
COL-0923-CC04-023,2026-09-23,CC04,F04023,8.8,4.22
COL-0923-CC04-024,2026-09-23,CC04,F04024,23.6,3.43
COL-0923-CC04-025,2026-09-23,CC04,F04025,43.1,3.91
COL-0923-CC04-026,2026-09-23,CC04,F04026,41.2,4.13
COL-0923-CC04-027,2026-09-23,CC04,F04027,10.0,3.98
COL-0923-CC04-028,2026-09-23,CC04,F04028,24.4,3.61
COL-0923-CC04-029,2026-09-23,CC04,F04029,28.4,3.6
COL-0923-CC04-030,2026-09-23,CC04,F04030,20.8,3.26
COL-0923-CC04-031,2026-09-23,CC04,F04031,36.2,3.83
COL-0923-CC04-032,2026-09-23,CC04,F04032,12.4,3.5
COL-0923-CC04-033,2026-09-23,CC04,F04033,31.1,3.95
COL-0923-CC04-034,2026-09-23,CC04,F04034,20.3,3.95
COL-0923-CC04-035,2026-09-23,CC04,F04035,10.3,3.78
COL-0923-CC04-036,2026-09-23,CC04,F04036,48.9,3.87
COL-0923-CC04-037,2026-09-23,CC04,F04037,28.0,4.16
COL-0923-CC04-038,2026-09-23,CC04,F04038,36.0,3.73
COL-0923-CC04-039,2026-09-23,CC04,F04039,31.1,4.39
COL-0923-CC04-040,2026-09-23,CC04,F04040,42.0,3.98
COL-0923-CC04-041,2026-09-23,CC04,F04041,41.9,3.5
COL-0923-CC04-042,2026-09-23,CC04,F04042,10.7,3.47
COL-0923-CC04-043,2026-09-23,CC04,F04043,68.3,4.08
COL-0923-CC04-044,2026-09-23,CC04,F04044,48.7,3.92
COL-0923-CC04-045,2026-09-23,CC04,F04045,27.6,3.24
COL-0923-CC04-046,2026-09-23,CC04,F04046,41.7,3.9
COL-0923-CC05-000,2026-09-23,CC05,F05000,47.0,3.93
COL-0923-CC05-001,2026-09-23,CC05,F05001,37.9,3.52
COL-0923-CC05-002,2026-09-23,CC05,F05002,68.9,3.9
COL-0923-CC05-003,2026-09-23,CC05,F05003,20.5,3.74
COL-0923-CC05-004,2026-09-23,CC05,F05004,52.1,3.23
COL-0923-CC05-005,2026-09-23,CC05,F05005,35.3,3.55
COL-0923-CC05-006,2026-09-23,CC05,F05006,18.3,4.11
COL-0923-CC05-007,2026-09-23,CC05,F05007,46.6,3.87
COL-0923-CC05-008,2026-09-23,CC05,F05008,33.3,3.94
COL-0923-CC05-009,2026-09-23,CC05,F05009,33.4,3.97
COL-0923-CC05-010,2026-09-23,CC05,F05010,13.9,3.73
COL-0923-CC05-011,2026-09-23,CC05,F05011,38.3,3.41
COL-0923-CC05-012,2026-09-23,CC05,F05012,23.6,3.95
COL-0923-CC05-013,2026-09-23,CC05,F05013,30.5,3.49
COL-0923-CC05-014,2026-09-23,CC05,F05014,46.2,3.25
COL-0923-CC05-015,2026-09-23,CC05,F05015,23.5,3.84
COL-0923-CC05-016,2026-09-23,CC05,F05016,23.6,4.07
COL-0923-CC05-017,2026-09-23,CC05,F05017,18.7,3.79
COL-0923-CC05-018,2026-09-23,CC05,F05018,32.5,3.51
COL-0923-CC05-019,2026-09-23,CC05,F05019,58.1,3.19
COL-0923-CC05-020,2026-09-23,CC05,F05020,12.4,3.92
COL-0923-CC05-021,2026-09-23,CC05,F05021,27.6,4.15
COL-0923-CC05-022,2026-09-23,CC05,F05022,20.2,3.6
COL-0923-CC05-023,2026-09-23,CC05,F05023,21.1,3.88
COL-0923-CC05-024,2026-09-23,CC05,F05024,23.7,3.39
COL-0923-CC05-025,2026-09-23,CC05,F05025,28.4,3.53
COL-0923-CC05-026,2026-09-23,CC05,F05026,18.8,3.93
COL-0923-CC05-027,2026-09-23,CC05,F05027,33.2,3.86
COL-0923-CC05-028,2026-09-23,CC05,F05028,25.7,3.55
COL-0923-CC05-029,2026-09-23,CC05,F05029,36.2,3.52
COL-0923-CC05-030,2026-09-23,CC05,F05030,45.4,3.81
COL-0923-CC05-031,2026-09-23,CC05,F05031,63.2,3.8
COL-0923-CC05-032,2026-09-23,CC05,F05032,31.8,3.69
COL-0923-CC05-033,2026-09-23,CC05,F05033,26.7,3.78
COL-0923-CC05-034,2026-09-23,CC05,F05034,23.9,4.11
COL-0923-CC05-035,2026-09-23,CC05,F05035,45.9,3.65
COL-0923-CC05-036,2026-09-23,CC05,F05036,10.3,4.18
COL-0923-CC05-037,2026-09-23,CC05,F05037,14.5,3.87
COL-0923-CC05-038,2026-09-23,CC05,F05038,38.8,3.95
COL-0923-CC05-039,2026-09-23,CC05,F05039,32.3,3.35
COL-0923-CC06-000,2026-09-23,CC06,F06000,45.4,3.88
COL-0923-CC06-001,2026-09-23,CC06,F06001,46.5,3.35
COL-0923-CC06-002,2026-09-23,CC06,F06002,12.3,3.61
COL-0923-CC06-003,2026-09-23,CC06,F06003,38.1,3.49
COL-0923-CC06-004,2026-09-23,CC06,F06004,9.0,4.11
COL-0923-CC06-005,2026-09-23,CC06,F06005,58.4,4.01
COL-0923-CC06-006,2026-09-23,CC06,F06006,23.5,3.47
COL-0923-CC06-007,2026-09-23,CC06,F06007,30.2,3.83
COL-0923-CC06-008,2026-09-23,CC06,F06008,38.0,3.7
COL-0923-CC06-009,2026-09-23,CC06,F06009,40.7,3.45
COL-0923-CC06-010,2026-09-23,CC06,F06010,15.3,4.06
COL-0923-CC06-011,2026-09-23,CC06,F06011,45.0,3.8
COL-0923-CC06-012,2026-09-23,CC06,F06012,42.8,4.27
COL-0923-CC06-013,2026-09-23,CC06,F06013,29.9,3.87
COL-0923-CC06-014,2026-09-23,CC06,F06014,17.1,3.74
COL-0923-CC06-015,2026-09-23,CC06,F06015,10.1,3.66
COL-0923-CC06-016,2026-09-23,CC06,F06016,71.4,3.45
COL-0923-CC06-017,2026-09-23,CC06,F06017,14.5,3.55
COL-0923-CC06-018,2026-09-23,CC06,F06018,20.1,3.59
COL-0923-CC06-019,2026-09-23,CC06,F06019,35.8,3.84
COL-0923-CC06-020,2026-09-23,CC06,F06020,44.1,3.97
COL-0923-CC06-021,2026-09-23,CC06,F06021,65.1,3.95
COL-0923-CC06-022,2026-09-23,CC06,F06022,17.8,3.53
COL-0923-CC06-023,2026-09-23,CC06,F06023,10.3,3.91
COL-0923-CC06-024,2026-09-23,CC06,F06024,87.5,3.98
COL-0923-CC06-025,2026-09-23,CC06,F06025,57.9,4.6
COL-0923-CC06-026,2026-09-23,CC06,F06026,21.5,4.02
COL-0923-CC06-027,2026-09-23,CC06,F06027,39.3,3.46
COL-0923-CC06-028,2026-09-23,CC06,F06028,25.6,3.58
COL-0923-CC06-029,2026-09-23,CC06,F06029,16.1,3.56
COL-0923-CC06-030,2026-09-23,CC06,F06030,14.2,4.12
COL-0923-CC06-031,2026-09-23,CC06,F06031,45.8,3.6
COL-0923-CC06-032,2026-09-23,CC06,F06032,30.1,4.21
COL-0923-CC06-033,2026-09-23,CC06,F06033,11.7,3.48
COL-0923-CC06-034,2026-09-23,CC06,F06034,35.2,3.83
COL-0923-CC06-035,2026-09-23,CC06,F06035,27.6,4.02
COL-0923-CC07-000,2026-09-23,CC07,F07000,39.5,3.78
COL-0923-CC07-001,2026-09-23,CC07,F07001,42.3,3.7
COL-0923-CC07-002,2026-09-23,CC07,F07002,19.0,3.59
COL-0923-CC07-003,2026-09-23,CC07,F07003,33.7,3.51
COL-0923-CC07-004,2026-09-23,CC07,F07004,27.0,3.72
COL-0923-CC07-005,2026-09-23,CC07,F07005,30.3,3.7
COL-0923-CC07-006,2026-09-23,CC07,F07006,32.3,4.36
COL-0923-CC07-007,2026-09-23,CC07,F07007,35.7,3.82
COL-0923-CC07-008,2026-09-23,CC07,F07008,33.4,3.72
COL-0923-CC07-009,2026-09-23,CC07,F07009,37.1,4.43
COL-0923-CC07-010,2026-09-23,CC07,F07010,20.5,3.76
COL-0923-CC07-011,2026-09-23,CC07,F07011,37.3,3.74
COL-0923-CC07-012,2026-09-23,CC07,F07012,35.9,3.88
COL-0923-CC07-013,2026-09-23,CC07,F07013,52.5,3.9
COL-0923-CC07-014,2026-09-23,CC07,F07014,25.5,3.68
COL-0923-CC07-015,2026-09-23,CC07,F07015,22.3,3.64
COL-0923-CC07-016,2026-09-23,CC07,F07016,43.6,4.09
COL-0923-CC07-017,2026-09-23,CC07,F07017,63.7,3.61
COL-0923-CC07-018,2026-09-23,CC07,F07018,32.0,3.55
COL-0923-CC07-019,2026-09-23,CC07,F07019,25.5,3.77
COL-0923-CC07-020,2026-09-23,CC07,F07020,35.0,3.71
COL-0923-CC07-021,2026-09-23,CC07,F07021,46.2,3.76
COL-0923-CC07-022,2026-09-23,CC07,F07022,30.8,3.72
COL-0923-CC07-023,2026-09-23,CC07,F07023,28.3,3.8
COL-0923-CC07-024,2026-09-23,CC07,F07024,44.8,3.83
COL-0923-CC07-025,2026-09-23,CC07,F07025,46.3,3.98
COL-0923-CC07-026,2026-09-23,CC07,F07026,34.1,3.26
COL-0923-CC07-027,2026-09-23,CC07,F07027,26.6,4.23
COL-0923-CC07-028,2026-09-23,CC07,F07028,26.9,4.29
COL-0923-CC07-029,2026-09-23,CC07,F07029,20.4,3.6
COL-0923-CC07-030,2026-09-23,CC07,F07030,47.1,3.92
COL-0923-CC07-031,2026-09-23,CC07,F07031,38.9,3.53
COL-0923-CC07-032,2026-09-23,CC07,F07032,35.5,3.76
COL-0923-CC07-033,2026-09-23,CC07,F07033,38.6,4.26
COL-0923-CC07-034,2026-09-23,CC07,F07034,50.3,4.21
COL-0923-CC08-000,2026-09-23,CC08,F08000,4.7,3.85
COL-0923-CC08-001,2026-09-23,CC08,F08001,74.2,3.89
COL-0923-CC08-002,2026-09-23,CC08,F08002,62.2,4.0
COL-0923-CC08-003,2026-09-23,CC08,F08003,43.5,3.7
COL-0923-CC08-004,2026-09-23,CC08,F08004,30.6,3.74
COL-0923-CC08-005,2026-09-23,CC08,F08005,49.7,4.03
COL-0923-CC08-006,2026-09-23,CC08,F08006,78.0,4.0
COL-0923-CC08-007,2026-09-23,CC08,F08007,59.3,4.06
COL-0923-CC08-008,2026-09-23,CC08,F08008,24.1,3.95
COL-0923-CC08-009,2026-09-23,CC08,F08009,52.7,4.17
COL-0923-CC08-010,2026-09-23,CC08,F08010,31.1,3.45
COL-0923-CC08-011,2026-09-23,CC08,F08011,33.6,3.9
COL-0923-CC08-012,2026-09-23,CC08,F08012,16.2,3.95
COL-0923-CC08-013,2026-09-23,CC08,F08013,18.5,3.52
COL-0923-CC08-014,2026-09-23,CC08,F08014,11.2,3.85
COL-0923-CC08-015,2026-09-23,CC08,F08015,33.0,3.48
COL-0923-CC08-016,2026-09-23,CC08,F08016,46.7,2.97
COL-0923-CC08-017,2026-09-23,CC08,F08017,32.2,3.23
COL-0923-CC08-018,2026-09-23,CC08,F08018,25.0,4.07
COL-0923-CC08-019,2026-09-23,CC08,F08019,64.0,4.09
COL-0923-CC08-020,2026-09-23,CC08,F08020,27.7,4.04
COL-0923-CC08-021,2026-09-23,CC08,F08021,9.3,3.67
COL-0923-CC08-022,2026-09-23,CC08,F08022,75.8,3.97
COL-0923-CC08-023,2026-09-23,CC08,F08023,48.6,3.23
COL-0923-CC08-024,2026-09-23,CC08,F08024,17.5,3.56
COL-0923-CC08-025,2026-09-23,CC08,F08025,25.7,4.0
COL-0923-CC08-026,2026-09-23,CC08,F08026,40.1,3.92
COL-0923-CC08-027,2026-09-23,CC08,F08027,59.7,3.5
COL-0923-CC08-028,2026-09-23,CC08,F08028,56.2,3.95
COL-0923-CC08-029,2026-09-23,CC08,F08029,8.1,4.2
COL-0923-CC08-030,2026-09-23,CC08,F08030,13.7,3.77
COL-0924-CC01-000,2026-09-24,CC01,F01000,37.9,3.45
COL-0924-CC01-001,2026-09-24,CC01,F01001,15.0,3.69
COL-0924-CC01-002,2026-09-24,CC01,F01002,43.3,3.89
COL-0924-CC01-003,2026-09-24,CC01,F01003,29.4,3.92
COL-0924-CC01-004,2026-09-24,CC01,F01004,29.2,4.04
COL-0924-CC01-005,2026-09-24,CC01,F01005,22.4,3.85
COL-0924-CC01-006,2026-09-24,CC01,F01006,26.2,3.72
COL-0924-CC01-007,2026-09-24,CC01,F01007,22.6,2.82
COL-0924-CC01-008,2026-09-24,CC01,F01008,65.0,3.94
COL-0924-CC01-009,2026-09-24,CC01,F01009,50.0,3.79
COL-0924-CC01-010,2026-09-24,CC01,F01010,39.9,3.75
COL-0924-CC01-011,2026-09-24,CC01,F01011,45.3,3.91
COL-0924-CC01-012,2026-09-24,CC01,F01012,50.8,3.65
COL-0924-CC01-013,2026-09-24,CC01,F01013,40.7,3.94
COL-0924-CC01-014,2026-09-24,CC01,F01014,41.1,3.96
COL-0924-CC01-015,2026-09-24,CC01,F01015,11.6,3.91
COL-0924-CC01-016,2026-09-24,CC01,F01016,42.5,3.39
COL-0924-CC01-017,2026-09-24,CC01,F01017,26.0,3.79
COL-0924-CC01-018,2026-09-24,CC01,F01018,17.1,3.85
COL-0924-CC01-019,2026-09-24,CC01,F01019,62.5,3.8
COL-0924-CC01-020,2026-09-24,CC01,F01020,38.4,3.89
COL-0924-CC01-021,2026-09-24,CC01,F01021,20.5,3.84
COL-0924-CC01-022,2026-09-24,CC01,F01022,43.8,3.63
COL-0924-CC01-023,2026-09-24,CC01,F01023,28.9,4.55
COL-0924-CC01-024,2026-09-24,CC01,F01024,36.1,3.57
COL-0924-CC01-025,2026-09-24,CC01,F01025,38.2,3.51
COL-0924-CC01-026,2026-09-24,CC01,F01026,27.8,4.03
COL-0924-CC01-027,2026-09-24,CC01,F01027,15.0,4.07
COL-0924-CC01-028,2026-09-24,CC01,F01028,24.1,4.14
COL-0924-CC01-029,2026-09-24,CC01,F01029,17.0,4.07
COL-0924-CC01-030,2026-09-24,CC01,F01030,31.4,3.32
COL-0924-CC02-000,2026-09-24,CC02,F02000,24.2,3.04
COL-0924-CC02-001,2026-09-24,CC02,F02001,18.7,4.34
COL-0924-CC02-002,2026-09-24,CC02,F02002,32.2,3.53
COL-0924-CC02-003,2026-09-24,CC02,F02003,42.6,4.07
COL-0924-CC02-004,2026-09-24,CC02,F02004,30.7,4.03
COL-0924-CC02-005,2026-09-24,CC02,F02005,37.8,4.11
COL-0924-CC02-006,2026-09-24,CC02,F02006,10.0,3.93
COL-0924-CC02-007,2026-09-24,CC02,F02007,18.6,3.77
COL-0924-CC02-008,2026-09-24,CC02,F02008,54.7,3.82
COL-0924-CC02-009,2026-09-24,CC02,F02009,19.2,3.27
COL-0924-CC02-010,2026-09-24,CC02,F02010,34.2,3.45
COL-0924-CC02-011,2026-09-24,CC02,F02011,31.7,3.55
COL-0924-CC02-012,2026-09-24,CC02,F02012,12.7,3.91
COL-0924-CC02-013,2026-09-24,CC02,F02013,42.3,3.98
COL-0924-CC02-014,2026-09-24,CC02,F02014,29.5,3.37
COL-0924-CC02-015,2026-09-24,CC02,F02015,19.5,4.12
COL-0924-CC02-016,2026-09-24,CC02,F02016,31.1,3.95
COL-0924-CC02-017,2026-09-24,CC02,F02017,37.6,3.74
COL-0924-CC02-018,2026-09-24,CC02,F02018,17.9,3.77
COL-0924-CC02-019,2026-09-24,CC02,F02019,12.0,4.23
COL-0924-CC02-020,2026-09-24,CC02,F02020,12.8,3.96
COL-0924-CC02-021,2026-09-24,CC02,F02021,36.6,3.86
COL-0924-CC02-022,2026-09-24,CC02,F02022,24.2,3.62
COL-0924-CC02-023,2026-09-24,CC02,F02023,35.7,3.86
COL-0924-CC02-024,2026-09-24,CC02,F02024,41.0,4.32
COL-0924-CC02-025,2026-09-24,CC02,F02025,58.7,3.45
COL-0924-CC02-026,2026-09-24,CC02,F02026,38.1,3.65
COL-0924-CC02-027,2026-09-24,CC02,F02027,32.4,4.0
COL-0924-CC02-028,2026-09-24,CC02,F02028,24.3,4.04
COL-0924-CC02-029,2026-09-24,CC02,F02029,9.3,4.14
COL-0924-CC02-030,2026-09-24,CC02,F02030,32.4,3.7
COL-0924-CC02-031,2026-09-24,CC02,F02031,71.0,3.88
COL-0924-CC02-032,2026-09-24,CC02,F02032,37.7,3.81
COL-0924-CC02-033,2026-09-24,CC02,F02033,10.3,3.41
COL-0924-CC03-000,2026-09-24,CC03,F03000,17.8,3.64
COL-0924-CC03-001,2026-09-24,CC03,F03001,30.0,3.69
COL-0924-CC03-002,2026-09-24,CC03,F03002,15.4,3.94
COL-0924-CC03-003,2026-09-24,CC03,F03003,22.2,4.12
COL-0924-CC03-004,2026-09-24,CC03,F03004,18.4,3.87
COL-0924-CC03-005,2026-09-24,CC03,F03005,20.4,3.76
COL-0924-CC03-006,2026-09-24,CC03,F03006,59.9,4.06
COL-0924-CC03-007,2026-09-24,CC03,F03007,23.4,3.9
COL-0924-CC03-008,2026-09-24,CC03,F03008,23.4,4.25
COL-0924-CC03-009,2026-09-24,CC03,F03009,15.6,3.74
COL-0924-CC03-010,2026-09-24,CC03,F03010,25.4,4.22
COL-0924-CC03-011,2026-09-24,CC03,F03011,22.2,3.86
COL-0924-CC03-012,2026-09-24,CC03,F03012,31.1,4.18
COL-0924-CC03-013,2026-09-24,CC03,F03013,33.1,3.71
COL-0924-CC03-014,2026-09-24,CC03,F03014,14.8,3.62
COL-0924-CC03-015,2026-09-24,CC03,F03015,25.5,3.53
COL-0924-CC03-016,2026-09-24,CC03,F03016,53.3,3.89
COL-0924-CC03-017,2026-09-24,CC03,F03017,59.3,3.38
COL-0924-CC03-018,2026-09-24,CC03,F03018,23.1,3.97
COL-0924-CC03-019,2026-09-24,CC03,F03019,44.0,3.94
COL-0924-CC03-020,2026-09-24,CC03,F03020,10.2,3.52
COL-0924-CC03-021,2026-09-24,CC03,F03021,56.9,3.36
COL-0924-CC03-022,2026-09-24,CC03,F03022,34.7,4.26
COL-0924-CC03-023,2026-09-24,CC03,F03023,38.2,3.63
COL-0924-CC03-024,2026-09-24,CC03,F03024,29.1,3.58
COL-0924-CC03-025,2026-09-24,CC03,F03025,24.4,3.57
COL-0924-CC03-026,2026-09-24,CC03,F03026,20.4,4.06
COL-0924-CC03-027,2026-09-24,CC03,F03027,14.1,4.0
COL-0924-CC03-028,2026-09-24,CC03,F03028,9.7,4.04
COL-0924-CC03-029,2026-09-24,CC03,F03029,43.7,3.54
COL-0924-CC03-030,2026-09-24,CC03,F03030,8.9,4.07
COL-0924-CC03-031,2026-09-24,CC03,F03031,62.8,3.61
COL-0924-CC04-000,2026-09-24,CC04,F04000,32.3,3.62
COL-0924-CC04-001,2026-09-24,CC04,F04001,18.7,4.15
COL-0924-CC04-002,2026-09-24,CC04,F04002,37.7,3.95
COL-0924-CC04-003,2026-09-24,CC04,F04003,57.5,4.32
COL-0924-CC04-004,2026-09-24,CC04,F04004,18.4,3.45
COL-0924-CC04-005,2026-09-24,CC04,F04005,42.0,3.99
COL-0924-CC04-006,2026-09-24,CC04,F04006,23.0,3.74
COL-0924-CC04-007,2026-09-24,CC04,F04007,15.0,3.68
COL-0924-CC04-008,2026-09-24,CC04,F04008,20.4,3.59
COL-0924-CC04-009,2026-09-24,CC04,F04009,15.5,4.45
COL-0924-CC04-010,2026-09-24,CC04,F04010,28.0,3.63
COL-0924-CC04-011,2026-09-24,CC04,F04011,18.8,3.78
COL-0924-CC04-012,2026-09-24,CC04,F04012,15.6,3.36
COL-0924-CC04-013,2026-09-24,CC04,F04013,10.1,2.91
COL-0924-CC04-014,2026-09-24,CC04,F04014,33.5,3.9
COL-0924-CC04-015,2026-09-24,CC04,F04015,19.6,4.25
COL-0924-CC04-016,2026-09-24,CC04,F04016,9.9,3.69
COL-0924-CC04-017,2026-09-24,CC04,F04017,27.7,3.31
COL-0924-CC04-018,2026-09-24,CC04,F04018,18.5,3.49
COL-0924-CC04-019,2026-09-24,CC04,F04019,41.7,4.07
COL-0924-CC04-020,2026-09-24,CC04,F04020,74.6,3.7
COL-0924-CC04-021,2026-09-24,CC04,F04021,27.1,4.28
COL-0924-CC04-022,2026-09-24,CC04,F04022,25.4,3.5
COL-0924-CC04-023,2026-09-24,CC04,F04023,18.7,4.17
COL-0924-CC04-024,2026-09-24,CC04,F04024,23.8,3.19
COL-0924-CC04-025,2026-09-24,CC04,F04025,25.7,3.65
COL-0924-CC04-026,2026-09-24,CC04,F04026,47.7,3.17
COL-0924-CC04-027,2026-09-24,CC04,F04027,29.7,4.11
COL-0924-CC04-028,2026-09-24,CC04,F04028,30.5,4.06
COL-0924-CC04-029,2026-09-24,CC04,F04029,33.6,3.95
COL-0924-CC04-030,2026-09-24,CC04,F04030,50.3,3.77
COL-0924-CC04-031,2026-09-24,CC04,F04031,42.0,3.68
COL-0924-CC05-000,2026-09-24,CC05,F05000,17.3,4.04
COL-0924-CC05-001,2026-09-24,CC05,F05001,41.5,3.75
COL-0924-CC05-002,2026-09-24,CC05,F05002,57.1,3.84
COL-0924-CC05-003,2026-09-24,CC05,F05003,43.9,3.26
COL-0924-CC05-004,2026-09-24,CC05,F05004,46.0,3.76
COL-0924-CC05-005,2026-09-24,CC05,F05005,71.7,3.42
COL-0924-CC05-006,2026-09-24,CC05,F05006,29.7,3.56
COL-0924-CC05-007,2026-09-24,CC05,F05007,38.6,3.75
COL-0924-CC05-008,2026-09-24,CC05,F05008,25.8,3.31
COL-0924-CC05-009,2026-09-24,CC05,F05009,39.6,3.47
COL-0924-CC05-010,2026-09-24,CC05,F05010,45.2,3.81
COL-0924-CC05-011,2026-09-24,CC05,F05011,51.7,3.99
COL-0924-CC05-012,2026-09-24,CC05,F05012,33.7,3.91
COL-0924-CC05-013,2026-09-24,CC05,F05013,17.9,4.05
COL-0924-CC05-014,2026-09-24,CC05,F05014,28.0,3.58
COL-0924-CC05-015,2026-09-24,CC05,F05015,63.3,4.02
COL-0924-CC05-016,2026-09-24,CC05,F05016,35.1,3.75
COL-0924-CC05-017,2026-09-24,CC05,F05017,41.0,3.84
COL-0924-CC05-018,2026-09-24,CC05,F05018,49.4,3.71
COL-0924-CC05-019,2026-09-24,CC05,F05019,19.7,3.68
COL-0924-CC05-020,2026-09-24,CC05,F05020,27.1,3.69
COL-0924-CC05-021,2026-09-24,CC05,F05021,40.0,3.87
COL-0924-CC05-022,2026-09-24,CC05,F05022,27.7,4.0
COL-0924-CC05-023,2026-09-24,CC05,F05023,12.3,3.61
COL-0924-CC05-024,2026-09-24,CC05,F05024,15.5,4.03
COL-0924-CC05-025,2026-09-24,CC05,F05025,93.2,3.49
COL-0924-CC05-026,2026-09-24,CC05,F05026,29.7,3.84
COL-0924-CC06-000,2026-09-24,CC06,F06000,26.4,3.93
COL-0924-CC06-001,2026-09-24,CC06,F06001,10.6,3.92
COL-0924-CC06-002,2026-09-24,CC06,F06002,23.2,3.62
COL-0924-CC06-003,2026-09-24,CC06,F06003,21.2,4.2
COL-0924-CC06-004,2026-09-24,CC06,F06004,35.1,3.15
COL-0924-CC06-005,2026-09-24,CC06,F06005,27.4,3.3
COL-0924-CC06-006,2026-09-24,CC06,F06006,11.3,3.59
COL-0924-CC06-007,2026-09-24,CC06,F06007,36.0,4.21
COL-0924-CC06-008,2026-09-24,CC06,F06008,28.0,3.82
COL-0924-CC06-009,2026-09-24,CC06,F06009,64.2,3.89
COL-0924-CC06-010,2026-09-24,CC06,F06010,24.6,3.78
COL-0924-CC06-011,2026-09-24,CC06,F06011,48.1,3.87
COL-0924-CC06-012,2026-09-24,CC06,F06012,39.9,3.53
COL-0924-CC06-013,2026-09-24,CC06,F06013,48.8,4.03
COL-0924-CC06-014,2026-09-24,CC06,F06014,14.5,3.07
COL-0924-CC06-015,2026-09-24,CC06,F06015,19.5,3.6
COL-0924-CC06-016,2026-09-24,CC06,F06016,23.7,3.91
COL-0924-CC06-017,2026-09-24,CC06,F06017,41.5,3.3
COL-0924-CC06-018,2026-09-24,CC06,F06018,22.6,4.26
COL-0924-CC06-019,2026-09-24,CC06,F06019,30.2,4.31
COL-0924-CC06-020,2026-09-24,CC06,F06020,17.9,3.91
COL-0924-CC06-021,2026-09-24,CC06,F06021,14.5,3.57
COL-0924-CC06-022,2026-09-24,CC06,F06022,46.9,4.15
COL-0924-CC06-023,2026-09-24,CC06,F06023,30.0,4.07
COL-0924-CC06-024,2026-09-24,CC06,F06024,52.8,3.95
COL-0924-CC06-025,2026-09-24,CC06,F06025,15.2,4.09
COL-0924-CC06-026,2026-09-24,CC06,F06026,12.0,3.99
COL-0924-CC06-027,2026-09-24,CC06,F06027,39.5,4.16
COL-0924-CC06-028,2026-09-24,CC06,F06028,57.9,3.84
COL-0924-CC06-029,2026-09-24,CC06,F06029,6.6,3.52
COL-0924-CC06-030,2026-09-24,CC06,F06030,46.6,3.73
COL-0924-CC06-031,2026-09-24,CC06,F06031,35.3,3.39
COL-0924-CC06-032,2026-09-24,CC06,F06032,51.1,3.36
COL-0924-CC06-033,2026-09-24,CC06,F06033,33.8,4.01
COL-0924-CC06-034,2026-09-24,CC06,F06034,22.2,4.0
COL-0924-CC06-035,2026-09-24,CC06,F06035,50.9,3.78
COL-0924-CC06-036,2026-09-24,CC06,F06036,56.7,4.16
COL-0924-CC06-037,2026-09-24,CC06,F06037,37.4,3.65
COL-0924-CC06-038,2026-09-24,CC06,F06038,28.4,4.03
COL-0924-CC06-039,2026-09-24,CC06,F06039,12.5,3.32
COL-0924-CC06-040,2026-09-24,CC06,F06040,17.4,4.15
COL-0924-CC06-041,2026-09-24,CC06,F06041,45.6,3.43
COL-0924-CC07-000,2026-09-24,CC07,F07000,40.9,4.0
COL-0924-CC07-001,2026-09-24,CC07,F07001,16.2,3.38
COL-0924-CC07-002,2026-09-24,CC07,F07002,24.3,3.57
COL-0924-CC07-003,2026-09-24,CC07,F07003,30.5,3.99
COL-0924-CC07-004,2026-09-24,CC07,F07004,7.6,3.53
COL-0924-CC07-005,2026-09-24,CC07,F07005,68.1,3.16
COL-0924-CC07-006,2026-09-24,CC07,F07006,15.8,4.09
COL-0924-CC07-007,2026-09-24,CC07,F07007,42.2,3.95
COL-0924-CC07-008,2026-09-24,CC07,F07008,24.9,4.16
COL-0924-CC07-009,2026-09-24,CC07,F07009,69.5,3.87
COL-0924-CC07-010,2026-09-24,CC07,F07010,39.6,3.47
COL-0924-CC07-011,2026-09-24,CC07,F07011,34.7,3.44
COL-0924-CC07-012,2026-09-24,CC07,F07012,25.8,3.87
COL-0924-CC07-013,2026-09-24,CC07,F07013,19.1,3.31
COL-0924-CC07-014,2026-09-24,CC07,F07014,31.4,3.94
COL-0924-CC07-015,2026-09-24,CC07,F07015,33.2,4.48
COL-0924-CC07-016,2026-09-24,CC07,F07016,36.1,3.95
COL-0924-CC07-017,2026-09-24,CC07,F07017,30.5,3.65
COL-0924-CC07-018,2026-09-24,CC07,F07018,14.1,3.72
COL-0924-CC07-019,2026-09-24,CC07,F07019,46.0,3.19
COL-0924-CC07-020,2026-09-24,CC07,F07020,21.4,4.06
COL-0924-CC07-021,2026-09-24,CC07,F07021,32.2,3.67
COL-0924-CC07-022,2026-09-24,CC07,F07022,44.2,3.91
COL-0924-CC07-023,2026-09-24,CC07,F07023,27.3,4.31
COL-0924-CC07-024,2026-09-24,CC07,F07024,36.7,3.53
COL-0924-CC07-025,2026-09-24,CC07,F07025,55.4,3.7
COL-0924-CC07-026,2026-09-24,CC07,F07026,38.5,4.05
COL-0924-CC07-027,2026-09-24,CC07,F07027,18.5,3.16
COL-0924-CC07-028,2026-09-24,CC07,F07028,36.4,3.89
COL-0924-CC07-029,2026-09-24,CC07,F07029,11.7,3.73
COL-0924-CC07-030,2026-09-24,CC07,F07030,56.4,3.45
COL-0924-CC07-031,2026-09-24,CC07,F07031,27.3,3.56
COL-0924-CC07-032,2026-09-24,CC07,F07032,20.8,3.91
COL-0924-CC07-033,2026-09-24,CC07,F07033,31.1,3.41
COL-0924-CC07-034,2026-09-24,CC07,F07034,46.2,3.86
COL-0924-CC07-035,2026-09-24,CC07,F07035,27.6,3.64
COL-0924-CC07-036,2026-09-24,CC07,F07036,11.2,4.05
COL-0924-CC07-037,2026-09-24,CC07,F07037,38.7,4.19
COL-0924-CC07-038,2026-09-24,CC07,F07038,59.6,3.52
COL-0924-CC07-039,2026-09-24,CC07,F07039,22.1,3.78
COL-0924-CC08-000,2026-09-24,CC08,F08000,23.8,3.6
COL-0924-CC08-001,2026-09-24,CC08,F08001,28.0,3.9
COL-0924-CC08-002,2026-09-24,CC08,F08002,50.2,3.84
COL-0924-CC08-003,2026-09-24,CC08,F08003,56.6,3.79
COL-0924-CC08-004,2026-09-24,CC08,F08004,11.9,3.6
COL-0924-CC08-005,2026-09-24,CC08,F08005,18.9,4.0
COL-0924-CC08-006,2026-09-24,CC08,F08006,31.9,4.0
COL-0924-CC08-007,2026-09-24,CC08,F08007,78.3,3.77
COL-0924-CC08-008,2026-09-24,CC08,F08008,25.3,2.93
COL-0924-CC08-009,2026-09-24,CC08,F08009,49.2,4.36
COL-0924-CC08-010,2026-09-24,CC08,F08010,8.6,3.66
COL-0924-CC08-011,2026-09-24,CC08,F08011,16.9,3.72
COL-0924-CC08-012,2026-09-24,CC08,F08012,33.2,3.47
COL-0924-CC08-013,2026-09-24,CC08,F08013,10.8,3.49
COL-0924-CC08-014,2026-09-24,CC08,F08014,60.6,4.04
COL-0924-CC08-015,2026-09-24,CC08,F08015,33.2,3.64
COL-0924-CC08-016,2026-09-24,CC08,F08016,43.4,3.86
COL-0924-CC08-017,2026-09-24,CC08,F08017,99.7,3.78
COL-0924-CC08-018,2026-09-24,CC08,F08018,24.5,3.57
COL-0924-CC08-019,2026-09-24,CC08,F08019,20.3,3.27
COL-0924-CC08-020,2026-09-24,CC08,F08020,65.6,3.72
COL-0924-CC08-021,2026-09-24,CC08,F08021,33.6,3.63
COL-0924-CC08-022,2026-09-24,CC08,F08022,16.8,4.46
COL-0924-CC08-023,2026-09-24,CC08,F08023,21.4,3.87
COL-0924-CC08-024,2026-09-24,CC08,F08024,35.7,3.82
COL-0924-CC08-025,2026-09-24,CC08,F08025,36.3,3.97
COL-0925-CC01-000,2026-09-25,CC01,F01000,64.2,3.73
COL-0925-CC01-001,2026-09-25,CC01,F01001,28.1,4.4
COL-0925-CC01-002,2026-09-25,CC01,F01002,23.3,3.18
COL-0925-CC01-003,2026-09-25,CC01,F01003,45.1,3.97
COL-0925-CC01-004,2026-09-25,CC01,F01004,27.4,3.64
COL-0925-CC01-005,2026-09-25,CC01,F01005,14.9,4.03
COL-0925-CC01-006,2026-09-25,CC01,F01006,34.1,3.45
COL-0925-CC01-007,2026-09-25,CC01,F01007,23.6,4.09
COL-0925-CC01-008,2026-09-25,CC01,F01008,28.7,3.55
COL-0925-CC01-009,2026-09-25,CC01,F01009,52.4,3.49
COL-0925-CC01-010,2026-09-25,CC01,F01010,25.0,4.41
COL-0925-CC01-011,2026-09-25,CC01,F01011,11.9,3.63
COL-0925-CC01-012,2026-09-25,CC01,F01012,23.7,4.51
COL-0925-CC01-013,2026-09-25,CC01,F01013,36.5,3.99
COL-0925-CC01-014,2026-09-25,CC01,F01014,40.4,4.2
COL-0925-CC01-015,2026-09-25,CC01,F01015,10.7,3.84
COL-0925-CC01-016,2026-09-25,CC01,F01016,14.1,4.19
COL-0925-CC01-017,2026-09-25,CC01,F01017,15.5,3.67
COL-0925-CC01-018,2026-09-25,CC01,F01018,59.9,4.25
COL-0925-CC01-019,2026-09-25,CC01,F01019,33.6,3.56
COL-0925-CC01-020,2026-09-25,CC01,F01020,43.0,3.47
COL-0925-CC01-021,2026-09-25,CC01,F01021,25.8,3.61
COL-0925-CC01-022,2026-09-25,CC01,F01022,40.8,3.52
COL-0925-CC01-023,2026-09-25,CC01,F01023,18.9,3.61
COL-0925-CC01-024,2026-09-25,CC01,F01024,34.4,3.77
COL-0925-CC01-025,2026-09-25,CC01,F01025,42.0,3.59
COL-0925-CC01-026,2026-09-25,CC01,F01026,62.3,3.9
COL-0925-CC01-027,2026-09-25,CC01,F01027,18.4,3.87
COL-0925-CC01-028,2026-09-25,CC01,F01028,29.4,4.06
COL-0925-CC01-029,2026-09-25,CC01,F01029,34.7,4.11
COL-0925-CC01-030,2026-09-25,CC01,F01030,28.4,3.93
COL-0925-CC01-031,2026-09-25,CC01,F01031,49.4,4.0
COL-0925-CC01-032,2026-09-25,CC01,F01032,11.3,3.58
COL-0925-CC01-033,2026-09-25,CC01,F01033,34.3,3.52
COL-0925-CC01-034,2026-09-25,CC01,F01034,68.2,4.14
COL-0925-CC02-000,2026-09-25,CC02,F02000,29.7,3.47
COL-0925-CC02-001,2026-09-25,CC02,F02001,24.2,3.1
COL-0925-CC02-002,2026-09-25,CC02,F02002,24.6,3.82
COL-0925-CC02-003,2026-09-25,CC02,F02003,54.9,3.42
COL-0925-CC02-004,2026-09-25,CC02,F02004,59.0,2.97
COL-0925-CC02-005,2026-09-25,CC02,F02005,2.9,3.42
COL-0925-CC02-006,2026-09-25,CC02,F02006,42.2,3.71
COL-0925-CC02-007,2026-09-25,CC02,F02007,34.5,3.68
COL-0925-CC02-008,2026-09-25,CC02,F02008,45.8,3.66
COL-0925-CC02-009,2026-09-25,CC02,F02009,38.4,3.13
COL-0925-CC02-010,2026-09-25,CC02,F02010,40.5,3.58
COL-0925-CC02-011,2026-09-25,CC02,F02011,9.5,3.66
COL-0925-CC02-012,2026-09-25,CC02,F02012,77.3,4.17
COL-0925-CC02-013,2026-09-25,CC02,F02013,15.4,3.74
COL-0925-CC02-014,2026-09-25,CC02,F02014,33.2,3.8
COL-0925-CC02-015,2026-09-25,CC02,F02015,57.3,3.94
COL-0925-CC02-016,2026-09-25,CC02,F02016,20.9,3.74
COL-0925-CC02-017,2026-09-25,CC02,F02017,23.5,3.72
COL-0925-CC02-018,2026-09-25,CC02,F02018,20.6,3.75
COL-0925-CC02-019,2026-09-25,CC02,F02019,17.3,3.72
COL-0925-CC02-020,2026-09-25,CC02,F02020,40.1,3.37
COL-0925-CC02-021,2026-09-25,CC02,F02021,31.2,4.02
COL-0925-CC02-022,2026-09-25,CC02,F02022,14.3,3.72
COL-0925-CC02-023,2026-09-25,CC02,F02023,41.8,3.84
COL-0925-CC02-024,2026-09-25,CC02,F02024,5.9,3.24
COL-0925-CC02-025,2026-09-25,CC02,F02025,16.6,4.02
COL-0925-CC02-026,2026-09-25,CC02,F02026,31.5,3.5
COL-0925-CC02-027,2026-09-25,CC02,F02027,23.6,3.34
COL-0925-CC02-028,2026-09-25,CC02,F02028,30.7,4.34
COL-0925-CC02-029,2026-09-25,CC02,F02029,33.7,3.68
COL-0925-CC02-030,2026-09-25,CC02,F02030,24.8,3.9
COL-0925-CC02-031,2026-09-25,CC02,F02031,38.4,3.82
COL-0925-CC02-032,2026-09-25,CC02,F02032,21.8,3.93
COL-0925-CC02-033,2026-09-25,CC02,F02033,73.8,3.99
COL-0925-CC02-034,2026-09-25,CC02,F02034,32.8,3.85
COL-0925-CC02-035,2026-09-25,CC02,F02035,15.8,3.55
COL-0925-CC02-036,2026-09-25,CC02,F02036,6.0,3.98
COL-0925-CC02-037,2026-09-25,CC02,F02037,35.0,3.96
COL-0925-CC02-038,2026-09-25,CC02,F02038,20.2,3.74
COL-0925-CC03-000,2026-09-25,CC03,F03000,39.0,3.67
COL-0925-CC03-001,2026-09-25,CC03,F03001,27.9,3.52
COL-0925-CC03-002,2026-09-25,CC03,F03002,30.1,3.68
COL-0925-CC03-003,2026-09-25,CC03,F03003,20.1,3.86
COL-0925-CC03-004,2026-09-25,CC03,F03004,26.9,4.15
COL-0925-CC03-005,2026-09-25,CC03,F03005,11.6,4.07
COL-0925-CC03-006,2026-09-25,CC03,F03006,50.8,3.65
COL-0925-CC03-007,2026-09-25,CC03,F03007,36.7,4.0
COL-0925-CC03-008,2026-09-25,CC03,F03008,38.0,3.52
COL-0925-CC03-009,2026-09-25,CC03,F03009,66.1,3.91
COL-0925-CC03-010,2026-09-25,CC03,F03010,13.3,3.76
COL-0925-CC03-011,2026-09-25,CC03,F03011,13.9,3.8
COL-0925-CC03-012,2026-09-25,CC03,F03012,53.2,3.7
COL-0925-CC03-013,2026-09-25,CC03,F03013,9.9,3.53
COL-0925-CC03-014,2026-09-25,CC03,F03014,21.7,3.62
COL-0925-CC03-015,2026-09-25,CC03,F03015,48.5,3.85
COL-0925-CC03-016,2026-09-25,CC03,F03016,19.3,3.64
COL-0925-CC03-017,2026-09-25,CC03,F03017,31.0,3.94
COL-0925-CC03-018,2026-09-25,CC03,F03018,26.0,3.41
COL-0925-CC03-019,2026-09-25,CC03,F03019,25.2,3.82
COL-0925-CC03-020,2026-09-25,CC03,F03020,31.3,4.19
COL-0925-CC03-021,2026-09-25,CC03,F03021,33.2,3.91
COL-0925-CC03-022,2026-09-25,CC03,F03022,35.6,3.62
COL-0925-CC03-023,2026-09-25,CC03,F03023,17.0,3.94
COL-0925-CC03-024,2026-09-25,CC03,F03024,10.2,4.27
COL-0925-CC03-025,2026-09-25,CC03,F03025,33.2,4.04
COL-0925-CC03-026,2026-09-25,CC03,F03026,35.2,4.08
COL-0925-CC03-027,2026-09-25,CC03,F03027,43.0,4.4
COL-0925-CC03-028,2026-09-25,CC03,F03028,45.7,3.84
COL-0925-CC03-029,2026-09-25,CC03,F03029,53.4,3.82
COL-0925-CC03-030,2026-09-25,CC03,F03030,25.7,4.05
COL-0925-CC03-031,2026-09-25,CC03,F03031,16.6,3.71
COL-0925-CC03-032,2026-09-25,CC03,F03032,49.0,3.96
COL-0925-CC04-000,2026-09-25,CC04,F04000,39.4,3.86
COL-0925-CC04-001,2026-09-25,CC04,F04001,39.5,4.22
COL-0925-CC04-002,2026-09-25,CC04,F04002,20.4,4.02
COL-0925-CC04-003,2026-09-25,CC04,F04003,37.6,4.23
COL-0925-CC04-004,2026-09-25,CC04,F04004,14.0,3.92
COL-0925-CC04-005,2026-09-25,CC04,F04005,34.3,4.16
COL-0925-CC04-006,2026-09-25,CC04,F04006,10.8,4.11
COL-0925-CC04-007,2026-09-25,CC04,F04007,54.2,3.62
COL-0925-CC04-008,2026-09-25,CC04,F04008,18.0,3.69
COL-0925-CC04-009,2026-09-25,CC04,F04009,24.7,3.75
COL-0925-CC04-010,2026-09-25,CC04,F04010,11.1,3.85
COL-0925-CC04-011,2026-09-25,CC04,F04011,46.6,4.31
COL-0925-CC04-012,2026-09-25,CC04,F04012,16.0,3.87
COL-0925-CC04-013,2026-09-25,CC04,F04013,24.2,3.92
COL-0925-CC04-014,2026-09-25,CC04,F04014,21.3,4.2
COL-0925-CC04-015,2026-09-25,CC04,F04015,43.0,3.58
COL-0925-CC04-016,2026-09-25,CC04,F04016,29.9,3.97
COL-0925-CC04-017,2026-09-25,CC04,F04017,43.9,3.57
COL-0925-CC04-018,2026-09-25,CC04,F04018,28.0,3.94
COL-0925-CC04-019,2026-09-25,CC04,F04019,53.1,3.66
COL-0925-CC04-020,2026-09-25,CC04,F04020,28.7,3.19
COL-0925-CC04-021,2026-09-25,CC04,F04021,30.0,3.63
COL-0925-CC04-022,2026-09-25,CC04,F04022,57.8,3.8
COL-0925-CC04-023,2026-09-25,CC04,F04023,15.6,3.99
COL-0925-CC04-024,2026-09-25,CC04,F04024,36.7,3.26
COL-0925-CC04-025,2026-09-25,CC04,F04025,51.5,3.27
COL-0925-CC04-026,2026-09-25,CC04,F04026,40.9,3.96
COL-0925-CC04-027,2026-09-25,CC04,F04027,34.3,3.91
COL-0925-CC04-028,2026-09-25,CC04,F04028,18.4,3.44
COL-0925-CC04-029,2026-09-25,CC04,F04029,18.7,4.06
COL-0925-CC04-030,2026-09-25,CC04,F04030,36.1,4.35
COL-0925-CC04-031,2026-09-25,CC04,F04031,38.5,4.0
COL-0925-CC04-032,2026-09-25,CC04,F04032,17.5,3.78
COL-0925-CC04-033,2026-09-25,CC04,F04033,29.6,4.13
COL-0925-CC05-000,2026-09-25,CC05,F05000,34.3,3.77
COL-0925-CC05-001,2026-09-25,CC05,F05001,44.8,3.58
COL-0925-CC05-002,2026-09-25,CC05,F05002,34.7,4.35
COL-0925-CC05-003,2026-09-25,CC05,F05003,30.8,3.79
COL-0925-CC05-004,2026-09-25,CC05,F05004,26.9,4.05
COL-0925-CC05-005,2026-09-25,CC05,F05005,46.3,3.57
COL-0925-CC05-006,2026-09-25,CC05,F05006,41.6,3.82
COL-0925-CC05-007,2026-09-25,CC05,F05007,11.2,3.48
COL-0925-CC05-008,2026-09-25,CC05,F05008,27.2,3.64
COL-0925-CC05-009,2026-09-25,CC05,F05009,35.3,3.47
COL-0925-CC05-010,2026-09-25,CC05,F05010,34.0,3.43
COL-0925-CC05-011,2026-09-25,CC05,F05011,8.1,3.96
COL-0925-CC05-012,2026-09-25,CC05,F05012,61.1,3.95
COL-0925-CC05-013,2026-09-25,CC05,F05013,28.6,3.77
COL-0925-CC05-014,2026-09-25,CC05,F05014,15.3,3.84
COL-0925-CC05-015,2026-09-25,CC05,F05015,24.8,3.86
COL-0925-CC05-016,2026-09-25,CC05,F05016,25.2,3.93
COL-0925-CC05-017,2026-09-25,CC05,F05017,10.5,3.3
COL-0925-CC05-018,2026-09-25,CC05,F05018,44.4,4.01
COL-0925-CC05-019,2026-09-25,CC05,F05019,55.2,3.56
COL-0925-CC05-020,2026-09-25,CC05,F05020,49.0,3.8
COL-0925-CC05-021,2026-09-25,CC05,F05021,8.4,4.19
COL-0925-CC05-022,2026-09-25,CC05,F05022,26.2,3.47
COL-0925-CC05-023,2026-09-25,CC05,F05023,30.7,4.38
COL-0925-CC05-024,2026-09-25,CC05,F05024,35.8,3.66
COL-0925-CC05-025,2026-09-25,CC05,F05025,33.6,3.53
COL-0925-CC05-026,2026-09-25,CC05,F05026,11.5,4.22
COL-0925-CC05-027,2026-09-25,CC05,F05027,22.5,3.51
COL-0925-CC05-028,2026-09-25,CC05,F05028,25.0,3.93
COL-0925-CC05-029,2026-09-25,CC05,F05029,29.0,3.35
COL-0925-CC05-030,2026-09-25,CC05,F05030,10.6,3.99
COL-0925-CC05-031,2026-09-25,CC05,F05031,16.1,3.43
COL-0925-CC05-032,2026-09-25,CC05,F05032,49.9,3.49
COL-0925-CC05-033,2026-09-25,CC05,F05033,23.4,4.5
COL-0925-CC05-034,2026-09-25,CC05,F05034,37.3,3.39
COL-0925-CC05-035,2026-09-25,CC05,F05035,41.7,3.88
COL-0925-CC05-036,2026-09-25,CC05,F05036,40.1,4.19
COL-0925-CC05-037,2026-09-25,CC05,F05037,51.7,3.86
COL-0925-CC05-038,2026-09-25,CC05,F05038,28.6,3.83
COL-0925-CC05-039,2026-09-25,CC05,F05039,34.0,2.98
COL-0925-CC05-040,2026-09-25,CC05,F05040,16.9,3.7
COL-0925-CC05-041,2026-09-25,CC05,F05041,9.4,4.26
COL-0925-CC05-042,2026-09-25,CC05,F05042,49.2,3.25
COL-0925-CC06-000,2026-09-25,CC06,F06000,20.3,3.58
COL-0925-CC06-001,2026-09-25,CC06,F06001,17.5,3.95
COL-0925-CC06-002,2026-09-25,CC06,F06002,34.7,3.82
COL-0925-CC06-003,2026-09-25,CC06,F06003,42.1,4.12
COL-0925-CC06-004,2026-09-25,CC06,F06004,33.7,4.03
COL-0925-CC06-005,2026-09-25,CC06,F06005,37.5,3.86
COL-0925-CC06-006,2026-09-25,CC06,F06006,17.3,3.79
COL-0925-CC06-007,2026-09-25,CC06,F06007,60.5,4.01
COL-0925-CC06-008,2026-09-25,CC06,F06008,29.2,4.02
COL-0925-CC06-009,2026-09-25,CC06,F06009,19.0,3.19
COL-0925-CC06-010,2026-09-25,CC06,F06010,54.0,4.06
COL-0925-CC06-011,2026-09-25,CC06,F06011,19.7,3.33
COL-0925-CC06-012,2026-09-25,CC06,F06012,27.2,4.02
COL-0925-CC06-013,2026-09-25,CC06,F06013,23.9,3.78
COL-0925-CC06-014,2026-09-25,CC06,F06014,41.2,3.69
COL-0925-CC06-015,2026-09-25,CC06,F06015,38.2,3.97
COL-0925-CC06-016,2026-09-25,CC06,F06016,37.6,3.64
COL-0925-CC06-017,2026-09-25,CC06,F06017,26.2,3.75
COL-0925-CC06-018,2026-09-25,CC06,F06018,29.0,3.84
COL-0925-CC06-019,2026-09-25,CC06,F06019,14.8,3.42
COL-0925-CC06-020,2026-09-25,CC06,F06020,14.0,3.9
COL-0925-CC06-021,2026-09-25,CC06,F06021,36.5,4.17
COL-0925-CC06-022,2026-09-25,CC06,F06022,38.4,3.78
COL-0925-CC06-023,2026-09-25,CC06,F06023,52.2,3.85
COL-0925-CC06-024,2026-09-25,CC06,F06024,22.1,3.97
COL-0925-CC06-025,2026-09-25,CC06,F06025,63.4,3.99
COL-0925-CC06-026,2026-09-25,CC06,F06026,49.6,3.72
COL-0925-CC06-027,2026-09-25,CC06,F06027,47.5,3.9
COL-0925-CC06-028,2026-09-25,CC06,F06028,44.1,4.38
COL-0925-CC06-029,2026-09-25,CC06,F06029,22.4,3.68
COL-0925-CC06-030,2026-09-25,CC06,F06030,71.9,3.71
COL-0925-CC06-031,2026-09-25,CC06,F06031,31.5,3.56
COL-0925-CC06-032,2026-09-25,CC06,F06032,43.1,3.88
COL-0925-CC06-033,2026-09-25,CC06,F06033,53.7,4.17
COL-0925-CC06-034,2026-09-25,CC06,F06034,46.7,4.44
COL-0925-CC06-035,2026-09-25,CC06,F06035,37.9,3.6
COL-0925-CC06-036,2026-09-25,CC06,F06036,8.1,3.6
COL-0925-CC06-037,2026-09-25,CC06,F06037,33.5,3.61
COL-0925-CC06-038,2026-09-25,CC06,F06038,34.8,3.81
COL-0925-CC06-039,2026-09-25,CC06,F06039,28.6,4.08
COL-0925-CC06-040,2026-09-25,CC06,F06040,18.0,3.55
COL-0925-CC06-041,2026-09-25,CC06,F06041,64.8,3.88
COL-0925-CC06-042,2026-09-25,CC06,F06042,36.5,3.82
COL-0925-CC06-043,2026-09-25,CC06,F06043,56.3,3.61
COL-0925-CC06-044,2026-09-25,CC06,F06044,30.5,3.82
COL-0925-CC06-045,2026-09-25,CC06,F06045,23.0,3.99
COL-0925-CC07-000,2026-09-25,CC07,F07000,12.8,3.91
COL-0925-CC07-001,2026-09-25,CC07,F07001,30.3,4.5
COL-0925-CC07-002,2026-09-25,CC07,F07002,42.6,4.02
COL-0925-CC07-003,2026-09-25,CC07,F07003,40.7,3.72
COL-0925-CC07-004,2026-09-25,CC07,F07004,22.0,3.24
COL-0925-CC07-005,2026-09-25,CC07,F07005,40.1,4.03
COL-0925-CC07-006,2026-09-25,CC07,F07006,45.6,3.84
COL-0925-CC07-007,2026-09-25,CC07,F07007,23.3,4.29
COL-0925-CC07-008,2026-09-25,CC07,F07008,104.6,3.63
COL-0925-CC07-009,2026-09-25,CC07,F07009,38.2,3.82
COL-0925-CC07-010,2026-09-25,CC07,F07010,31.3,3.97
COL-0925-CC07-011,2026-09-25,CC07,F07011,28.8,4.09
COL-0925-CC07-012,2026-09-25,CC07,F07012,32.4,3.17
COL-0925-CC07-013,2026-09-25,CC07,F07013,13.2,4.09
COL-0925-CC07-014,2026-09-25,CC07,F07014,54.1,4.02
COL-0925-CC07-015,2026-09-25,CC07,F07015,35.2,3.63
COL-0925-CC07-016,2026-09-25,CC07,F07016,26.2,3.86
COL-0925-CC07-017,2026-09-25,CC07,F07017,24.7,3.49
COL-0925-CC07-018,2026-09-25,CC07,F07018,21.2,3.41
COL-0925-CC07-019,2026-09-25,CC07,F07019,59.5,4.19
COL-0925-CC07-020,2026-09-25,CC07,F07020,52.8,3.6
COL-0925-CC07-021,2026-09-25,CC07,F07021,54.7,4.03
COL-0925-CC07-022,2026-09-25,CC07,F07022,60.5,3.75
COL-0925-CC07-023,2026-09-25,CC07,F07023,24.3,3.99
COL-0925-CC07-024,2026-09-25,CC07,F07024,71.9,3.71
COL-0925-CC07-025,2026-09-25,CC07,F07025,68.8,4.29
COL-0925-CC08-000,2026-09-25,CC08,F08000,17.0,4.35
COL-0925-CC08-001,2026-09-25,CC08,F08001,50.3,3.72
COL-0925-CC08-002,2026-09-25,CC08,F08002,27.7,4.4
COL-0925-CC08-003,2026-09-25,CC08,F08003,34.5,4.33
COL-0925-CC08-004,2026-09-25,CC08,F08004,29.8,3.6
COL-0925-CC08-005,2026-09-25,CC08,F08005,39.6,3.92
COL-0925-CC08-006,2026-09-25,CC08,F08006,62.2,3.59
COL-0925-CC08-007,2026-09-25,CC08,F08007,24.4,4.06
COL-0925-CC08-008,2026-09-25,CC08,F08008,11.1,3.89
COL-0925-CC08-009,2026-09-25,CC08,F08009,24.6,3.81
COL-0925-CC08-010,2026-09-25,CC08,F08010,33.2,3.9
COL-0925-CC08-011,2026-09-25,CC08,F08011,33.3,3.84
COL-0925-CC08-012,2026-09-25,CC08,F08012,21.0,4.35
COL-0925-CC08-013,2026-09-25,CC08,F08013,19.2,3.63
COL-0925-CC08-014,2026-09-25,CC08,F08014,21.1,3.57
COL-0925-CC08-015,2026-09-25,CC08,F08015,26.7,3.99
COL-0925-CC08-016,2026-09-25,CC08,F08016,34.3,3.45
COL-0925-CC08-017,2026-09-25,CC08,F08017,13.5,3.9
COL-0925-CC08-018,2026-09-25,CC08,F08018,45.3,3.88
COL-0925-CC08-019,2026-09-25,CC08,F08019,34.8,3.95
COL-0925-CC08-020,2026-09-25,CC08,F08020,5.2,4.23
COL-0925-CC08-021,2026-09-25,CC08,F08021,36.8,3.67
COL-0925-CC08-022,2026-09-25,CC08,F08022,35.6,3.62
COL-0925-CC08-023,2026-09-25,CC08,F08023,38.9,3.77
COL-0925-CC08-024,2026-09-25,CC08,F08024,29.0,4.17
COL-0925-CC08-025,2026-09-25,CC08,F08025,55.5,3.86
COL-0925-CC08-026,2026-09-25,CC08,F08026,41.5,3.74
COL-0925-CC08-027,2026-09-25,CC08,F08027,14.5,3.6
COL-0925-CC08-028,2026-09-25,CC08,F08028,29.3,3.88
COL-0925-CC08-029,2026-09-25,CC08,F08029,55.0,3.88
COL-0925-CC08-030,2026-09-25,CC08,F08030,11.4,3.94
COL-0925-CC08-031,2026-09-25,CC08,F08031,24.1,4.04
COL-0925-CC08-032,2026-09-25,CC08,F08032,27.7,3.31
COL-0925-CC08-033,2026-09-25,CC08,F08033,44.7,4.01
COL-0925-CC08-034,2026-09-25,CC08,F08034,13.5,4.29
COL-0925-CC08-035,2026-09-25,CC08,F08035,53.4,3.94
COL-0925-CC08-036,2026-09-25,CC08,F08036,32.4,3.59
COL-0925-CC08-037,2026-09-25,CC08,F08037,15.4,4.13
COL-0925-CC08-038,2026-09-25,CC08,F08038,21.5,3.2
COL-0925-CC08-039,2026-09-25,CC08,F08039,14.8,4.05
COL-0925-CC08-040,2026-09-25,CC08,F08040,22.2,4.18
COL-0925-CC08-041,2026-09-25,CC08,F08041,47.0,3.65
COL-0925-CC08-042,2026-09-25,CC08,F08042,7.8,3.7
COL-0925-CC08-043,2026-09-25,CC08,F08043,32.0,3.98
COL-0925-CC08-044,2026-09-25,CC08,F08044,45.6,3.45
COL-0925-CC08-045,2026-09-25,CC08,F08045,20.9,4.03
COL-0925-CC08-046,2026-09-25,CC08,F08046,46.5,3.52
COL-0925-CC08-047,2026-09-25,CC08,F08047,20.8,4.18
COL-0925-CC08-048,2026-09-25,CC08,F08048,14.8,3.05
COL-0926-CC01-000,2026-09-26,CC01,F01000,55.4,4.24
COL-0926-CC01-001,2026-09-26,CC01,F01001,34.0,4.26
COL-0926-CC01-002,2026-09-26,CC01,F01002,42.2,3.47
COL-0926-CC01-003,2026-09-26,CC01,F01003,36.9,3.93
COL-0926-CC01-004,2026-09-26,CC01,F01004,25.6,3.32
COL-0926-CC01-005,2026-09-26,CC01,F01005,59.8,4.5
COL-0926-CC01-006,2026-09-26,CC01,F01006,19.0,3.67
COL-0926-CC01-007,2026-09-26,CC01,F01007,36.6,3.52
COL-0926-CC01-008,2026-09-26,CC01,F01008,28.3,3.61
COL-0926-CC01-009,2026-09-26,CC01,F01009,22.1,3.89
COL-0926-CC01-010,2026-09-26,CC01,F01010,14.3,3.45
COL-0926-CC01-011,2026-09-26,CC01,F01011,30.7,4.19
COL-0926-CC01-012,2026-09-26,CC01,F01012,57.4,4.01
COL-0926-CC01-013,2026-09-26,CC01,F01013,34.5,3.55
COL-0926-CC01-014,2026-09-26,CC01,F01014,32.0,4.3
COL-0926-CC01-015,2026-09-26,CC01,F01015,35.1,3.66
COL-0926-CC01-016,2026-09-26,CC01,F01016,39.4,3.56
COL-0926-CC01-017,2026-09-26,CC01,F01017,40.9,3.54
COL-0926-CC01-018,2026-09-26,CC01,F01018,24.3,4.11
COL-0926-CC01-019,2026-09-26,CC01,F01019,77.9,3.94
COL-0926-CC01-020,2026-09-26,CC01,F01020,8.5,3.74
COL-0926-CC01-021,2026-09-26,CC01,F01021,64.7,3.78
COL-0926-CC01-022,2026-09-26,CC01,F01022,40.8,3.64
COL-0926-CC01-023,2026-09-26,CC01,F01023,34.9,4.2
COL-0926-CC01-024,2026-09-26,CC01,F01024,50.2,3.95
COL-0926-CC01-025,2026-09-26,CC01,F01025,62.4,3.52
COL-0926-CC01-026,2026-09-26,CC01,F01026,26.5,3.96
COL-0926-CC01-027,2026-09-26,CC01,F01027,28.2,4.04
COL-0926-CC01-028,2026-09-26,CC01,F01028,31.5,4.0
COL-0926-CC01-029,2026-09-26,CC01,F01029,16.4,3.93
COL-0926-CC01-030,2026-09-26,CC01,F01030,20.0,3.99
COL-0926-CC01-031,2026-09-26,CC01,F01031,35.8,3.49
COL-0926-CC01-032,2026-09-26,CC01,F01032,27.1,3.56
COL-0926-CC01-033,2026-09-26,CC01,F01033,48.2,3.66
COL-0926-CC01-034,2026-09-26,CC01,F01034,18.1,3.9
COL-0926-CC01-035,2026-09-26,CC01,F01035,5.5,4.34
COL-0926-CC02-000,2026-09-26,CC02,F02000,15.9,4.03
COL-0926-CC02-001,2026-09-26,CC02,F02001,23.4,3.73
COL-0926-CC02-002,2026-09-26,CC02,F02002,14.0,3.35
COL-0926-CC02-003,2026-09-26,CC02,F02003,29.2,4.2
COL-0926-CC02-004,2026-09-26,CC02,F02004,39.9,3.77
COL-0926-CC02-005,2026-09-26,CC02,F02005,41.1,3.42
COL-0926-CC02-006,2026-09-26,CC02,F02006,40.1,3.92
COL-0926-CC02-007,2026-09-26,CC02,F02007,42.2,3.81
COL-0926-CC02-008,2026-09-26,CC02,F02008,43.9,3.83
COL-0926-CC02-009,2026-09-26,CC02,F02009,20.3,3.49
COL-0926-CC02-010,2026-09-26,CC02,F02010,12.9,3.55
COL-0926-CC02-011,2026-09-26,CC02,F02011,14.6,3.5
COL-0926-CC02-012,2026-09-26,CC02,F02012,10.6,3.96
COL-0926-CC02-013,2026-09-26,CC02,F02013,21.2,3.5
COL-0926-CC02-014,2026-09-26,CC02,F02014,44.0,3.53
COL-0926-CC02-015,2026-09-26,CC02,F02015,12.4,3.59
COL-0926-CC02-016,2026-09-26,CC02,F02016,35.2,3.87
COL-0926-CC02-017,2026-09-26,CC02,F02017,38.4,3.58
COL-0926-CC02-018,2026-09-26,CC02,F02018,18.2,3.95
COL-0926-CC02-019,2026-09-26,CC02,F02019,28.9,3.78
COL-0926-CC02-020,2026-09-26,CC02,F02020,46.0,3.6
COL-0926-CC02-021,2026-09-26,CC02,F02021,18.3,3.6
COL-0926-CC02-022,2026-09-26,CC02,F02022,22.5,3.68
COL-0926-CC02-023,2026-09-26,CC02,F02023,15.9,3.59
COL-0926-CC02-024,2026-09-26,CC02,F02024,35.5,4.02
COL-0926-CC02-025,2026-09-26,CC02,F02025,32.2,4.69
COL-0926-CC02-026,2026-09-26,CC02,F02026,39.0,3.85
COL-0926-CC02-027,2026-09-26,CC02,F02027,18.5,3.68
COL-0926-CC02-028,2026-09-26,CC02,F02028,25.5,4.44
COL-0926-CC02-029,2026-09-26,CC02,F02029,31.0,4.1
COL-0926-CC02-030,2026-09-26,CC02,F02030,32.4,3.69
COL-0926-CC03-000,2026-09-26,CC03,F03000,49.1,3.92
COL-0926-CC03-001,2026-09-26,CC03,F03001,47.0,3.45
COL-0926-CC03-002,2026-09-26,CC03,F03002,30.4,4.55
COL-0926-CC03-003,2026-09-26,CC03,F03003,50.7,3.67
COL-0926-CC03-004,2026-09-26,CC03,F03004,52.9,4.19
COL-0926-CC03-005,2026-09-26,CC03,F03005,65.3,4.26
COL-0926-CC03-006,2026-09-26,CC03,F03006,45.4,3.68
COL-0926-CC03-007,2026-09-26,CC03,F03007,9.9,3.77
COL-0926-CC03-008,2026-09-26,CC03,F03008,28.5,4.09
COL-0926-CC03-009,2026-09-26,CC03,F03009,25.0,3.71
COL-0926-CC03-010,2026-09-26,CC03,F03010,7.3,3.73
COL-0926-CC03-011,2026-09-26,CC03,F03011,65.7,3.39
COL-0926-CC03-012,2026-09-26,CC03,F03012,9.2,3.6
COL-0926-CC03-013,2026-09-26,CC03,F03013,48.5,3.57
COL-0926-CC03-014,2026-09-26,CC03,F03014,6.5,3.94
COL-0926-CC03-015,2026-09-26,CC03,F03015,18.3,3.95
COL-0926-CC03-016,2026-09-26,CC03,F03016,27.5,3.51
COL-0926-CC03-017,2026-09-26,CC03,F03017,41.9,3.64
COL-0926-CC03-018,2026-09-26,CC03,F03018,13.3,3.69
COL-0926-CC03-019,2026-09-26,CC03,F03019,58.3,3.84
COL-0926-CC03-020,2026-09-26,CC03,F03020,20.2,3.67
COL-0926-CC03-021,2026-09-26,CC03,F03021,18.2,3.55
COL-0926-CC03-022,2026-09-26,CC03,F03022,37.7,3.97
COL-0926-CC03-023,2026-09-26,CC03,F03023,35.8,3.97
COL-0926-CC03-024,2026-09-26,CC03,F03024,16.3,3.77
COL-0926-CC03-025,2026-09-26,CC03,F03025,63.1,3.59
COL-0926-CC03-026,2026-09-26,CC03,F03026,18.1,3.76
COL-0926-CC03-027,2026-09-26,CC03,F03027,82.0,3.91
COL-0926-CC03-028,2026-09-26,CC03,F03028,6.4,3.65
COL-0926-CC03-029,2026-09-26,CC03,F03029,22.3,3.52
COL-0926-CC03-030,2026-09-26,CC03,F03030,34.9,3.25
COL-0926-CC03-031,2026-09-26,CC03,F03031,62.0,3.87
COL-0926-CC03-032,2026-09-26,CC03,F03032,37.1,4.12
COL-0926-CC03-033,2026-09-26,CC03,F03033,21.1,4.69
COL-0926-CC03-034,2026-09-26,CC03,F03034,48.3,3.84
COL-0926-CC03-035,2026-09-26,CC03,F03035,42.0,3.86
COL-0926-CC03-036,2026-09-26,CC03,F03036,52.4,3.83
COL-0926-CC03-037,2026-09-26,CC03,F03037,38.4,3.58
COL-0926-CC03-038,2026-09-26,CC03,F03038,40.4,2.96
COL-0926-CC03-039,2026-09-26,CC03,F03039,14.0,3.98
COL-0926-CC03-040,2026-09-26,CC03,F03040,50.0,3.79
COL-0926-CC03-041,2026-09-26,CC03,F03041,49.5,3.72
COL-0926-CC03-042,2026-09-26,CC03,F03042,32.3,4.18
COL-0926-CC04-000,2026-09-26,CC04,F04000,41.7,3.68
COL-0926-CC04-001,2026-09-26,CC04,F04001,19.9,3.74
COL-0926-CC04-002,2026-09-26,CC04,F04002,21.3,3.79
COL-0926-CC04-003,2026-09-26,CC04,F04003,55.0,4.01
COL-0926-CC04-004,2026-09-26,CC04,F04004,12.3,3.7
COL-0926-CC04-005,2026-09-26,CC04,F04005,24.4,3.61
COL-0926-CC04-006,2026-09-26,CC04,F04006,46.7,3.66
COL-0926-CC04-007,2026-09-26,CC04,F04007,23.5,4.07
COL-0926-CC04-008,2026-09-26,CC04,F04008,39.5,3.91
COL-0926-CC04-009,2026-09-26,CC04,F04009,32.2,4.23
COL-0926-CC04-010,2026-09-26,CC04,F04010,9.8,3.29
COL-0926-CC04-011,2026-09-26,CC04,F04011,52.8,4.05
COL-0926-CC04-012,2026-09-26,CC04,F04012,32.8,3.87
COL-0926-CC04-013,2026-09-26,CC04,F04013,17.9,4.08
COL-0926-CC04-014,2026-09-26,CC04,F04014,17.0,3.31
COL-0926-CC04-015,2026-09-26,CC04,F04015,37.9,4.03
COL-0926-CC04-016,2026-09-26,CC04,F04016,10.5,3.55
COL-0926-CC04-017,2026-09-26,CC04,F04017,16.7,4.05
COL-0926-CC04-018,2026-09-26,CC04,F04018,11.2,4.48
COL-0926-CC04-019,2026-09-26,CC04,F04019,46.7,3.88
COL-0926-CC04-020,2026-09-26,CC04,F04020,60.1,3.46
COL-0926-CC04-021,2026-09-26,CC04,F04021,27.2,3.96
COL-0926-CC04-022,2026-09-26,CC04,F04022,42.5,3.54
COL-0926-CC04-023,2026-09-26,CC04,F04023,38.6,3.83
COL-0926-CC04-024,2026-09-26,CC04,F04024,34.9,3.82
COL-0926-CC04-025,2026-09-26,CC04,F04025,47.4,3.78
COL-0926-CC04-026,2026-09-26,CC04,F04026,60.0,3.76
COL-0926-CC04-027,2026-09-26,CC04,F04027,23.0,4.48
COL-0926-CC04-028,2026-09-26,CC04,F04028,26.6,3.96
COL-0926-CC04-029,2026-09-26,CC04,F04029,62.7,3.48
COL-0926-CC04-030,2026-09-26,CC04,F04030,49.3,4.25
COL-0926-CC04-031,2026-09-26,CC04,F04031,17.9,3.6
COL-0926-CC04-032,2026-09-26,CC04,F04032,37.5,4.0
COL-0926-CC04-033,2026-09-26,CC04,F04033,33.7,3.96
COL-0926-CC04-034,2026-09-26,CC04,F04034,26.0,3.82
COL-0926-CC04-035,2026-09-26,CC04,F04035,41.3,3.95
COL-0926-CC05-000,2026-09-26,CC05,F05000,58.5,3.4
COL-0926-CC05-001,2026-09-26,CC05,F05001,32.0,3.73
COL-0926-CC05-002,2026-09-26,CC05,F05002,18.9,3.64
COL-0926-CC05-003,2026-09-26,CC05,F05003,23.9,3.7
COL-0926-CC05-004,2026-09-26,CC05,F05004,47.1,3.82
COL-0926-CC05-005,2026-09-26,CC05,F05005,20.0,3.62
COL-0926-CC05-006,2026-09-26,CC05,F05006,28.0,3.72
COL-0926-CC05-007,2026-09-26,CC05,F05007,25.7,3.72
COL-0926-CC05-008,2026-09-26,CC05,F05008,47.8,3.62
COL-0926-CC05-009,2026-09-26,CC05,F05009,25.5,3.9
COL-0926-CC05-010,2026-09-26,CC05,F05010,18.0,3.99
COL-0926-CC05-011,2026-09-26,CC05,F05011,39.1,4.16
COL-0926-CC05-012,2026-09-26,CC05,F05012,16.7,3.91
COL-0926-CC05-013,2026-09-26,CC05,F05013,20.8,4.27
COL-0926-CC05-014,2026-09-26,CC05,F05014,51.5,3.67
COL-0926-CC05-015,2026-09-26,CC05,F05015,19.5,4.03
COL-0926-CC05-016,2026-09-26,CC05,F05016,3.4,4.2
COL-0926-CC05-017,2026-09-26,CC05,F05017,40.0,4.35
COL-0926-CC05-018,2026-09-26,CC05,F05018,15.4,3.71
COL-0926-CC05-019,2026-09-26,CC05,F05019,43.8,3.85
COL-0926-CC05-020,2026-09-26,CC05,F05020,15.6,3.98
COL-0926-CC05-021,2026-09-26,CC05,F05021,11.0,3.98
COL-0926-CC05-022,2026-09-26,CC05,F05022,31.8,3.98
COL-0926-CC05-023,2026-09-26,CC05,F05023,34.6,3.77
COL-0926-CC05-024,2026-09-26,CC05,F05024,7.2,3.74
COL-0926-CC05-025,2026-09-26,CC05,F05025,23.0,3.4
COL-0926-CC05-026,2026-09-26,CC05,F05026,33.7,3.89
COL-0926-CC05-027,2026-09-26,CC05,F05027,17.4,3.92
COL-0926-CC05-028,2026-09-26,CC05,F05028,61.9,4.05
COL-0926-CC05-029,2026-09-26,CC05,F05029,28.4,3.24
COL-0926-CC05-030,2026-09-26,CC05,F05030,54.4,4.36
COL-0926-CC05-031,2026-09-26,CC05,F05031,37.2,3.18
COL-0926-CC05-032,2026-09-26,CC05,F05032,28.7,3.49
COL-0926-CC05-033,2026-09-26,CC05,F05033,15.8,3.59
COL-0926-CC05-034,2026-09-26,CC05,F05034,40.0,3.75
COL-0926-CC05-035,2026-09-26,CC05,F05035,33.3,4.2
COL-0926-CC05-036,2026-09-26,CC05,F05036,44.4,3.67
COL-0926-CC06-000,2026-09-26,CC06,F06000,22.7,3.62
COL-0926-CC06-001,2026-09-26,CC06,F06001,11.6,3.72
COL-0926-CC06-002,2026-09-26,CC06,F06002,22.4,3.57
COL-0926-CC06-003,2026-09-26,CC06,F06003,12.7,3.82
COL-0926-CC06-004,2026-09-26,CC06,F06004,27.2,3.61
COL-0926-CC06-005,2026-09-26,CC06,F06005,53.2,4.07
COL-0926-CC06-006,2026-09-26,CC06,F06006,22.8,3.65
COL-0926-CC06-007,2026-09-26,CC06,F06007,22.7,4.13
COL-0926-CC06-008,2026-09-26,CC06,F06008,66.7,4.46
COL-0926-CC06-009,2026-09-26,CC06,F06009,33.6,3.86
COL-0926-CC06-010,2026-09-26,CC06,F06010,9.9,3.45
COL-0926-CC06-011,2026-09-26,CC06,F06011,22.6,3.53
COL-0926-CC06-012,2026-09-26,CC06,F06012,14.3,3.86
COL-0926-CC06-013,2026-09-26,CC06,F06013,47.0,3.58
COL-0926-CC06-014,2026-09-26,CC06,F06014,28.8,4.04
COL-0926-CC06-015,2026-09-26,CC06,F06015,24.1,3.76
COL-0926-CC06-016,2026-09-26,CC06,F06016,39.0,3.61
COL-0926-CC06-017,2026-09-26,CC06,F06017,36.4,3.67
COL-0926-CC06-018,2026-09-26,CC06,F06018,17.3,4.23
COL-0926-CC06-019,2026-09-26,CC06,F06019,27.0,3.03
COL-0926-CC06-020,2026-09-26,CC06,F06020,29.8,3.71
COL-0926-CC06-021,2026-09-26,CC06,F06021,17.6,3.88
COL-0926-CC06-022,2026-09-26,CC06,F06022,29.2,4.25
COL-0926-CC06-023,2026-09-26,CC06,F06023,34.8,3.83
COL-0926-CC06-024,2026-09-26,CC06,F06024,36.9,3.44
COL-0926-CC06-025,2026-09-26,CC06,F06025,37.3,3.81
COL-0926-CC06-026,2026-09-26,CC06,F06026,27.9,3.79
COL-0926-CC06-027,2026-09-26,CC06,F06027,27.3,3.92
COL-0926-CC06-028,2026-09-26,CC06,F06028,9.1,3.6
COL-0926-CC06-029,2026-09-26,CC06,F06029,13.1,4.0
COL-0926-CC06-030,2026-09-26,CC06,F06030,33.2,3.65
COL-0926-CC06-031,2026-09-26,CC06,F06031,26.2,3.88
COL-0926-CC06-032,2026-09-26,CC06,F06032,42.4,4.25
COL-0926-CC06-033,2026-09-26,CC06,F06033,36.8,3.45
COL-0926-CC06-034,2026-09-26,CC06,F06034,40.6,3.57
COL-0926-CC06-035,2026-09-26,CC06,F06035,40.7,3.54
COL-0926-CC06-036,2026-09-26,CC06,F06036,22.0,4.45
COL-0926-CC07-000,2026-09-26,CC07,F07000,31.5,3.86
COL-0926-CC07-001,2026-09-26,CC07,F07001,23.0,3.5
COL-0926-CC07-002,2026-09-26,CC07,F07002,29.3,3.61
COL-0926-CC07-003,2026-09-26,CC07,F07003,23.4,3.69
COL-0926-CC07-004,2026-09-26,CC07,F07004,21.4,3.85
COL-0926-CC07-005,2026-09-26,CC07,F07005,32.5,3.73
COL-0926-CC07-006,2026-09-26,CC07,F07006,25.7,3.81
COL-0926-CC07-007,2026-09-26,CC07,F07007,36.1,3.95
COL-0926-CC07-008,2026-09-26,CC07,F07008,17.6,3.58
COL-0926-CC07-009,2026-09-26,CC07,F07009,33.5,3.64
COL-0926-CC07-010,2026-09-26,CC07,F07010,14.6,3.65
COL-0926-CC07-011,2026-09-26,CC07,F07011,64.9,3.83
COL-0926-CC07-012,2026-09-26,CC07,F07012,32.2,4.14
COL-0926-CC07-013,2026-09-26,CC07,F07013,24.7,4.12
COL-0926-CC07-014,2026-09-26,CC07,F07014,8.4,4.67
COL-0926-CC07-015,2026-09-26,CC07,F07015,48.4,4.28
COL-0926-CC07-016,2026-09-26,CC07,F07016,33.7,3.51
COL-0926-CC07-017,2026-09-26,CC07,F07017,57.6,3.67
COL-0926-CC07-018,2026-09-26,CC07,F07018,46.5,3.42
COL-0926-CC07-019,2026-09-26,CC07,F07019,15.0,3.31
COL-0926-CC07-020,2026-09-26,CC07,F07020,36.4,3.41
COL-0926-CC07-021,2026-09-26,CC07,F07021,37.5,3.75
COL-0926-CC07-022,2026-09-26,CC07,F07022,19.5,3.81
COL-0926-CC07-023,2026-09-26,CC07,F07023,13.9,3.42
COL-0926-CC07-024,2026-09-26,CC07,F07024,24.6,3.68
COL-0926-CC07-025,2026-09-26,CC07,F07025,41.4,4.22
COL-0926-CC07-026,2026-09-26,CC07,F07026,14.3,3.29
COL-0926-CC07-027,2026-09-26,CC07,F07027,13.1,3.82
COL-0926-CC07-028,2026-09-26,CC07,F07028,47.8,3.34
COL-0926-CC08-000,2026-09-26,CC08,F08000,24.3,3.85
COL-0926-CC08-001,2026-09-26,CC08,F08001,9.3,3.87
COL-0926-CC08-002,2026-09-26,CC08,F08002,5.8,3.98
COL-0926-CC08-003,2026-09-26,CC08,F08003,36.7,3.54
COL-0926-CC08-004,2026-09-26,CC08,F08004,44.5,4.03
COL-0926-CC08-005,2026-09-26,CC08,F08005,41.2,3.58
COL-0926-CC08-006,2026-09-26,CC08,F08006,32.5,3.76
COL-0926-CC08-007,2026-09-26,CC08,F08007,50.2,3.36
COL-0926-CC08-008,2026-09-26,CC08,F08008,55.7,3.65
COL-0926-CC08-009,2026-09-26,CC08,F08009,26.4,3.86
COL-0926-CC08-010,2026-09-26,CC08,F08010,18.6,4.18
COL-0926-CC08-011,2026-09-26,CC08,F08011,22.1,3.69
COL-0926-CC08-012,2026-09-26,CC08,F08012,36.8,3.9
COL-0926-CC08-013,2026-09-26,CC08,F08013,57.5,3.88
COL-0926-CC08-014,2026-09-26,CC08,F08014,14.6,3.38
COL-0926-CC08-015,2026-09-26,CC08,F08015,56.9,3.76
COL-0926-CC08-016,2026-09-26,CC08,F08016,23.3,3.69
COL-0926-CC08-017,2026-09-26,CC08,F08017,35.0,3.78
COL-0926-CC08-018,2026-09-26,CC08,F08018,26.3,4.09
COL-0926-CC08-019,2026-09-26,CC08,F08019,31.1,3.7
COL-0926-CC08-020,2026-09-26,CC08,F08020,58.6,3.68
COL-0926-CC08-021,2026-09-26,CC08,F08021,13.1,3.36
COL-0926-CC08-022,2026-09-26,CC08,F08022,24.8,3.75
COL-0926-CC08-023,2026-09-26,CC08,F08023,32.5,4.51
COL-0926-CC08-024,2026-09-26,CC08,F08024,41.4,4.16
COL-0926-CC08-025,2026-09-26,CC08,F08025,20.6,3.83
COL-0926-CC08-026,2026-09-26,CC08,F08026,55.9,3.47
COL-0926-CC08-027,2026-09-26,CC08,F08027,62.3,3.61
COL-0926-CC08-028,2026-09-26,CC08,F08028,55.8,3.65
COL-0926-CC08-029,2026-09-26,CC08,F08029,12.6,3.82
COL-0926-CC08-030,2026-09-26,CC08,F08030,15.3,3.66
COL-0926-CC08-031,2026-09-26,CC08,F08031,29.5,4.6
COL-0926-CC08-032,2026-09-26,CC08,F08032,45.9,4.28
COL-0926-CC08-033,2026-09-26,CC08,F08033,16.3,3.73
COL-0926-CC08-034,2026-09-26,CC08,F08034,30.4,3.95
COL-0926-CC08-035,2026-09-26,CC08,F08035,38.6,4.08
COL-0926-CC08-036,2026-09-26,CC08,F08036,24.6,3.9
COL-0926-CC08-037,2026-09-26,CC08,F08037,24.4,3.62
COL-0926-CC08-038,2026-09-26,CC08,F08038,38.3,4.58
COL-0926-CC08-039,2026-09-26,CC08,F08039,35.4,3.98
COL-0927-CC01-000,2026-09-27,CC01,F01000,58.7,3.85
COL-0927-CC01-001,2026-09-27,CC01,F01001,24.7,3.99
COL-0927-CC01-002,2026-09-27,CC01,F01002,35.9,4.08
COL-0927-CC01-003,2026-09-27,CC01,F01003,20.7,4.14
COL-0927-CC01-004,2026-09-27,CC01,F01004,19.2,3.89
COL-0927-CC01-005,2026-09-27,CC01,F01005,32.6,3.89
COL-0927-CC01-006,2026-09-27,CC01,F01006,33.7,3.93
COL-0927-CC01-007,2026-09-27,CC01,F01007,29.0,4.21
COL-0927-CC01-008,2026-09-27,CC01,F01008,35.2,3.54
COL-0927-CC01-009,2026-09-27,CC01,F01009,15.0,3.95
COL-0927-CC01-010,2026-09-27,CC01,F01010,19.0,4.63
COL-0927-CC01-011,2026-09-27,CC01,F01011,25.6,3.65
COL-0927-CC01-012,2026-09-27,CC01,F01012,30.4,3.31
COL-0927-CC01-013,2026-09-27,CC01,F01013,50.5,3.93
COL-0927-CC01-014,2026-09-27,CC01,F01014,43.9,4.44
COL-0927-CC01-015,2026-09-27,CC01,F01015,28.3,3.33
COL-0927-CC01-016,2026-09-27,CC01,F01016,40.9,4.02
COL-0927-CC01-017,2026-09-27,CC01,F01017,41.0,4.03
COL-0927-CC01-018,2026-09-27,CC01,F01018,27.1,3.52
COL-0927-CC01-019,2026-09-27,CC01,F01019,10.6,3.59
COL-0927-CC01-020,2026-09-27,CC01,F01020,23.9,3.48
COL-0927-CC01-021,2026-09-27,CC01,F01021,32.8,3.56
COL-0927-CC01-022,2026-09-27,CC01,F01022,50.6,3.94
COL-0927-CC01-023,2026-09-27,CC01,F01023,18.3,3.77
COL-0927-CC01-024,2026-09-27,CC01,F01024,28.5,4.11
COL-0927-CC01-025,2026-09-27,CC01,F01025,13.2,3.88
COL-0927-CC01-026,2026-09-27,CC01,F01026,20.5,4.25
COL-0927-CC02-000,2026-09-27,CC02,F02000,35.2,3.76
COL-0927-CC02-001,2026-09-27,CC02,F02001,32.5,3.71
COL-0927-CC02-002,2026-09-27,CC02,F02002,11.2,3.95
COL-0927-CC02-003,2026-09-27,CC02,F02003,27.8,3.81
COL-0927-CC02-004,2026-09-27,CC02,F02004,29.0,3.87
COL-0927-CC02-005,2026-09-27,CC02,F02005,20.8,3.79
COL-0927-CC02-006,2026-09-27,CC02,F02006,51.3,3.7
COL-0927-CC02-007,2026-09-27,CC02,F02007,11.0,3.76
COL-0927-CC02-008,2026-09-27,CC02,F02008,19.1,3.82
COL-0927-CC02-009,2026-09-27,CC02,F02009,18.8,3.67
COL-0927-CC02-010,2026-09-27,CC02,F02010,65.6,4.41
COL-0927-CC02-011,2026-09-27,CC02,F02011,38.2,3.91
COL-0927-CC02-012,2026-09-27,CC02,F02012,20.1,3.74
COL-0927-CC02-013,2026-09-27,CC02,F02013,55.8,3.94
COL-0927-CC02-014,2026-09-27,CC02,F02014,12.2,4.17
COL-0927-CC02-015,2026-09-27,CC02,F02015,14.1,3.54
COL-0927-CC02-016,2026-09-27,CC02,F02016,7.3,3.75
COL-0927-CC02-017,2026-09-27,CC02,F02017,40.3,3.56
COL-0927-CC02-018,2026-09-27,CC02,F02018,20.5,3.88
COL-0927-CC02-019,2026-09-27,CC02,F02019,72.6,3.65
COL-0927-CC02-020,2026-09-27,CC02,F02020,38.2,4.06
COL-0927-CC02-021,2026-09-27,CC02,F02021,32.7,3.44
COL-0927-CC02-022,2026-09-27,CC02,F02022,8.0,4.1
COL-0927-CC02-023,2026-09-27,CC02,F02023,19.6,4.16
COL-0927-CC02-024,2026-09-27,CC02,F02024,24.4,3.79
COL-0927-CC02-025,2026-09-27,CC02,F02025,37.4,3.71
COL-0927-CC02-026,2026-09-27,CC02,F02026,18.8,3.9
COL-0927-CC02-027,2026-09-27,CC02,F02027,38.7,4.53
COL-0927-CC02-028,2026-09-27,CC02,F02028,17.6,3.58
COL-0927-CC02-029,2026-09-27,CC02,F02029,45.1,3.19
COL-0927-CC02-030,2026-09-27,CC02,F02030,27.9,3.54
COL-0927-CC02-031,2026-09-27,CC02,F02031,20.2,4.08
COL-0927-CC02-032,2026-09-27,CC02,F02032,54.5,3.77
COL-0927-CC02-033,2026-09-27,CC02,F02033,26.0,3.67
COL-0927-CC02-034,2026-09-27,CC02,F02034,42.9,3.42
COL-0927-CC02-035,2026-09-27,CC02,F02035,23.4,3.74
COL-0927-CC02-036,2026-09-27,CC02,F02036,22.3,3.87
COL-0927-CC02-037,2026-09-27,CC02,F02037,20.9,3.28
COL-0927-CC03-000,2026-09-27,CC03,F03000,87.8,3.56
COL-0927-CC03-001,2026-09-27,CC03,F03001,36.3,4.02
COL-0927-CC03-002,2026-09-27,CC03,F03002,17.8,3.93
COL-0927-CC03-003,2026-09-27,CC03,F03003,19.7,3.69
COL-0927-CC03-004,2026-09-27,CC03,F03004,36.7,4.22
COL-0927-CC03-005,2026-09-27,CC03,F03005,8.4,3.97
COL-0927-CC03-006,2026-09-27,CC03,F03006,14.0,3.96
COL-0927-CC03-007,2026-09-27,CC03,F03007,49.8,3.76
COL-0927-CC03-008,2026-09-27,CC03,F03008,17.5,3.56
COL-0927-CC03-009,2026-09-27,CC03,F03009,28.4,3.5
COL-0927-CC03-010,2026-09-27,CC03,F03010,37.5,2.93
COL-0927-CC03-011,2026-09-27,CC03,F03011,53.5,3.72
COL-0927-CC03-012,2026-09-27,CC03,F03012,14.6,3.82
COL-0927-CC03-013,2026-09-27,CC03,F03013,12.6,3.15
COL-0927-CC03-014,2026-09-27,CC03,F03014,34.1,3.84
COL-0927-CC03-015,2026-09-27,CC03,F03015,25.8,3.74
COL-0927-CC03-016,2026-09-27,CC03,F03016,9.7,3.43
COL-0927-CC03-017,2026-09-27,CC03,F03017,30.5,3.25
COL-0927-CC03-018,2026-09-27,CC03,F03018,8.9,3.48
COL-0927-CC03-019,2026-09-27,CC03,F03019,11.7,4.29
COL-0927-CC03-020,2026-09-27,CC03,F03020,63.7,4.08
COL-0927-CC03-021,2026-09-27,CC03,F03021,44.3,3.6
COL-0927-CC03-022,2026-09-27,CC03,F03022,22.7,4.03
COL-0927-CC03-023,2026-09-27,CC03,F03023,10.6,4.33
COL-0927-CC03-024,2026-09-27,CC03,F03024,20.2,3.05
COL-0927-CC03-025,2026-09-27,CC03,F03025,34.3,4.19
COL-0927-CC03-026,2026-09-27,CC03,F03026,54.2,3.34
COL-0927-CC03-027,2026-09-27,CC03,F03027,32.7,3.94
COL-0927-CC03-028,2026-09-27,CC03,F03028,37.1,3.92
COL-0927-CC03-029,2026-09-27,CC03,F03029,12.9,3.66
COL-0927-CC03-030,2026-09-27,CC03,F03030,26.8,4.12
COL-0927-CC03-031,2026-09-27,CC03,F03031,19.9,3.75
COL-0927-CC03-032,2026-09-27,CC03,F03032,42.9,3.78
COL-0927-CC04-000,2026-09-27,CC04,F04000,25.8,3.83
COL-0927-CC04-001,2026-09-27,CC04,F04001,31.4,3.83
COL-0927-CC04-002,2026-09-27,CC04,F04002,39.4,3.89
COL-0927-CC04-003,2026-09-27,CC04,F04003,46.6,3.63
COL-0927-CC04-004,2026-09-27,CC04,F04004,27.6,3.72
COL-0927-CC04-005,2026-09-27,CC04,F04005,32.0,3.63
COL-0927-CC04-006,2026-09-27,CC04,F04006,16.8,4.0
COL-0927-CC04-007,2026-09-27,CC04,F04007,41.8,3.84
COL-0927-CC04-008,2026-09-27,CC04,F04008,41.3,3.29
COL-0927-CC04-009,2026-09-27,CC04,F04009,5.7,3.71
COL-0927-CC04-010,2026-09-27,CC04,F04010,21.0,3.89
COL-0927-CC04-011,2026-09-27,CC04,F04011,9.4,3.8
COL-0927-CC04-012,2026-09-27,CC04,F04012,29.0,3.48
COL-0927-CC04-013,2026-09-27,CC04,F04013,18.8,3.47
COL-0927-CC04-014,2026-09-27,CC04,F04014,11.9,3.6
COL-0927-CC04-015,2026-09-27,CC04,F04015,5.3,3.65
COL-0927-CC04-016,2026-09-27,CC04,F04016,28.8,3.86
COL-0927-CC04-017,2026-09-27,CC04,F04017,26.8,3.64
COL-0927-CC04-018,2026-09-27,CC04,F04018,38.4,3.39
COL-0927-CC04-019,2026-09-27,CC04,F04019,41.6,3.77
COL-0927-CC04-020,2026-09-27,CC04,F04020,16.9,3.99
COL-0927-CC04-021,2026-09-27,CC04,F04021,39.2,3.65
COL-0927-CC04-022,2026-09-27,CC04,F04022,42.2,4.18
COL-0927-CC04-023,2026-09-27,CC04,F04023,9.8,4.19
COL-0927-CC04-024,2026-09-27,CC04,F04024,35.5,3.49
COL-0927-CC04-025,2026-09-27,CC04,F04025,59.6,3.92
COL-0927-CC04-026,2026-09-27,CC04,F04026,8.2,3.68
COL-0927-CC04-027,2026-09-27,CC04,F04027,42.6,3.49
COL-0927-CC04-028,2026-09-27,CC04,F04028,32.0,3.74
COL-0927-CC04-029,2026-09-27,CC04,F04029,32.0,3.66
COL-0927-CC04-030,2026-09-27,CC04,F04030,8.6,3.21
COL-0927-CC04-031,2026-09-27,CC04,F04031,55.8,4.01
COL-0927-CC04-032,2026-09-27,CC04,F04032,47.2,3.84
COL-0927-CC04-033,2026-09-27,CC04,F04033,46.5,3.7
COL-0927-CC04-034,2026-09-27,CC04,F04034,79.2,3.81
COL-0927-CC04-035,2026-09-27,CC04,F04035,34.1,4.0
COL-0927-CC04-036,2026-09-27,CC04,F04036,40.8,3.81
COL-0927-CC04-037,2026-09-27,CC04,F04037,19.1,3.67
COL-0927-CC04-038,2026-09-27,CC04,F04038,10.5,3.89
COL-0927-CC04-039,2026-09-27,CC04,F04039,17.5,3.29
COL-0927-CC04-040,2026-09-27,CC04,F04040,26.4,4.1
COL-0927-CC04-041,2026-09-27,CC04,F04041,50.7,3.67
COL-0927-CC04-042,2026-09-27,CC04,F04042,12.3,3.97
COL-0927-CC04-043,2026-09-27,CC04,F04043,58.2,3.63
COL-0927-CC04-044,2026-09-27,CC04,F04044,38.1,3.69
COL-0927-CC04-045,2026-09-27,CC04,F04045,54.4,3.92
COL-0927-CC04-046,2026-09-27,CC04,F04046,16.8,3.89
COL-0927-CC04-047,2026-09-27,CC04,F04047,14.7,4.2
COL-0927-CC04-048,2026-09-27,CC04,F04048,32.3,3.86
COL-0927-CC05-000,2026-09-27,CC05,F05000,53.2,4.08
COL-0927-CC05-001,2026-09-27,CC05,F05001,23.1,3.87
COL-0927-CC05-002,2026-09-27,CC05,F05002,33.3,3.88
COL-0927-CC05-003,2026-09-27,CC05,F05003,60.3,4.06
COL-0927-CC05-004,2026-09-27,CC05,F05004,38.7,3.5
COL-0927-CC05-005,2026-09-27,CC05,F05005,29.6,3.1
COL-0927-CC05-006,2026-09-27,CC05,F05006,4.5,4.44
COL-0927-CC05-007,2026-09-27,CC05,F05007,23.0,3.64
COL-0927-CC05-008,2026-09-27,CC05,F05008,14.9,3.99
COL-0927-CC05-009,2026-09-27,CC05,F05009,39.5,3.37
COL-0927-CC05-010,2026-09-27,CC05,F05010,17.1,3.97
COL-0927-CC05-011,2026-09-27,CC05,F05011,15.7,4.3
COL-0927-CC05-012,2026-09-27,CC05,F05012,32.6,3.91
COL-0927-CC05-013,2026-09-27,CC05,F05013,29.0,3.38
COL-0927-CC05-014,2026-09-27,CC05,F05014,41.4,3.6
COL-0927-CC05-015,2026-09-27,CC05,F05015,38.7,3.27
COL-0927-CC05-016,2026-09-27,CC05,F05016,25.2,3.72
COL-0927-CC05-017,2026-09-27,CC05,F05017,31.7,4.06
COL-0927-CC05-018,2026-09-27,CC05,F05018,33.0,3.98
COL-0927-CC05-019,2026-09-27,CC05,F05019,32.4,3.65
COL-0927-CC05-020,2026-09-27,CC05,F05020,22.5,3.85
COL-0927-CC05-021,2026-09-27,CC05,F05021,31.2,3.78
COL-0927-CC05-022,2026-09-27,CC05,F05022,23.9,3.38
COL-0927-CC05-023,2026-09-27,CC05,F05023,10.6,3.52
COL-0927-CC05-024,2026-09-27,CC05,F05024,46.6,3.89
COL-0927-CC05-025,2026-09-27,CC05,F05025,8.7,4.34
COL-0927-CC05-026,2026-09-27,CC05,F05026,21.2,3.78
COL-0927-CC05-027,2026-09-27,CC05,F05027,15.0,3.81
COL-0927-CC05-028,2026-09-27,CC05,F05028,43.4,3.43
COL-0927-CC05-029,2026-09-27,CC05,F05029,22.8,3.97
COL-0927-CC06-000,2026-09-27,CC06,F06000,28.2,4.16
COL-0927-CC06-001,2026-09-27,CC06,F06001,19.0,3.73
COL-0927-CC06-002,2026-09-27,CC06,F06002,43.8,3.48
COL-0927-CC06-003,2026-09-27,CC06,F06003,45.0,4.16
COL-0927-CC06-004,2026-09-27,CC06,F06004,28.9,4.12
COL-0927-CC06-005,2026-09-27,CC06,F06005,19.5,3.82
COL-0927-CC06-006,2026-09-27,CC06,F06006,48.5,3.71
COL-0927-CC06-007,2026-09-27,CC06,F06007,22.4,3.44
COL-0927-CC06-008,2026-09-27,CC06,F06008,53.8,3.69
COL-0927-CC06-009,2026-09-27,CC06,F06009,95.7,3.36
COL-0927-CC06-010,2026-09-27,CC06,F06010,24.1,3.73
COL-0927-CC06-011,2026-09-27,CC06,F06011,21.8,3.77
COL-0927-CC06-012,2026-09-27,CC06,F06012,16.6,3.92
COL-0927-CC06-013,2026-09-27,CC06,F06013,15.3,4.1
COL-0927-CC06-014,2026-09-27,CC06,F06014,40.7,3.54
COL-0927-CC06-015,2026-09-27,CC06,F06015,42.2,3.78
COL-0927-CC06-016,2026-09-27,CC06,F06016,41.9,3.87
COL-0927-CC06-017,2026-09-27,CC06,F06017,48.1,4.18
COL-0927-CC06-018,2026-09-27,CC06,F06018,32.5,3.57
COL-0927-CC06-019,2026-09-27,CC06,F06019,24.8,4.04
COL-0927-CC06-020,2026-09-27,CC06,F06020,48.0,4.07
COL-0927-CC06-021,2026-09-27,CC06,F06021,51.8,3.74
COL-0927-CC06-022,2026-09-27,CC06,F06022,56.3,4.27
COL-0927-CC06-023,2026-09-27,CC06,F06023,19.1,3.51
COL-0927-CC06-024,2026-09-27,CC06,F06024,6.7,3.96
COL-0927-CC06-025,2026-09-27,CC06,F06025,37.2,3.71
COL-0927-CC06-026,2026-09-27,CC06,F06026,14.4,3.83
COL-0927-CC06-027,2026-09-27,CC06,F06027,20.1,3.94
COL-0927-CC06-028,2026-09-27,CC06,F06028,41.5,4.42
COL-0927-CC06-029,2026-09-27,CC06,F06029,28.5,3.34
COL-0927-CC06-030,2026-09-27,CC06,F06030,28.0,4.31
COL-0927-CC06-031,2026-09-27,CC06,F06031,40.5,3.46
COL-0927-CC06-032,2026-09-27,CC06,F06032,22.3,3.29
COL-0927-CC06-033,2026-09-27,CC06,F06033,17.4,3.92
COL-0927-CC06-034,2026-09-27,CC06,F06034,48.4,3.78
COL-0927-CC06-035,2026-09-27,CC06,F06035,14.9,4.07
COL-0927-CC06-036,2026-09-27,CC06,F06036,26.6,3.67
COL-0927-CC07-000,2026-09-27,CC07,F07000,11.8,4.09
COL-0927-CC07-001,2026-09-27,CC07,F07001,93.6,4.01
COL-0927-CC07-002,2026-09-27,CC07,F07002,76.1,4.43
COL-0927-CC07-003,2026-09-27,CC07,F07003,44.9,3.39
COL-0927-CC07-004,2026-09-27,CC07,F07004,51.3,4.22
COL-0927-CC07-005,2026-09-27,CC07,F07005,53.3,3.84
COL-0927-CC07-006,2026-09-27,CC07,F07006,14.2,3.97
COL-0927-CC07-007,2026-09-27,CC07,F07007,45.3,3.41
COL-0927-CC07-008,2026-09-27,CC07,F07008,14.0,3.97
COL-0927-CC07-009,2026-09-27,CC07,F07009,19.6,3.96
COL-0927-CC07-010,2026-09-27,CC07,F07010,29.5,4.28
COL-0927-CC07-011,2026-09-27,CC07,F07011,36.6,3.99
COL-0927-CC07-012,2026-09-27,CC07,F07012,36.9,3.96
COL-0927-CC07-013,2026-09-27,CC07,F07013,18.8,3.71
COL-0927-CC07-014,2026-09-27,CC07,F07014,97.7,4.29
COL-0927-CC07-015,2026-09-27,CC07,F07015,32.0,4.38
COL-0927-CC07-016,2026-09-27,CC07,F07016,18.3,4.06
COL-0927-CC07-017,2026-09-27,CC07,F07017,66.1,3.37
COL-0927-CC07-018,2026-09-27,CC07,F07018,20.8,3.54
COL-0927-CC07-019,2026-09-27,CC07,F07019,55.7,3.57
COL-0927-CC07-020,2026-09-27,CC07,F07020,28.7,4.42
COL-0927-CC07-021,2026-09-27,CC07,F07021,28.3,3.71
COL-0927-CC07-022,2026-09-27,CC07,F07022,17.2,4.11
COL-0927-CC07-023,2026-09-27,CC07,F07023,22.7,3.97
COL-0927-CC07-024,2026-09-27,CC07,F07024,42.4,3.84
COL-0927-CC07-025,2026-09-27,CC07,F07025,10.1,3.71
COL-0927-CC07-026,2026-09-27,CC07,F07026,40.4,3.97
COL-0927-CC07-027,2026-09-27,CC07,F07027,7.6,4.3
COL-0927-CC07-028,2026-09-27,CC07,F07028,19.7,3.94
COL-0927-CC07-029,2026-09-27,CC07,F07029,59.7,3.4
COL-0927-CC07-030,2026-09-27,CC07,F07030,42.1,3.78
COL-0927-CC07-031,2026-09-27,CC07,F07031,42.9,4.05
COL-0927-CC07-032,2026-09-27,CC07,F07032,27.5,4.12
COL-0927-CC07-033,2026-09-27,CC07,F07033,14.9,3.36
COL-0927-CC07-034,2026-09-27,CC07,F07034,29.1,3.99
COL-0927-CC07-035,2026-09-27,CC07,F07035,17.8,4.16
COL-0927-CC07-036,2026-09-27,CC07,F07036,57.3,3.9
COL-0927-CC07-037,2026-09-27,CC07,F07037,35.0,3.6
COL-0927-CC07-038,2026-09-27,CC07,F07038,12.2,3.8
COL-0927-CC07-039,2026-09-27,CC07,F07039,56.2,3.66
COL-0927-CC07-040,2026-09-27,CC07,F07040,12.6,3.87
COL-0927-CC07-041,2026-09-27,CC07,F07041,38.6,3.64
COL-0927-CC07-042,2026-09-27,CC07,F07042,13.9,5.26
COL-0927-CC07-043,2026-09-27,CC07,F07043,67.4,3.49
COL-0927-CC07-044,2026-09-27,CC07,F07044,43.5,3.54
COL-0927-CC07-045,2026-09-27,CC07,F07045,16.8,3.74
COL-0927-CC08-000,2026-09-27,CC08,F08000,30.9,3.68
COL-0927-CC08-001,2026-09-27,CC08,F08001,39.6,4.3
COL-0927-CC08-002,2026-09-27,CC08,F08002,50.2,4.0
COL-0927-CC08-003,2026-09-27,CC08,F08003,33.1,3.83
COL-0927-CC08-004,2026-09-27,CC08,F08004,49.3,3.61
COL-0927-CC08-005,2026-09-27,CC08,F08005,37.7,4.13
COL-0927-CC08-006,2026-09-27,CC08,F08006,48.6,4.12
COL-0927-CC08-007,2026-09-27,CC08,F08007,16.0,4.14
COL-0927-CC08-008,2026-09-27,CC08,F08008,4.7,3.71
COL-0927-CC08-009,2026-09-27,CC08,F08009,24.4,3.59
COL-0927-CC08-010,2026-09-27,CC08,F08010,46.0,3.53
COL-0927-CC08-011,2026-09-27,CC08,F08011,41.3,3.77
COL-0927-CC08-012,2026-09-27,CC08,F08012,9.8,3.43
COL-0927-CC08-013,2026-09-27,CC08,F08013,26.7,4.09
COL-0927-CC08-014,2026-09-27,CC08,F08014,23.6,4.45
COL-0927-CC08-015,2026-09-27,CC08,F08015,32.2,3.72
COL-0927-CC08-016,2026-09-27,CC08,F08016,38.3,3.39
COL-0927-CC08-017,2026-09-27,CC08,F08017,42.2,3.92
COL-0927-CC08-018,2026-09-27,CC08,F08018,55.6,3.66
COL-0927-CC08-019,2026-09-27,CC08,F08019,16.1,3.77
COL-0927-CC08-020,2026-09-27,CC08,F08020,32.1,3.83
COL-0927-CC08-021,2026-09-27,CC08,F08021,31.1,4.16
COL-0927-CC08-022,2026-09-27,CC08,F08022,18.4,3.98
COL-0927-CC08-023,2026-09-27,CC08,F08023,43.3,3.42
COL-0927-CC08-024,2026-09-27,CC08,F08024,27.5,3.53
COL-0927-CC08-025,2026-09-27,CC08,F08025,60.6,4.41
COL-0927-CC08-026,2026-09-27,CC08,F08026,13.4,3.49
COL-0927-CC08-027,2026-09-27,CC08,F08027,14.5,3.63
COL-0927-CC08-028,2026-09-27,CC08,F08028,33.5,3.52
COL-0927-CC08-029,2026-09-27,CC08,F08029,60.4,3.52
COL-0927-CC08-030,2026-09-27,CC08,F08030,30.2,3.85
COL-0927-CC08-031,2026-09-27,CC08,F08031,19.6,4.21
COL-0927-CC08-032,2026-09-27,CC08,F08032,97.5,3.41
COL-0927-CC08-033,2026-09-27,CC08,F08033,34.1,4.29
COL-0927-CC08-034,2026-09-27,CC08,F08034,17.4,3.86
COL-0927-CC08-035,2026-09-27,CC08,F08035,21.3,4.2
COL-0927-CC08-036,2026-09-27,CC08,F08036,14.6,3.61
COL-0928-CC01-000,2026-09-28,CC01,F01000,25.1,3.51
COL-0928-CC01-001,2026-09-28,CC01,F01001,5.9,3.5
COL-0928-CC01-002,2026-09-28,CC01,F01002,45.1,3.17
COL-0928-CC01-003,2026-09-28,CC01,F01003,22.9,3.73
COL-0928-CC01-004,2026-09-28,CC01,F01004,25.5,3.32
COL-0928-CC01-005,2026-09-28,CC01,F01005,37.7,3.73
COL-0928-CC01-006,2026-09-28,CC01,F01006,41.0,3.89
COL-0928-CC01-007,2026-09-28,CC01,F01007,11.4,4.3
COL-0928-CC01-008,2026-09-28,CC01,F01008,19.0,3.78
COL-0928-CC01-009,2026-09-28,CC01,F01009,16.4,3.58
COL-0928-CC01-010,2026-09-28,CC01,F01010,22.3,3.51
COL-0928-CC01-011,2026-09-28,CC01,F01011,32.8,3.54
COL-0928-CC01-012,2026-09-28,CC01,F01012,33.7,4.24
COL-0928-CC01-013,2026-09-28,CC01,F01013,17.4,3.43
COL-0928-CC01-014,2026-09-28,CC01,F01014,28.6,3.87
COL-0928-CC01-015,2026-09-28,CC01,F01015,35.8,4.06
COL-0928-CC01-016,2026-09-28,CC01,F01016,24.0,4.24
COL-0928-CC01-017,2026-09-28,CC01,F01017,60.0,4.21
COL-0928-CC01-018,2026-09-28,CC01,F01018,89.4,4.07
COL-0928-CC01-019,2026-09-28,CC01,F01019,39.7,3.6
COL-0928-CC01-020,2026-09-28,CC01,F01020,30.7,4.04
COL-0928-CC01-021,2026-09-28,CC01,F01021,12.8,3.82
COL-0928-CC01-022,2026-09-28,CC01,F01022,21.4,3.92
COL-0928-CC01-023,2026-09-28,CC01,F01023,64.2,3.55
COL-0928-CC01-024,2026-09-28,CC01,F01024,13.4,4.3
COL-0928-CC01-025,2026-09-28,CC01,F01025,38.8,3.47
COL-0928-CC01-026,2026-09-28,CC01,F01026,40.7,3.83
COL-0928-CC01-027,2026-09-28,CC01,F01027,32.3,3.47
COL-0928-CC01-028,2026-09-28,CC01,F01028,39.7,3.65
COL-0928-CC01-029,2026-09-28,CC01,F01029,44.3,4.05
COL-0928-CC01-030,2026-09-28,CC01,F01030,25.8,3.55
COL-0928-CC02-000,2026-09-28,CC02,F02000,5.2,3.65
COL-0928-CC02-001,2026-09-28,CC02,F02001,24.7,3.33
COL-0928-CC02-002,2026-09-28,CC02,F02002,30.1,4.17
COL-0928-CC02-003,2026-09-28,CC02,F02003,28.9,3.69
COL-0928-CC02-004,2026-09-28,CC02,F02004,44.0,3.41
COL-0928-CC02-005,2026-09-28,CC02,F02005,38.8,3.7
COL-0928-CC02-006,2026-09-28,CC02,F02006,28.8,3.62
COL-0928-CC02-007,2026-09-28,CC02,F02007,29.1,3.96
COL-0928-CC02-008,2026-09-28,CC02,F02008,34.1,3.84
COL-0928-CC02-009,2026-09-28,CC02,F02009,36.9,3.91
COL-0928-CC02-010,2026-09-28,CC02,F02010,25.0,4.11
COL-0928-CC02-011,2026-09-28,CC02,F02011,44.5,3.53
COL-0928-CC02-012,2026-09-28,CC02,F02012,11.9,3.68
COL-0928-CC02-013,2026-09-28,CC02,F02013,36.7,3.74
COL-0928-CC02-014,2026-09-28,CC02,F02014,21.5,3.8
COL-0928-CC02-015,2026-09-28,CC02,F02015,15.7,4.06
COL-0928-CC02-016,2026-09-28,CC02,F02016,17.5,3.58
COL-0928-CC02-017,2026-09-28,CC02,F02017,27.7,3.31
COL-0928-CC02-018,2026-09-28,CC02,F02018,16.5,4.16
COL-0928-CC02-019,2026-09-28,CC02,F02019,13.6,3.4
COL-0928-CC02-020,2026-09-28,CC02,F02020,29.0,4.11
COL-0928-CC02-021,2026-09-28,CC02,F02021,24.8,3.38
COL-0928-CC02-022,2026-09-28,CC02,F02022,26.8,4.32
COL-0928-CC02-023,2026-09-28,CC02,F02023,48.9,3.89
COL-0928-CC02-024,2026-09-28,CC02,F02024,33.6,3.73
COL-0928-CC02-025,2026-09-28,CC02,F02025,19.1,4.12
COL-0928-CC02-026,2026-09-28,CC02,F02026,33.5,3.87
COL-0928-CC02-027,2026-09-28,CC02,F02027,13.8,3.86
COL-0928-CC02-028,2026-09-28,CC02,F02028,33.6,3.81
COL-0928-CC02-029,2026-09-28,CC02,F02029,108.1,4.01
COL-0928-CC02-030,2026-09-28,CC02,F02030,28.6,3.92
COL-0928-CC02-031,2026-09-28,CC02,F02031,17.2,4.37
COL-0928-CC02-032,2026-09-28,CC02,F02032,28.2,4.05
COL-0928-CC02-033,2026-09-28,CC02,F02033,20.7,3.86
COL-0928-CC02-034,2026-09-28,CC02,F02034,41.0,3.66
COL-0928-CC02-035,2026-09-28,CC02,F02035,30.1,3.53
COL-0928-CC02-036,2026-09-28,CC02,F02036,15.8,3.33
COL-0928-CC02-037,2026-09-28,CC02,F02037,16.2,3.81
COL-0928-CC02-038,2026-09-28,CC02,F02038,56.1,3.28
COL-0928-CC03-000,2026-09-28,CC03,F03000,15.9,4.07
COL-0928-CC03-001,2026-09-28,CC03,F03001,31.1,3.67
COL-0928-CC03-002,2026-09-28,CC03,F03002,29.1,3.75
COL-0928-CC03-003,2026-09-28,CC03,F03003,29.2,3.27
COL-0928-CC03-004,2026-09-28,CC03,F03004,43.6,3.43
COL-0928-CC03-005,2026-09-28,CC03,F03005,23.6,4.09
COL-0928-CC03-006,2026-09-28,CC03,F03006,15.3,3.46
COL-0928-CC03-007,2026-09-28,CC03,F03007,25.3,3.92
COL-0928-CC03-008,2026-09-28,CC03,F03008,24.7,4.07
COL-0928-CC03-009,2026-09-28,CC03,F03009,36.0,3.65
COL-0928-CC03-010,2026-09-28,CC03,F03010,44.7,3.78
COL-0928-CC03-011,2026-09-28,CC03,F03011,45.5,3.66
COL-0928-CC03-012,2026-09-28,CC03,F03012,29.7,3.71
COL-0928-CC03-013,2026-09-28,CC03,F03013,37.2,4.21
COL-0928-CC03-014,2026-09-28,CC03,F03014,40.4,3.64
COL-0928-CC03-015,2026-09-28,CC03,F03015,23.7,4.25
COL-0928-CC03-016,2026-09-28,CC03,F03016,22.8,4.41
COL-0928-CC03-017,2026-09-28,CC03,F03017,10.5,3.79
COL-0928-CC03-018,2026-09-28,CC03,F03018,13.0,3.59
COL-0928-CC03-019,2026-09-28,CC03,F03019,26.6,3.63
COL-0928-CC03-020,2026-09-28,CC03,F03020,7.9,3.76
COL-0928-CC03-021,2026-09-28,CC03,F03021,73.7,3.97
COL-0928-CC03-022,2026-09-28,CC03,F03022,38.6,3.47
COL-0928-CC03-023,2026-09-28,CC03,F03023,32.4,3.28
COL-0928-CC03-024,2026-09-28,CC03,F03024,15.4,4.17
COL-0928-CC03-025,2026-09-28,CC03,F03025,20.1,4.11
COL-0928-CC03-026,2026-09-28,CC03,F03026,10.3,3.88
COL-0928-CC03-027,2026-09-28,CC03,F03027,29.7,3.84
COL-0928-CC04-000,2026-09-28,CC04,F04000,26.0,4.19
COL-0928-CC04-001,2026-09-28,CC04,F04001,24.5,3.77
COL-0928-CC04-002,2026-09-28,CC04,F04002,24.6,3.62
COL-0928-CC04-003,2026-09-28,CC04,F04003,41.5,4.19
COL-0928-CC04-004,2026-09-28,CC04,F04004,28.8,3.73
COL-0928-CC04-005,2026-09-28,CC04,F04005,29.3,3.65
COL-0928-CC04-006,2026-09-28,CC04,F04006,16.6,3.84
COL-0928-CC04-007,2026-09-28,CC04,F04007,17.1,3.85
COL-0928-CC04-008,2026-09-28,CC04,F04008,19.7,4.05
COL-0928-CC04-009,2026-09-28,CC04,F04009,23.5,3.54
COL-0928-CC04-010,2026-09-28,CC04,F04010,35.4,3.76
COL-0928-CC04-011,2026-09-28,CC04,F04011,44.3,3.64
COL-0928-CC04-012,2026-09-28,CC04,F04012,41.4,4.2
COL-0928-CC04-013,2026-09-28,CC04,F04013,19.2,3.86
COL-0928-CC04-014,2026-09-28,CC04,F04014,14.1,3.34
COL-0928-CC04-015,2026-09-28,CC04,F04015,26.4,3.56
COL-0928-CC04-016,2026-09-28,CC04,F04016,32.5,4.18
COL-0928-CC04-017,2026-09-28,CC04,F04017,54.0,4.2
COL-0928-CC04-018,2026-09-28,CC04,F04018,74.3,3.81
COL-0928-CC04-019,2026-09-28,CC04,F04019,9.7,3.94
COL-0928-CC04-020,2026-09-28,CC04,F04020,27.1,3.89
COL-0928-CC04-021,2026-09-28,CC04,F04021,36.1,3.62
COL-0928-CC04-022,2026-09-28,CC04,F04022,24.8,4.08
COL-0928-CC04-023,2026-09-28,CC04,F04023,26.2,3.76
COL-0928-CC04-024,2026-09-28,CC04,F04024,30.6,3.27
COL-0928-CC04-025,2026-09-28,CC04,F04025,34.6,3.26
COL-0928-CC04-026,2026-09-28,CC04,F04026,16.2,3.46
COL-0928-CC04-027,2026-09-28,CC04,F04027,18.6,3.7
COL-0928-CC04-028,2026-09-28,CC04,F04028,18.6,3.84
COL-0928-CC04-029,2026-09-28,CC04,F04029,47.3,3.75
COL-0928-CC04-030,2026-09-28,CC04,F04030,56.2,4.06
COL-0928-CC04-031,2026-09-28,CC04,F04031,24.2,3.63
COL-0928-CC04-032,2026-09-28,CC04,F04032,128.6,4.12
COL-0928-CC04-033,2026-09-28,CC04,F04033,19.2,4.15
COL-0928-CC04-034,2026-09-28,CC04,F04034,26.0,3.52
COL-0928-CC04-035,2026-09-28,CC04,F04035,13.7,3.57
COL-0928-CC04-036,2026-09-28,CC04,F04036,11.1,4.18
COL-0928-CC04-037,2026-09-28,CC04,F04037,20.8,4.56
COL-0928-CC04-038,2026-09-28,CC04,F04038,36.6,3.66
COL-0928-CC04-039,2026-09-28,CC04,F04039,14.9,3.75
COL-0928-CC04-040,2026-09-28,CC04,F04040,25.2,3.41
COL-0928-CC04-041,2026-09-28,CC04,F04041,28.5,3.8
COL-0928-CC05-000,2026-09-28,CC05,F05000,32.4,3.5
COL-0928-CC05-001,2026-09-28,CC05,F05001,23.2,3.73
COL-0928-CC05-002,2026-09-28,CC05,F05002,22.8,3.26
COL-0928-CC05-003,2026-09-28,CC05,F05003,35.5,4.71
COL-0928-CC05-004,2026-09-28,CC05,F05004,36.8,4.15
COL-0928-CC05-005,2026-09-28,CC05,F05005,46.7,3.82
COL-0928-CC05-006,2026-09-28,CC05,F05006,11.3,4.09
COL-0928-CC05-007,2026-09-28,CC05,F05007,25.9,3.72
COL-0928-CC05-008,2026-09-28,CC05,F05008,6.2,3.5
COL-0928-CC05-009,2026-09-28,CC05,F05009,63.3,3.73
COL-0928-CC05-010,2026-09-28,CC05,F05010,14.5,3.7
COL-0928-CC05-011,2026-09-28,CC05,F05011,49.0,4.04
COL-0928-CC05-012,2026-09-28,CC05,F05012,34.8,3.68
COL-0928-CC05-013,2026-09-28,CC05,F05013,35.5,3.26
COL-0928-CC05-014,2026-09-28,CC05,F05014,26.6,4.11
COL-0928-CC05-015,2026-09-28,CC05,F05015,37.8,3.81
COL-0928-CC05-016,2026-09-28,CC05,F05016,19.6,3.66
COL-0928-CC05-017,2026-09-28,CC05,F05017,29.5,3.9
COL-0928-CC05-018,2026-09-28,CC05,F05018,19.4,3.31
COL-0928-CC05-019,2026-09-28,CC05,F05019,3.8,3.96
COL-0928-CC05-020,2026-09-28,CC05,F05020,38.1,3.83
COL-0928-CC05-021,2026-09-28,CC05,F05021,26.9,3.48
COL-0928-CC05-022,2026-09-28,CC05,F05022,25.3,3.24
COL-0928-CC05-023,2026-09-28,CC05,F05023,22.2,4.2
COL-0928-CC05-024,2026-09-28,CC05,F05024,29.1,3.75
COL-0928-CC05-025,2026-09-28,CC05,F05025,7.1,3.57
COL-0928-CC05-026,2026-09-28,CC05,F05026,28.9,3.53
COL-0928-CC05-027,2026-09-28,CC05,F05027,27.4,3.9
COL-0928-CC05-028,2026-09-28,CC05,F05028,41.9,3.48
COL-0928-CC05-029,2026-09-28,CC05,F05029,71.4,4.05
COL-0928-CC05-030,2026-09-28,CC05,F05030,67.6,3.43
COL-0928-CC05-031,2026-09-28,CC05,F05031,54.0,4.18
COL-0928-CC05-032,2026-09-28,CC05,F05032,41.8,2.82
COL-0928-CC05-033,2026-09-28,CC05,F05033,34.8,3.74
COL-0928-CC05-034,2026-09-28,CC05,F05034,27.2,4.01
COL-0928-CC05-035,2026-09-28,CC05,F05035,29.1,3.66
COL-0928-CC05-036,2026-09-28,CC05,F05036,46.6,3.87
COL-0928-CC05-037,2026-09-28,CC05,F05037,11.7,3.72
COL-0928-CC05-038,2026-09-28,CC05,F05038,22.9,3.99
COL-0928-CC05-039,2026-09-28,CC05,F05039,28.5,4.12
COL-0928-CC05-040,2026-09-28,CC05,F05040,60.4,3.53
COL-0928-CC05-041,2026-09-28,CC05,F05041,40.4,4.0
COL-0928-CC05-042,2026-09-28,CC05,F05042,30.9,3.75
COL-0928-CC06-000,2026-09-28,CC06,F06000,46.2,3.71
COL-0928-CC06-001,2026-09-28,CC06,F06001,31.7,4.13
COL-0928-CC06-002,2026-09-28,CC06,F06002,47.9,3.42
COL-0928-CC06-003,2026-09-28,CC06,F06003,49.4,3.48
COL-0928-CC06-004,2026-09-28,CC06,F06004,27.8,3.82
COL-0928-CC06-005,2026-09-28,CC06,F06005,34.8,4.04
COL-0928-CC06-006,2026-09-28,CC06,F06006,13.7,3.76
COL-0928-CC06-007,2026-09-28,CC06,F06007,60.3,3.82
COL-0928-CC06-008,2026-09-28,CC06,F06008,42.1,3.74
COL-0928-CC06-009,2026-09-28,CC06,F06009,46.4,4.18
COL-0928-CC06-010,2026-09-28,CC06,F06010,15.2,3.53
COL-0928-CC06-011,2026-09-28,CC06,F06011,44.3,3.91
COL-0928-CC06-012,2026-09-28,CC06,F06012,17.4,3.77
COL-0928-CC06-013,2026-09-28,CC06,F06013,46.8,3.73
COL-0928-CC06-014,2026-09-28,CC06,F06014,63.6,3.48
COL-0928-CC06-015,2026-09-28,CC06,F06015,43.4,3.46
COL-0928-CC06-016,2026-09-28,CC06,F06016,53.1,3.94
COL-0928-CC06-017,2026-09-28,CC06,F06017,31.8,4.02
COL-0928-CC06-018,2026-09-28,CC06,F06018,18.6,3.13
COL-0928-CC06-019,2026-09-28,CC06,F06019,11.4,4.02
COL-0928-CC06-020,2026-09-28,CC06,F06020,67.2,3.73
COL-0928-CC06-021,2026-09-28,CC06,F06021,15.0,3.87
COL-0928-CC06-022,2026-09-28,CC06,F06022,76.8,4.34
COL-0928-CC06-023,2026-09-28,CC06,F06023,28.7,3.66
COL-0928-CC06-024,2026-09-28,CC06,F06024,20.0,3.9
COL-0928-CC06-025,2026-09-28,CC06,F06025,28.5,3.51
COL-0928-CC06-026,2026-09-28,CC06,F06026,22.9,3.87
COL-0928-CC06-027,2026-09-28,CC06,F06027,20.4,3.82
COL-0928-CC06-028,2026-09-28,CC06,F06028,28.1,3.94
COL-0928-CC06-029,2026-09-28,CC06,F06029,14.7,3.94
COL-0928-CC06-030,2026-09-28,CC06,F06030,10.2,4.31
COL-0928-CC06-031,2026-09-28,CC06,F06031,21.1,3.96
COL-0928-CC06-032,2026-09-28,CC06,F06032,30.6,3.66
COL-0928-CC06-033,2026-09-28,CC06,F06033,9.4,3.74
COL-0928-CC06-034,2026-09-28,CC06,F06034,52.3,3.57
COL-0928-CC06-035,2026-09-28,CC06,F06035,16.6,3.74
COL-0928-CC06-036,2026-09-28,CC06,F06036,38.6,3.3
COL-0928-CC06-037,2026-09-28,CC06,F06037,23.8,3.48
COL-0928-CC06-038,2026-09-28,CC06,F06038,13.6,3.28
COL-0928-CC06-039,2026-09-28,CC06,F06039,47.6,3.9
COL-0928-CC06-040,2026-09-28,CC06,F06040,49.0,3.2
COL-0928-CC06-041,2026-09-28,CC06,F06041,36.1,3.93
COL-0928-CC06-042,2026-09-28,CC06,F06042,48.1,3.46
COL-0928-CC06-043,2026-09-28,CC06,F06043,12.4,3.78
COL-0928-CC07-000,2026-09-28,CC07,F07000,26.9,3.8
COL-0928-CC07-001,2026-09-28,CC07,F07001,42.0,3.64
COL-0928-CC07-002,2026-09-28,CC07,F07002,26.4,4.11
COL-0928-CC07-003,2026-09-28,CC07,F07003,37.4,4.15
COL-0928-CC07-004,2026-09-28,CC07,F07004,25.4,4.22
COL-0928-CC07-005,2026-09-28,CC07,F07005,33.2,3.8
COL-0928-CC07-006,2026-09-28,CC07,F07006,27.6,3.63
COL-0928-CC07-007,2026-09-28,CC07,F07007,59.1,3.85
COL-0928-CC07-008,2026-09-28,CC07,F07008,35.1,4.15
COL-0928-CC07-009,2026-09-28,CC07,F07009,34.1,3.74
COL-0928-CC07-010,2026-09-28,CC07,F07010,37.8,3.95
COL-0928-CC07-011,2026-09-28,CC07,F07011,35.7,4.33
COL-0928-CC07-012,2026-09-28,CC07,F07012,41.3,3.68
COL-0928-CC07-013,2026-09-28,CC07,F07013,10.1,3.38
COL-0928-CC07-014,2026-09-28,CC07,F07014,30.7,3.65
COL-0928-CC07-015,2026-09-28,CC07,F07015,32.5,3.99
COL-0928-CC07-016,2026-09-28,CC07,F07016,22.0,3.51
COL-0928-CC07-017,2026-09-28,CC07,F07017,27.4,3.8
COL-0928-CC07-018,2026-09-28,CC07,F07018,22.3,4.36
COL-0928-CC07-019,2026-09-28,CC07,F07019,29.3,3.79
COL-0928-CC07-020,2026-09-28,CC07,F07020,25.8,3.83
COL-0928-CC07-021,2026-09-28,CC07,F07021,25.2,3.79
COL-0928-CC07-022,2026-09-28,CC07,F07022,11.1,3.52
COL-0928-CC07-023,2026-09-28,CC07,F07023,22.4,3.88
COL-0928-CC07-024,2026-09-28,CC07,F07024,51.4,4.24
COL-0928-CC07-025,2026-09-28,CC07,F07025,10.4,4.05
COL-0928-CC07-026,2026-09-28,CC07,F07026,46.4,4.15
COL-0928-CC07-027,2026-09-28,CC07,F07027,25.0,3.78
COL-0928-CC07-028,2026-09-28,CC07,F07028,40.4,3.79
COL-0928-CC07-029,2026-09-28,CC07,F07029,8.7,3.98
COL-0928-CC07-030,2026-09-28,CC07,F07030,11.2,3.45
COL-0928-CC07-031,2026-09-28,CC07,F07031,25.4,3.74
COL-0928-CC07-032,2026-09-28,CC07,F07032,24.5,3.47
COL-0928-CC07-033,2026-09-28,CC07,F07033,35.3,4.0
COL-0928-CC08-000,2026-09-28,CC08,F08000,16.1,4.25
COL-0928-CC08-001,2026-09-28,CC08,F08001,27.6,3.52
COL-0928-CC08-002,2026-09-28,CC08,F08002,19.4,3.65
COL-0928-CC08-003,2026-09-28,CC08,F08003,43.9,3.17
COL-0928-CC08-004,2026-09-28,CC08,F08004,44.3,3.82
COL-0928-CC08-005,2026-09-28,CC08,F08005,36.4,3.72
COL-0928-CC08-006,2026-09-28,CC08,F08006,38.1,3.42
COL-0928-CC08-007,2026-09-28,CC08,F08007,34.5,4.08
COL-0928-CC08-008,2026-09-28,CC08,F08008,78.6,4.16
COL-0928-CC08-009,2026-09-28,CC08,F08009,25.4,3.64
COL-0928-CC08-010,2026-09-28,CC08,F08010,19.2,3.54
COL-0928-CC08-011,2026-09-28,CC08,F08011,33.9,3.78
COL-0928-CC08-012,2026-09-28,CC08,F08012,34.2,4.02
COL-0928-CC08-013,2026-09-28,CC08,F08013,19.0,3.66
COL-0928-CC08-014,2026-09-28,CC08,F08014,26.2,4.23
COL-0928-CC08-015,2026-09-28,CC08,F08015,25.1,3.69
COL-0928-CC08-016,2026-09-28,CC08,F08016,53.0,4.37
COL-0928-CC08-017,2026-09-28,CC08,F08017,27.6,3.65
COL-0928-CC08-018,2026-09-28,CC08,F08018,38.8,3.72
COL-0928-CC08-019,2026-09-28,CC08,F08019,30.8,3.84
COL-0928-CC08-020,2026-09-28,CC08,F08020,16.9,4.05
COL-0928-CC08-021,2026-09-28,CC08,F08021,28.4,4.12
COL-0928-CC08-022,2026-09-28,CC08,F08022,15.6,3.81
COL-0928-CC08-023,2026-09-28,CC08,F08023,31.3,4.23
COL-0928-CC08-024,2026-09-28,CC08,F08024,27.8,3.77
COL-0929-CC01-000,2026-09-29,CC01,F01000,32.7,4.13
COL-0929-CC01-001,2026-09-29,CC01,F01001,30.6,3.77
COL-0929-CC01-002,2026-09-29,CC01,F01002,64.3,3.09
COL-0929-CC01-003,2026-09-29,CC01,F01003,24.5,4.34
COL-0929-CC01-004,2026-09-29,CC01,F01004,33.0,4.11
COL-0929-CC01-005,2026-09-29,CC01,F01005,29.4,3.93
COL-0929-CC01-006,2026-09-29,CC01,F01006,24.4,3.66
COL-0929-CC01-007,2026-09-29,CC01,F01007,19.5,3.58
COL-0929-CC01-008,2026-09-29,CC01,F01008,60.7,4.07
COL-0929-CC01-009,2026-09-29,CC01,F01009,21.2,3.81
COL-0929-CC01-010,2026-09-29,CC01,F01010,63.3,3.74
COL-0929-CC01-011,2026-09-29,CC01,F01011,37.4,3.64
COL-0929-CC01-012,2026-09-29,CC01,F01012,22.2,3.61
COL-0929-CC01-013,2026-09-29,CC01,F01013,56.4,3.8
COL-0929-CC01-014,2026-09-29,CC01,F01014,33.2,3.69
COL-0929-CC01-015,2026-09-29,CC01,F01015,18.2,3.77
COL-0929-CC01-016,2026-09-29,CC01,F01016,26.9,3.89
COL-0929-CC01-017,2026-09-29,CC01,F01017,27.9,4.27
COL-0929-CC01-018,2026-09-29,CC01,F01018,35.8,4.3
COL-0929-CC01-019,2026-09-29,CC01,F01019,46.8,3.39
COL-0929-CC01-020,2026-09-29,CC01,F01020,41.9,4.0
COL-0929-CC01-021,2026-09-29,CC01,F01021,27.0,4.13
COL-0929-CC01-022,2026-09-29,CC01,F01022,57.8,3.62
COL-0929-CC01-023,2026-09-29,CC01,F01023,42.5,3.39
COL-0929-CC01-024,2026-09-29,CC01,F01024,22.1,3.63
COL-0929-CC01-025,2026-09-29,CC01,F01025,62.7,3.49
COL-0929-CC01-026,2026-09-29,CC01,F01026,31.1,3.61
COL-0929-CC01-027,2026-09-29,CC01,F01027,80.7,3.17
COL-0929-CC01-028,2026-09-29,CC01,F01028,17.0,3.52
COL-0929-CC01-029,2026-09-29,CC01,F01029,19.0,3.64
COL-0929-CC01-030,2026-09-29,CC01,F01030,47.6,3.17
COL-0929-CC02-000,2026-09-29,CC02,F02000,20.5,3.98
COL-0929-CC02-001,2026-09-29,CC02,F02001,36.3,3.98
COL-0929-CC02-002,2026-09-29,CC02,F02002,21.3,4.27
COL-0929-CC02-003,2026-09-29,CC02,F02003,15.6,3.33
COL-0929-CC02-004,2026-09-29,CC02,F02004,28.4,4.4
COL-0929-CC02-005,2026-09-29,CC02,F02005,18.3,3.95
COL-0929-CC02-006,2026-09-29,CC02,F02006,64.5,4.01
COL-0929-CC02-007,2026-09-29,CC02,F02007,54.4,3.46
COL-0929-CC02-008,2026-09-29,CC02,F02008,20.6,3.8
COL-0929-CC02-009,2026-09-29,CC02,F02009,25.3,4.18
COL-0929-CC02-010,2026-09-29,CC02,F02010,56.8,3.93
COL-0929-CC02-011,2026-09-29,CC02,F02011,26.6,3.87
COL-0929-CC02-012,2026-09-29,CC02,F02012,20.1,4.29
COL-0929-CC02-013,2026-09-29,CC02,F02013,18.3,3.6
COL-0929-CC02-014,2026-09-29,CC02,F02014,18.5,3.94
COL-0929-CC02-015,2026-09-29,CC02,F02015,24.8,3.86
COL-0929-CC02-016,2026-09-29,CC02,F02016,43.1,4.16
COL-0929-CC02-017,2026-09-29,CC02,F02017,20.8,4.06
COL-0929-CC02-018,2026-09-29,CC02,F02018,12.2,3.99
COL-0929-CC02-019,2026-09-29,CC02,F02019,10.2,3.27
COL-0929-CC02-020,2026-09-29,CC02,F02020,37.5,3.78
COL-0929-CC02-021,2026-09-29,CC02,F02021,38.4,3.93
COL-0929-CC02-022,2026-09-29,CC02,F02022,25.1,3.9
COL-0929-CC02-023,2026-09-29,CC02,F02023,23.6,2.88
COL-0929-CC02-024,2026-09-29,CC02,F02024,28.3,3.45
COL-0929-CC02-025,2026-09-29,CC02,F02025,45.6,3.95
COL-0929-CC02-026,2026-09-29,CC02,F02026,23.2,4.06
COL-0929-CC02-027,2026-09-29,CC02,F02027,45.5,3.94
COL-0929-CC02-028,2026-09-29,CC02,F02028,17.1,3.52
COL-0929-CC02-029,2026-09-29,CC02,F02029,26.9,4.01
COL-0929-CC02-030,2026-09-29,CC02,F02030,48.4,4.08
COL-0929-CC02-031,2026-09-29,CC02,F02031,13.9,3.87
COL-0929-CC02-032,2026-09-29,CC02,F02032,38.4,3.69
COL-0929-CC02-033,2026-09-29,CC02,F02033,5.2,3.84
COL-0929-CC03-000,2026-09-29,CC03,F03000,40.6,3.96
COL-0929-CC03-001,2026-09-29,CC03,F03001,71.7,3.34
COL-0929-CC03-002,2026-09-29,CC03,F03002,27.3,3.68
COL-0929-CC03-003,2026-09-29,CC03,F03003,28.5,4.04
COL-0929-CC03-004,2026-09-29,CC03,F03004,9.8,3.54
COL-0929-CC03-005,2026-09-29,CC03,F03005,17.2,4.03
COL-0929-CC03-006,2026-09-29,CC03,F03006,38.5,3.94
COL-0929-CC03-007,2026-09-29,CC03,F03007,23.5,3.85
COL-0929-CC03-008,2026-09-29,CC03,F03008,11.9,4.05
COL-0929-CC03-009,2026-09-29,CC03,F03009,22.8,3.43
COL-0929-CC03-010,2026-09-29,CC03,F03010,6.6,3.65
COL-0929-CC03-011,2026-09-29,CC03,F03011,42.9,3.83
COL-0929-CC03-012,2026-09-29,CC03,F03012,18.8,3.51
COL-0929-CC03-013,2026-09-29,CC03,F03013,15.2,3.68
COL-0929-CC03-014,2026-09-29,CC03,F03014,27.3,3.7
COL-0929-CC03-015,2026-09-29,CC03,F03015,14.8,3.8
COL-0929-CC03-016,2026-09-29,CC03,F03016,37.6,3.66
COL-0929-CC03-017,2026-09-29,CC03,F03017,22.2,4.25
COL-0929-CC03-018,2026-09-29,CC03,F03018,23.2,3.31
COL-0929-CC03-019,2026-09-29,CC03,F03019,38.4,3.8
COL-0929-CC03-020,2026-09-29,CC03,F03020,8.2,3.64
COL-0929-CC03-021,2026-09-29,CC03,F03021,24.4,4.1
COL-0929-CC03-022,2026-09-29,CC03,F03022,20.4,3.7
COL-0929-CC03-023,2026-09-29,CC03,F03023,38.9,4.23
COL-0929-CC03-024,2026-09-29,CC03,F03024,25.2,4.02
COL-0929-CC03-025,2026-09-29,CC03,F03025,32.0,4.24
COL-0929-CC03-026,2026-09-29,CC03,F03026,43.6,4.14
COL-0929-CC03-027,2026-09-29,CC03,F03027,41.3,3.82
COL-0929-CC03-028,2026-09-29,CC03,F03028,22.9,4.14
COL-0929-CC03-029,2026-09-29,CC03,F03029,36.4,3.93
COL-0929-CC03-030,2026-09-29,CC03,F03030,60.8,3.92
COL-0929-CC03-031,2026-09-29,CC03,F03031,18.5,4.42
COL-0929-CC03-032,2026-09-29,CC03,F03032,58.1,3.61
COL-0929-CC03-033,2026-09-29,CC03,F03033,32.0,4.05
COL-0929-CC03-034,2026-09-29,CC03,F03034,44.1,3.64
COL-0929-CC03-035,2026-09-29,CC03,F03035,22.4,3.41
COL-0929-CC03-036,2026-09-29,CC03,F03036,28.7,4.0
COL-0929-CC03-037,2026-09-29,CC03,F03037,14.7,3.87
COL-0929-CC03-038,2026-09-29,CC03,F03038,2.2,3.99
COL-0929-CC03-039,2026-09-29,CC03,F03039,16.1,3.83
COL-0929-CC03-040,2026-09-29,CC03,F03040,23.2,3.73
COL-0929-CC03-041,2026-09-29,CC03,F03041,13.9,3.87
COL-0929-CC03-042,2026-09-29,CC03,F03042,29.9,3.58
COL-0929-CC04-000,2026-09-29,CC04,F04000,48.8,4.42
COL-0929-CC04-001,2026-09-29,CC04,F04001,12.6,3.55
COL-0929-CC04-002,2026-09-29,CC04,F04002,36.8,3.72
COL-0929-CC04-003,2026-09-29,CC04,F04003,11.1,4.17
COL-0929-CC04-004,2026-09-29,CC04,F04004,58.0,4.05
COL-0929-CC04-005,2026-09-29,CC04,F04005,27.0,3.85
COL-0929-CC04-006,2026-09-29,CC04,F04006,50.8,4.0
COL-0929-CC04-007,2026-09-29,CC04,F04007,23.6,4.01
COL-0929-CC04-008,2026-09-29,CC04,F04008,14.1,3.4
COL-0929-CC04-009,2026-09-29,CC04,F04009,17.7,3.9
COL-0929-CC04-010,2026-09-29,CC04,F04010,36.6,3.67
COL-0929-CC04-011,2026-09-29,CC04,F04011,41.2,3.74
COL-0929-CC04-012,2026-09-29,CC04,F04012,32.4,4.26
COL-0929-CC04-013,2026-09-29,CC04,F04013,20.9,3.71
COL-0929-CC04-014,2026-09-29,CC04,F04014,29.5,4.01
COL-0929-CC04-015,2026-09-29,CC04,F04015,24.2,3.79
COL-0929-CC04-016,2026-09-29,CC04,F04016,15.5,3.68
COL-0929-CC04-017,2026-09-29,CC04,F04017,42.6,3.61
COL-0929-CC04-018,2026-09-29,CC04,F04018,25.6,3.33
COL-0929-CC04-019,2026-09-29,CC04,F04019,29.5,3.74
COL-0929-CC04-020,2026-09-29,CC04,F04020,24.1,3.7
COL-0929-CC04-021,2026-09-29,CC04,F04021,13.1,3.78
COL-0929-CC04-022,2026-09-29,CC04,F04022,28.9,3.49
COL-0929-CC04-023,2026-09-29,CC04,F04023,35.1,3.68
COL-0929-CC04-024,2026-09-29,CC04,F04024,13.3,3.48
COL-0929-CC04-025,2026-09-29,CC04,F04025,30.3,3.79
COL-0929-CC04-026,2026-09-29,CC04,F04026,14.6,3.84
COL-0929-CC04-027,2026-09-29,CC04,F04027,50.1,4.23
COL-0929-CC04-028,2026-09-29,CC04,F04028,25.8,3.93
COL-0929-CC04-029,2026-09-29,CC04,F04029,23.5,3.89
COL-0929-CC04-030,2026-09-29,CC04,F04030,13.6,3.64
COL-0929-CC04-031,2026-09-29,CC04,F04031,5.9,4.42
COL-0929-CC04-032,2026-09-29,CC04,F04032,19.6,3.68
COL-0929-CC04-033,2026-09-29,CC04,F04033,55.0,3.44
COL-0929-CC04-034,2026-09-29,CC04,F04034,12.5,4.14
COL-0929-CC04-035,2026-09-29,CC04,F04035,19.9,4.21
COL-0929-CC04-036,2026-09-29,CC04,F04036,22.6,3.68
COL-0929-CC04-037,2026-09-29,CC04,F04037,30.2,4.36
COL-0929-CC04-038,2026-09-29,CC04,F04038,47.6,3.3
COL-0929-CC04-039,2026-09-29,CC04,F04039,52.9,3.82
COL-0929-CC05-000,2026-09-29,CC05,F05000,51.3,3.61
COL-0929-CC05-001,2026-09-29,CC05,F05001,48.8,3.5
COL-0929-CC05-002,2026-09-29,CC05,F05002,56.1,4.03
COL-0929-CC05-003,2026-09-29,CC05,F05003,33.9,4.25
COL-0929-CC05-004,2026-09-29,CC05,F05004,25.8,3.39
COL-0929-CC05-005,2026-09-29,CC05,F05005,45.0,3.62
COL-0929-CC05-006,2026-09-29,CC05,F05006,31.7,4.01
COL-0929-CC05-007,2026-09-29,CC05,F05007,70.7,3.95
COL-0929-CC05-008,2026-09-29,CC05,F05008,23.0,4.01
COL-0929-CC05-009,2026-09-29,CC05,F05009,17.3,4.19
COL-0929-CC05-010,2026-09-29,CC05,F05010,41.1,3.46
COL-0929-CC05-011,2026-09-29,CC05,F05011,18.1,4.08
COL-0929-CC05-012,2026-09-29,CC05,F05012,13.2,4.84
COL-0929-CC05-013,2026-09-29,CC05,F05013,12.3,3.69
COL-0929-CC05-014,2026-09-29,CC05,F05014,39.6,3.6
COL-0929-CC05-015,2026-09-29,CC05,F05015,20.9,3.78
COL-0929-CC05-016,2026-09-29,CC05,F05016,41.5,4.26
COL-0929-CC05-017,2026-09-29,CC05,F05017,28.3,3.71
COL-0929-CC05-018,2026-09-29,CC05,F05018,49.8,3.26
COL-0929-CC05-019,2026-09-29,CC05,F05019,26.5,4.02
COL-0929-CC05-020,2026-09-29,CC05,F05020,37.7,4.45
COL-0929-CC05-021,2026-09-29,CC05,F05021,57.4,4.04
COL-0929-CC05-022,2026-09-29,CC05,F05022,44.6,3.66
COL-0929-CC05-023,2026-09-29,CC05,F05023,21.3,3.71
COL-0929-CC05-024,2026-09-29,CC05,F05024,46.7,4.19
COL-0929-CC05-025,2026-09-29,CC05,F05025,69.3,3.6
COL-0929-CC05-026,2026-09-29,CC05,F05026,25.2,3.8
COL-0929-CC05-027,2026-09-29,CC05,F05027,16.7,3.81
COL-0929-CC05-028,2026-09-29,CC05,F05028,34.4,3.83
COL-0929-CC05-029,2026-09-29,CC05,F05029,42.4,3.43
COL-0929-CC05-030,2026-09-29,CC05,F05030,27.2,3.79
COL-0929-CC05-031,2026-09-29,CC05,F05031,56.8,3.56
COL-0929-CC05-032,2026-09-29,CC05,F05032,47.7,3.47
COL-0929-CC05-033,2026-09-29,CC05,F05033,25.6,4.3
COL-0929-CC05-034,2026-09-29,CC05,F05034,21.4,3.99
COL-0929-CC06-000,2026-09-29,CC06,F06000,17.6,3.79
COL-0929-CC06-001,2026-09-29,CC06,F06001,51.3,3.78
COL-0929-CC06-002,2026-09-29,CC06,F06002,47.4,3.94
COL-0929-CC06-003,2026-09-29,CC06,F06003,37.7,4.19
COL-0929-CC06-004,2026-09-29,CC06,F06004,34.0,3.9
COL-0929-CC06-005,2026-09-29,CC06,F06005,20.1,4.14
COL-0929-CC06-006,2026-09-29,CC06,F06006,83.0,3.52
COL-0929-CC06-007,2026-09-29,CC06,F06007,22.0,3.81
COL-0929-CC06-008,2026-09-29,CC06,F06008,22.9,4.25
COL-0929-CC06-009,2026-09-29,CC06,F06009,24.1,3.66
COL-0929-CC06-010,2026-09-29,CC06,F06010,47.9,3.83
COL-0929-CC06-011,2026-09-29,CC06,F06011,57.1,3.34
COL-0929-CC06-012,2026-09-29,CC06,F06012,8.0,4.08
COL-0929-CC06-013,2026-09-29,CC06,F06013,56.6,3.94
COL-0929-CC06-014,2026-09-29,CC06,F06014,37.6,3.55
COL-0929-CC06-015,2026-09-29,CC06,F06015,43.1,3.57
COL-0929-CC06-016,2026-09-29,CC06,F06016,16.1,4.11
COL-0929-CC06-017,2026-09-29,CC06,F06017,38.1,3.57
COL-0929-CC06-018,2026-09-29,CC06,F06018,44.0,4.03
COL-0929-CC06-019,2026-09-29,CC06,F06019,17.4,4.18
COL-0929-CC06-020,2026-09-29,CC06,F06020,28.4,3.86
COL-0929-CC06-021,2026-09-29,CC06,F06021,14.7,4.18
COL-0929-CC06-022,2026-09-29,CC06,F06022,34.2,4.08
COL-0929-CC06-023,2026-09-29,CC06,F06023,16.1,3.68
COL-0929-CC06-024,2026-09-29,CC06,F06024,26.9,3.77
COL-0929-CC06-025,2026-09-29,CC06,F06025,24.4,3.93
COL-0929-CC06-026,2026-09-29,CC06,F06026,42.9,4.25
COL-0929-CC06-027,2026-09-29,CC06,F06027,28.0,3.24
COL-0929-CC06-028,2026-09-29,CC06,F06028,19.6,3.48
COL-0929-CC06-029,2026-09-29,CC06,F06029,36.6,3.53
COL-0929-CC06-030,2026-09-29,CC06,F06030,23.3,3.63
COL-0929-CC06-031,2026-09-29,CC06,F06031,25.6,4.24
COL-0929-CC06-032,2026-09-29,CC06,F06032,35.1,4.16
COL-0929-CC06-033,2026-09-29,CC06,F06033,14.9,3.74
COL-0929-CC06-034,2026-09-29,CC06,F06034,20.6,3.32
COL-0929-CC06-035,2026-09-29,CC06,F06035,53.6,3.69
COL-0929-CC06-036,2026-09-29,CC06,F06036,43.6,4.02
COL-0929-CC06-037,2026-09-29,CC06,F06037,37.0,3.84
COL-0929-CC06-038,2026-09-29,CC06,F06038,46.3,4.59
COL-0929-CC06-039,2026-09-29,CC06,F06039,20.5,3.65
COL-0929-CC07-000,2026-09-29,CC07,F07000,10.0,4.09
COL-0929-CC07-001,2026-09-29,CC07,F07001,39.3,3.66
COL-0929-CC07-002,2026-09-29,CC07,F07002,99.7,3.44
COL-0929-CC07-003,2026-09-29,CC07,F07003,29.5,3.78
COL-0929-CC07-004,2026-09-29,CC07,F07004,30.5,3.61
COL-0929-CC07-005,2026-09-29,CC07,F07005,18.3,3.96
COL-0929-CC07-006,2026-09-29,CC07,F07006,22.1,3.66
COL-0929-CC07-007,2026-09-29,CC07,F07007,25.4,3.76
COL-0929-CC07-008,2026-09-29,CC07,F07008,10.9,4.3
COL-0929-CC07-009,2026-09-29,CC07,F07009,30.8,3.99
COL-0929-CC07-010,2026-09-29,CC07,F07010,63.2,3.4
COL-0929-CC07-011,2026-09-29,CC07,F07011,38.0,4.19
COL-0929-CC07-012,2026-09-29,CC07,F07012,23.6,4.03
COL-0929-CC07-013,2026-09-29,CC07,F07013,24.1,3.78
COL-0929-CC07-014,2026-09-29,CC07,F07014,57.2,4.01
COL-0929-CC07-015,2026-09-29,CC07,F07015,7.5,3.58
COL-0929-CC07-016,2026-09-29,CC07,F07016,43.4,4.09
COL-0929-CC07-017,2026-09-29,CC07,F07017,35.6,3.89
COL-0929-CC07-018,2026-09-29,CC07,F07018,47.9,3.69
COL-0929-CC07-019,2026-09-29,CC07,F07019,32.0,3.81
COL-0929-CC07-020,2026-09-29,CC07,F07020,72.1,3.77
COL-0929-CC07-021,2026-09-29,CC07,F07021,29.4,3.99
COL-0929-CC07-022,2026-09-29,CC07,F07022,16.6,3.61
COL-0929-CC07-023,2026-09-29,CC07,F07023,24.6,3.7
COL-0929-CC07-024,2026-09-29,CC07,F07024,32.2,3.77
COL-0929-CC07-025,2026-09-29,CC07,F07025,18.6,4.28
COL-0929-CC07-026,2026-09-29,CC07,F07026,39.4,3.34
COL-0929-CC08-000,2026-09-29,CC08,F08000,29.9,3.66
COL-0929-CC08-001,2026-09-29,CC08,F08001,43.0,4.07
COL-0929-CC08-002,2026-09-29,CC08,F08002,9.2,3.79
COL-0929-CC08-003,2026-09-29,CC08,F08003,10.9,4.16
COL-0929-CC08-004,2026-09-29,CC08,F08004,30.7,3.76
COL-0929-CC08-005,2026-09-29,CC08,F08005,24.1,3.76
COL-0929-CC08-006,2026-09-29,CC08,F08006,39.8,3.45
COL-0929-CC08-007,2026-09-29,CC08,F08007,12.0,4.04
COL-0929-CC08-008,2026-09-29,CC08,F08008,54.4,3.59
COL-0929-CC08-009,2026-09-29,CC08,F08009,39.4,4.22
COL-0929-CC08-010,2026-09-29,CC08,F08010,36.5,4.0
COL-0929-CC08-011,2026-09-29,CC08,F08011,74.1,3.58
COL-0929-CC08-012,2026-09-29,CC08,F08012,33.7,4.13
COL-0929-CC08-013,2026-09-29,CC08,F08013,13.5,3.97
COL-0929-CC08-014,2026-09-29,CC08,F08014,19.6,3.32
COL-0929-CC08-015,2026-09-29,CC08,F08015,33.2,3.76
COL-0929-CC08-016,2026-09-29,CC08,F08016,17.4,3.58
COL-0929-CC08-017,2026-09-29,CC08,F08017,33.4,3.87
COL-0929-CC08-018,2026-09-29,CC08,F08018,34.5,4.13
COL-0929-CC08-019,2026-09-29,CC08,F08019,27.6,4.18
COL-0929-CC08-020,2026-09-29,CC08,F08020,20.3,3.74
COL-0929-CC08-021,2026-09-29,CC08,F08021,29.1,3.11
COL-0929-CC08-022,2026-09-29,CC08,F08022,25.1,4.22
COL-0929-CC08-023,2026-09-29,CC08,F08023,19.0,3.57
COL-0929-CC08-024,2026-09-29,CC08,F08024,34.3,4.09
COL-0929-CC08-025,2026-09-29,CC08,F08025,32.9,3.68
COL-0929-CC08-026,2026-09-29,CC08,F08026,32.1,3.75
COL-0929-CC08-027,2026-09-29,CC08,F08027,46.9,3.73
COL-0929-CC08-028,2026-09-29,CC08,F08028,13.5,3.99
COL-0929-CC08-029,2026-09-29,CC08,F08029,26.7,3.91
COL-0929-CC08-030,2026-09-29,CC08,F08030,28.3,3.48
COL-0929-CC08-031,2026-09-29,CC08,F08031,21.2,3.78
COL-0929-CC08-032,2026-09-29,CC08,F08032,39.9,4.35
COL-0930-CC01-000,2026-09-30,CC01,F01000,76.8,4.51
COL-0930-CC01-001,2026-09-30,CC01,F01001,42.1,3.31
COL-0930-CC01-002,2026-09-30,CC01,F01002,31.2,4.12
COL-0930-CC01-003,2026-09-30,CC01,F01003,37.6,3.86
COL-0930-CC01-004,2026-09-30,CC01,F01004,44.5,4.0
COL-0930-CC01-005,2026-09-30,CC01,F01005,43.5,3.84
COL-0930-CC01-006,2026-09-30,CC01,F01006,19.3,3.95
COL-0930-CC01-007,2026-09-30,CC01,F01007,30.3,3.66
COL-0930-CC01-008,2026-09-30,CC01,F01008,13.0,3.75
COL-0930-CC01-009,2026-09-30,CC01,F01009,27.3,3.83
COL-0930-CC01-010,2026-09-30,CC01,F01010,24.5,4.26
COL-0930-CC01-011,2026-09-30,CC01,F01011,57.7,3.76
COL-0930-CC01-012,2026-09-30,CC01,F01012,28.9,3.93
COL-0930-CC01-013,2026-09-30,CC01,F01013,29.5,3.7
COL-0930-CC01-014,2026-09-30,CC01,F01014,13.4,3.53
COL-0930-CC01-015,2026-09-30,CC01,F01015,53.9,3.88
COL-0930-CC01-016,2026-09-30,CC01,F01016,26.4,3.79
COL-0930-CC01-017,2026-09-30,CC01,F01017,23.1,3.17
COL-0930-CC01-018,2026-09-30,CC01,F01018,33.5,3.76
COL-0930-CC01-019,2026-09-30,CC01,F01019,33.5,3.79
COL-0930-CC01-020,2026-09-30,CC01,F01020,43.8,3.64
COL-0930-CC01-021,2026-09-30,CC01,F01021,13.8,3.76
COL-0930-CC01-022,2026-09-30,CC01,F01022,9.3,3.62
COL-0930-CC01-023,2026-09-30,CC01,F01023,31.4,4.21
COL-0930-CC01-024,2026-09-30,CC01,F01024,21.8,3.86
COL-0930-CC01-025,2026-09-30,CC01,F01025,43.1,3.68
COL-0930-CC01-026,2026-09-30,CC01,F01026,25.0,3.72
COL-0930-CC01-027,2026-09-30,CC01,F01027,23.8,3.94
COL-0930-CC01-028,2026-09-30,CC01,F01028,61.3,2.93
COL-0930-CC01-029,2026-09-30,CC01,F01029,43.8,4.59
COL-0930-CC01-030,2026-09-30,CC01,F01030,20.4,4.3
COL-0930-CC01-031,2026-09-30,CC01,F01031,29.7,3.76
COL-0930-CC01-032,2026-09-30,CC01,F01032,51.9,3.85
COL-0930-CC01-033,2026-09-30,CC01,F01033,29.6,3.75
COL-0930-CC02-000,2026-09-30,CC02,F02000,26.2,3.38
COL-0930-CC02-001,2026-09-30,CC02,F02001,46.3,4.17
COL-0930-CC02-002,2026-09-30,CC02,F02002,26.8,3.3
COL-0930-CC02-003,2026-09-30,CC02,F02003,30.0,3.74
COL-0930-CC02-004,2026-09-30,CC02,F02004,27.4,4.23
COL-0930-CC02-005,2026-09-30,CC02,F02005,53.0,3.6
COL-0930-CC02-006,2026-09-30,CC02,F02006,37.7,3.55
COL-0930-CC02-007,2026-09-30,CC02,F02007,41.9,4.08
COL-0930-CC02-008,2026-09-30,CC02,F02008,7.8,3.63
COL-0930-CC02-009,2026-09-30,CC02,F02009,29.1,3.83
COL-0930-CC02-010,2026-09-30,CC02,F02010,89.1,3.69
COL-0930-CC02-011,2026-09-30,CC02,F02011,83.9,3.34
COL-0930-CC02-012,2026-09-30,CC02,F02012,56.8,4.27
COL-0930-CC02-013,2026-09-30,CC02,F02013,41.5,3.7
COL-0930-CC02-014,2026-09-30,CC02,F02014,17.4,4.0
COL-0930-CC02-015,2026-09-30,CC02,F02015,10.2,3.73
COL-0930-CC02-016,2026-09-30,CC02,F02016,35.2,4.04
COL-0930-CC02-017,2026-09-30,CC02,F02017,51.2,3.84
COL-0930-CC02-018,2026-09-30,CC02,F02018,39.6,3.73
COL-0930-CC02-019,2026-09-30,CC02,F02019,22.8,3.74
COL-0930-CC02-020,2026-09-30,CC02,F02020,20.9,3.68
COL-0930-CC02-021,2026-09-30,CC02,F02021,50.8,3.0
COL-0930-CC02-022,2026-09-30,CC02,F02022,61.1,4.13
COL-0930-CC02-023,2026-09-30,CC02,F02023,52.6,4.07
COL-0930-CC02-024,2026-09-30,CC02,F02024,51.3,3.51
COL-0930-CC02-025,2026-09-30,CC02,F02025,15.9,3.96
COL-0930-CC02-026,2026-09-30,CC02,F02026,29.1,3.78
COL-0930-CC02-027,2026-09-30,CC02,F02027,32.1,3.98
COL-0930-CC02-028,2026-09-30,CC02,F02028,39.5,3.68
COL-0930-CC02-029,2026-09-30,CC02,F02029,26.5,3.83
COL-0930-CC02-030,2026-09-30,CC02,F02030,12.1,3.34
COL-0930-CC02-031,2026-09-30,CC02,F02031,35.4,3.66
COL-0930-CC02-032,2026-09-30,CC02,F02032,33.9,3.96
COL-0930-CC02-033,2026-09-30,CC02,F02033,52.1,3.94
COL-0930-CC02-034,2026-09-30,CC02,F02034,52.8,4.04
COL-0930-CC02-035,2026-09-30,CC02,F02035,28.4,3.97
COL-0930-CC02-036,2026-09-30,CC02,F02036,35.0,4.2
COL-0930-CC03-000,2026-09-30,CC03,F03000,15.0,3.99
COL-0930-CC03-001,2026-09-30,CC03,F03001,40.9,4.06
COL-0930-CC03-002,2026-09-30,CC03,F03002,23.5,3.78
COL-0930-CC03-003,2026-09-30,CC03,F03003,86.5,3.66
COL-0930-CC03-004,2026-09-30,CC03,F03004,19.6,4.21
COL-0930-CC03-005,2026-09-30,CC03,F03005,27.1,3.9
COL-0930-CC03-006,2026-09-30,CC03,F03006,25.4,3.91
COL-0930-CC03-007,2026-09-30,CC03,F03007,38.3,3.87
COL-0930-CC03-008,2026-09-30,CC03,F03008,20.6,3.79
COL-0930-CC03-009,2026-09-30,CC03,F03009,37.5,3.51
COL-0930-CC03-010,2026-09-30,CC03,F03010,17.8,3.97
COL-0930-CC03-011,2026-09-30,CC03,F03011,29.9,3.32
COL-0930-CC03-012,2026-09-30,CC03,F03012,17.2,4.17
COL-0930-CC03-013,2026-09-30,CC03,F03013,21.6,4.29
COL-0930-CC03-014,2026-09-30,CC03,F03014,40.2,4.0
COL-0930-CC03-015,2026-09-30,CC03,F03015,15.8,4.22
COL-0930-CC03-016,2026-09-30,CC03,F03016,45.5,3.53
COL-0930-CC03-017,2026-09-30,CC03,F03017,21.9,3.56
COL-0930-CC03-018,2026-09-30,CC03,F03018,23.5,3.96
COL-0930-CC03-019,2026-09-30,CC03,F03019,21.1,3.83
COL-0930-CC03-020,2026-09-30,CC03,F03020,58.6,4.14
COL-0930-CC03-021,2026-09-30,CC03,F03021,35.3,3.41
COL-0930-CC03-022,2026-09-30,CC03,F03022,80.0,4.0
COL-0930-CC03-023,2026-09-30,CC03,F03023,46.4,3.66
COL-0930-CC03-024,2026-09-30,CC03,F03024,12.7,3.75
COL-0930-CC03-025,2026-09-30,CC03,F03025,42.1,3.64
COL-0930-CC03-026,2026-09-30,CC03,F03026,52.2,3.72
COL-0930-CC03-027,2026-09-30,CC03,F03027,18.5,3.92
COL-0930-CC03-028,2026-09-30,CC03,F03028,10.1,4.13
COL-0930-CC03-029,2026-09-30,CC03,F03029,2.9,3.59
COL-0930-CC03-030,2026-09-30,CC03,F03030,16.0,3.86
COL-0930-CC03-031,2026-09-30,CC03,F03031,15.0,3.55
COL-0930-CC04-000,2026-09-30,CC04,F04000,17.8,4.22
COL-0930-CC04-001,2026-09-30,CC04,F04001,51.0,3.59
COL-0930-CC04-002,2026-09-30,CC04,F04002,23.9,3.89
COL-0930-CC04-003,2026-09-30,CC04,F04003,52.9,3.9
COL-0930-CC04-004,2026-09-30,CC04,F04004,55.2,3.78
COL-0930-CC04-005,2026-09-30,CC04,F04005,50.5,3.32
COL-0930-CC04-006,2026-09-30,CC04,F04006,32.0,3.84
COL-0930-CC04-007,2026-09-30,CC04,F04007,21.2,4.01
COL-0930-CC04-008,2026-09-30,CC04,F04008,21.8,3.86
COL-0930-CC04-009,2026-09-30,CC04,F04009,43.2,3.91
COL-0930-CC04-010,2026-09-30,CC04,F04010,12.1,4.34
COL-0930-CC04-011,2026-09-30,CC04,F04011,20.8,3.76
COL-0930-CC04-012,2026-09-30,CC04,F04012,33.8,4.07
COL-0930-CC04-013,2026-09-30,CC04,F04013,42.8,3.53
COL-0930-CC04-014,2026-09-30,CC04,F04014,19.7,3.7
COL-0930-CC04-015,2026-09-30,CC04,F04015,17.2,3.37
COL-0930-CC04-016,2026-09-30,CC04,F04016,23.2,4.18
COL-0930-CC04-017,2026-09-30,CC04,F04017,35.8,3.64
COL-0930-CC04-018,2026-09-30,CC04,F04018,25.0,3.49
COL-0930-CC04-019,2026-09-30,CC04,F04019,48.6,3.97
COL-0930-CC04-020,2026-09-30,CC04,F04020,27.9,3.44
COL-0930-CC04-021,2026-09-30,CC04,F04021,12.1,3.56
COL-0930-CC04-022,2026-09-30,CC04,F04022,20.4,3.75
COL-0930-CC04-023,2026-09-30,CC04,F04023,32.1,3.83
COL-0930-CC04-024,2026-09-30,CC04,F04024,41.9,4.06
COL-0930-CC04-025,2026-09-30,CC04,F04025,40.9,3.56
COL-0930-CC04-026,2026-09-30,CC04,F04026,4.5,3.73
COL-0930-CC04-027,2026-09-30,CC04,F04027,24.9,3.86
COL-0930-CC04-028,2026-09-30,CC04,F04028,23.7,3.62
COL-0930-CC04-029,2026-09-30,CC04,F04029,10.2,3.65
COL-0930-CC04-030,2026-09-30,CC04,F04030,26.3,4.33
COL-0930-CC04-031,2026-09-30,CC04,F04031,27.7,3.92
COL-0930-CC04-032,2026-09-30,CC04,F04032,68.5,3.9
COL-0930-CC04-033,2026-09-30,CC04,F04033,18.9,4.31
COL-0930-CC04-034,2026-09-30,CC04,F04034,12.5,3.95
COL-0930-CC04-035,2026-09-30,CC04,F04035,25.0,4.16
COL-0930-CC04-036,2026-09-30,CC04,F04036,4.5,3.69
COL-0930-CC04-037,2026-09-30,CC04,F04037,35.9,4.13
COL-0930-CC04-038,2026-09-30,CC04,F04038,28.3,4.01
COL-0930-CC04-039,2026-09-30,CC04,F04039,26.7,3.39
COL-0930-CC04-040,2026-09-30,CC04,F04040,15.9,4.08
COL-0930-CC04-041,2026-09-30,CC04,F04041,47.0,4.32
COL-0930-CC04-042,2026-09-30,CC04,F04042,51.1,3.66
COL-0930-CC04-043,2026-09-30,CC04,F04043,19.5,3.79
COL-0930-CC04-044,2026-09-30,CC04,F04044,40.3,4.19
COL-0930-CC04-045,2026-09-30,CC04,F04045,52.1,3.34
COL-0930-CC05-000,2026-09-30,CC05,F05000,48.0,3.39
COL-0930-CC05-001,2026-09-30,CC05,F05001,27.5,3.27
COL-0930-CC05-002,2026-09-30,CC05,F05002,30.4,3.99
COL-0930-CC05-003,2026-09-30,CC05,F05003,22.3,3.93
COL-0930-CC05-004,2026-09-30,CC05,F05004,41.5,4.11
COL-0930-CC05-005,2026-09-30,CC05,F05005,24.5,3.71
COL-0930-CC05-006,2026-09-30,CC05,F05006,41.2,4.42
COL-0930-CC05-007,2026-09-30,CC05,F05007,23.4,4.18
COL-0930-CC05-008,2026-09-30,CC05,F05008,60.9,3.43
COL-0930-CC05-009,2026-09-30,CC05,F05009,30.8,3.93
COL-0930-CC05-010,2026-09-30,CC05,F05010,15.2,4.02
COL-0930-CC05-011,2026-09-30,CC05,F05011,51.7,3.64
COL-0930-CC05-012,2026-09-30,CC05,F05012,24.6,3.62
COL-0930-CC05-013,2026-09-30,CC05,F05013,14.2,3.34
COL-0930-CC05-014,2026-09-30,CC05,F05014,29.0,3.73
COL-0930-CC05-015,2026-09-30,CC05,F05015,27.3,3.72
COL-0930-CC05-016,2026-09-30,CC05,F05016,23.3,3.56
COL-0930-CC05-017,2026-09-30,CC05,F05017,24.4,3.84
COL-0930-CC05-018,2026-09-30,CC05,F05018,22.0,3.34
COL-0930-CC05-019,2026-09-30,CC05,F05019,12.6,4.31
COL-0930-CC05-020,2026-09-30,CC05,F05020,16.5,3.41
COL-0930-CC05-021,2026-09-30,CC05,F05021,33.8,3.78
COL-0930-CC05-022,2026-09-30,CC05,F05022,13.9,3.68
COL-0930-CC05-023,2026-09-30,CC05,F05023,20.0,4.39
COL-0930-CC05-024,2026-09-30,CC05,F05024,20.4,4.08
COL-0930-CC05-025,2026-09-30,CC05,F05025,13.5,4.17
COL-0930-CC05-026,2026-09-30,CC05,F05026,41.5,3.59
COL-0930-CC05-027,2026-09-30,CC05,F05027,51.2,4.24
COL-0930-CC05-028,2026-09-30,CC05,F05028,17.6,3.35
COL-0930-CC05-029,2026-09-30,CC05,F05029,9.9,3.27
COL-0930-CC05-030,2026-09-30,CC05,F05030,45.9,3.97
COL-0930-CC05-031,2026-09-30,CC05,F05031,41.6,4.08
COL-0930-CC05-032,2026-09-30,CC05,F05032,28.0,3.52
COL-0930-CC05-033,2026-09-30,CC05,F05033,59.0,4.12
COL-0930-CC05-034,2026-09-30,CC05,F05034,22.7,4.3
COL-0930-CC06-000,2026-09-30,CC06,F06000,26.7,4.05
COL-0930-CC06-001,2026-09-30,CC06,F06001,63.6,4.11
COL-0930-CC06-002,2026-09-30,CC06,F06002,32.8,3.96
COL-0930-CC06-003,2026-09-30,CC06,F06003,35.0,4.06
COL-0930-CC06-004,2026-09-30,CC06,F06004,14.6,3.88
COL-0930-CC06-005,2026-09-30,CC06,F06005,20.8,3.54
COL-0930-CC06-006,2026-09-30,CC06,F06006,39.7,3.51
COL-0930-CC06-007,2026-09-30,CC06,F06007,64.8,3.7
COL-0930-CC06-008,2026-09-30,CC06,F06008,54.1,3.56
COL-0930-CC06-009,2026-09-30,CC06,F06009,18.8,4.21
COL-0930-CC06-010,2026-09-30,CC06,F06010,22.8,3.58
COL-0930-CC06-011,2026-09-30,CC06,F06011,14.5,3.97
COL-0930-CC06-012,2026-09-30,CC06,F06012,37.9,3.74
COL-0930-CC06-013,2026-09-30,CC06,F06013,24.0,3.51
COL-0930-CC06-014,2026-09-30,CC06,F06014,52.6,3.93
COL-0930-CC06-015,2026-09-30,CC06,F06015,60.1,3.57
COL-0930-CC06-016,2026-09-30,CC06,F06016,27.8,4.08
COL-0930-CC06-017,2026-09-30,CC06,F06017,55.0,3.66
COL-0930-CC06-018,2026-09-30,CC06,F06018,31.0,3.59
COL-0930-CC06-019,2026-09-30,CC06,F06019,15.0,4.26
COL-0930-CC06-020,2026-09-30,CC06,F06020,31.7,3.93
COL-0930-CC06-021,2026-09-30,CC06,F06021,22.5,4.08
COL-0930-CC06-022,2026-09-30,CC06,F06022,23.1,3.79
COL-0930-CC06-023,2026-09-30,CC06,F06023,44.3,3.85
COL-0930-CC06-024,2026-09-30,CC06,F06024,28.8,3.66
COL-0930-CC06-025,2026-09-30,CC06,F06025,74.6,3.55
COL-0930-CC06-026,2026-09-30,CC06,F06026,34.3,4.28
COL-0930-CC06-027,2026-09-30,CC06,F06027,5.1,3.52
COL-0930-CC06-028,2026-09-30,CC06,F06028,82.3,3.59
COL-0930-CC06-029,2026-09-30,CC06,F06029,45.2,4.07
COL-0930-CC06-030,2026-09-30,CC06,F06030,54.7,4.01
COL-0930-CC06-031,2026-09-30,CC06,F06031,46.7,3.43
COL-0930-CC06-032,2026-09-30,CC06,F06032,18.1,3.35
COL-0930-CC06-033,2026-09-30,CC06,F06033,70.0,3.58
COL-0930-CC06-034,2026-09-30,CC06,F06034,27.2,3.73
COL-0930-CC06-035,2026-09-30,CC06,F06035,32.3,4.04
COL-0930-CC06-036,2026-09-30,CC06,F06036,59.2,3.89
COL-0930-CC06-037,2026-09-30,CC06,F06037,32.0,3.24
COL-0930-CC06-038,2026-09-30,CC06,F06038,14.4,3.94
COL-0930-CC06-039,2026-09-30,CC06,F06039,7.4,3.65
COL-0930-CC06-040,2026-09-30,CC06,F06040,21.0,3.87
COL-0930-CC06-041,2026-09-30,CC06,F06041,22.8,3.62
COL-0930-CC06-042,2026-09-30,CC06,F06042,63.4,4.0
COL-0930-CC06-043,2026-09-30,CC06,F06043,33.3,3.68
COL-0930-CC06-044,2026-09-30,CC06,F06044,21.2,3.99
COL-0930-CC06-045,2026-09-30,CC06,F06045,36.6,3.59
COL-0930-CC06-046,2026-09-30,CC06,F06046,51.8,4.1
COL-0930-CC06-047,2026-09-30,CC06,F06047,17.0,3.2
COL-0930-CC07-000,2026-09-30,CC07,F07000,25.2,3.82
COL-0930-CC07-001,2026-09-30,CC07,F07001,16.1,3.93
COL-0930-CC07-002,2026-09-30,CC07,F07002,56.1,3.7
COL-0930-CC07-003,2026-09-30,CC07,F07003,24.8,3.9
COL-0930-CC07-004,2026-09-30,CC07,F07004,64.6,3.25
COL-0930-CC07-005,2026-09-30,CC07,F07005,83.2,3.71
COL-0930-CC07-006,2026-09-30,CC07,F07006,26.9,3.55
COL-0930-CC07-007,2026-09-30,CC07,F07007,28.6,3.22
COL-0930-CC07-008,2026-09-30,CC07,F07008,57.5,3.65
COL-0930-CC07-009,2026-09-30,CC07,F07009,27.1,3.71
COL-0930-CC07-010,2026-09-30,CC07,F07010,26.8,3.82
COL-0930-CC07-011,2026-09-30,CC07,F07011,56.6,4.25
COL-0930-CC07-012,2026-09-30,CC07,F07012,25.1,3.73
COL-0930-CC07-013,2026-09-30,CC07,F07013,27.7,3.48
COL-0930-CC07-014,2026-09-30,CC07,F07014,21.2,3.39
COL-0930-CC07-015,2026-09-30,CC07,F07015,39.9,3.76
COL-0930-CC07-016,2026-09-30,CC07,F07016,17.5,3.58
COL-0930-CC07-017,2026-09-30,CC07,F07017,39.5,3.83
COL-0930-CC07-018,2026-09-30,CC07,F07018,39.5,4.01
COL-0930-CC07-019,2026-09-30,CC07,F07019,26.2,3.61
COL-0930-CC07-020,2026-09-30,CC07,F07020,17.2,4.21
COL-0930-CC07-021,2026-09-30,CC07,F07021,9.8,3.65
COL-0930-CC07-022,2026-09-30,CC07,F07022,37.2,3.88
COL-0930-CC07-023,2026-09-30,CC07,F07023,24.3,3.94
COL-0930-CC07-024,2026-09-30,CC07,F07024,31.1,4.01
COL-0930-CC07-025,2026-09-30,CC07,F07025,20.0,4.4
COL-0930-CC07-026,2026-09-30,CC07,F07026,31.8,3.72
COL-0930-CC07-027,2026-09-30,CC07,F07027,27.4,4.17
COL-0930-CC07-028,2026-09-30,CC07,F07028,69.8,3.58
COL-0930-CC07-029,2026-09-30,CC07,F07029,27.9,4.07
COL-0930-CC07-030,2026-09-30,CC07,F07030,26.9,4.15
COL-0930-CC07-031,2026-09-30,CC07,F07031,27.3,3.93
COL-0930-CC07-032,2026-09-30,CC07,F07032,23.5,3.64
COL-0930-CC07-033,2026-09-30,CC07,F07033,14.1,3.57
COL-0930-CC07-034,2026-09-30,CC07,F07034,34.4,4.36
COL-0930-CC07-035,2026-09-30,CC07,F07035,35.1,4.02
COL-0930-CC07-036,2026-09-30,CC07,F07036,32.3,3.62
COL-0930-CC08-000,2026-09-30,CC08,F08000,35.5,3.75
COL-0930-CC08-001,2026-09-30,CC08,F08001,57.0,4.02
COL-0930-CC08-002,2026-09-30,CC08,F08002,30.6,3.88
COL-0930-CC08-003,2026-09-30,CC08,F08003,25.0,4.21
COL-0930-CC08-004,2026-09-30,CC08,F08004,29.2,3.57
COL-0930-CC08-005,2026-09-30,CC08,F08005,35.3,4.36
COL-0930-CC08-006,2026-09-30,CC08,F08006,24.8,3.45
COL-0930-CC08-007,2026-09-30,CC08,F08007,40.1,3.68
COL-0930-CC08-008,2026-09-30,CC08,F08008,19.6,3.69
COL-0930-CC08-009,2026-09-30,CC08,F08009,34.8,3.65
COL-0930-CC08-010,2026-09-30,CC08,F08010,8.3,3.54
COL-0930-CC08-011,2026-09-30,CC08,F08011,26.9,3.75
COL-0930-CC08-012,2026-09-30,CC08,F08012,40.5,3.94
COL-0930-CC08-013,2026-09-30,CC08,F08013,30.4,3.26
COL-0930-CC08-014,2026-09-30,CC08,F08014,13.9,3.25
COL-0930-CC08-015,2026-09-30,CC08,F08015,16.2,4.08
COL-0930-CC08-016,2026-09-30,CC08,F08016,31.3,3.83
COL-0930-CC08-017,2026-09-30,CC08,F08017,74.4,3.63
COL-0930-CC08-018,2026-09-30,CC08,F08018,22.1,4.2
COL-0930-CC08-019,2026-09-30,CC08,F08019,42.9,4.15
COL-0930-CC08-020,2026-09-30,CC08,F08020,43.1,4.24
COL-0930-CC08-021,2026-09-30,CC08,F08021,12.6,3.49
COL-0930-CC08-022,2026-09-30,CC08,F08022,40.7,3.71
COL-0930-CC08-023,2026-09-30,CC08,F08023,30.4,4.52
COL-0930-CC08-024,2026-09-30,CC08,F08024,33.3,3.98
COL-0930-CC08-025,2026-09-30,CC08,F08025,52.9,3.88
COL-0930-CC08-026,2026-09-30,CC08,F08026,43.0,4.0
COL-0930-CC08-027,2026-09-30,CC08,F08027,14.9,3.61
COL-0930-CC08-028,2026-09-30,CC08,F08028,9.9,3.02
COL-0930-CC08-029,2026-09-30,CC08,F08029,57.6,3.71
COL-0930-CC08-030,2026-09-30,CC08,F08030,51.4,3.74
